EntityID,Sample,Alias,SantosID,EntityType,MetadataGeneration,PedigreeGeneration,Brood,Sex,Parent1,Parent2,Parent1Alias,Parent2Alias,CandidateParent1,CandidateParent2,CandidateParent1Alias,CandidateParent2Alias,ObservedParentState,EvidenceStatus,MissingBiologicalParentCount,Notes,InferenceModel,EvidencePolicy,EvidenceTier,Parent1EvidenceTier,Parent2EvidenceTier,PairBootstrapFraction,FatherBootstrapFraction,MotherBootstrapFraction,PairAlternatives95,Parent1Alternatives95,Parent2Alternatives95,ParentCountMAPState,ParentCountStateUsedAsTierGate,UnresolvedObservedParentIdentityCount,Parent1BootstrapFraction,HandoffView,F2RecordedF1ParentGuarantee,ForcedCompleteOnly,HandoffInterpretation
LATENT_G0_SHARED,,LATENT_G0_SHARED,,abstract_unsequenced_founder,,G0,,U,,,,,,,,,founder,reported_three_founder_design_identity_unresolved,0.0,Abstract founder identity; not equated with either sequenced G0-labelled fish,,,,,,,,,,,,,,,,tier_B,,False,
LATENT_G0_B1_SPECIFIC,,LATENT_G0_B1_SPECIFIC,,abstract_unsequenced_founder,,G0,,U,,,,,,,,,founder,reported_three_founder_design_identity_unresolved,0.0,Abstract founder identity; not equated with either sequenced G0-labelled fish,,,,,,,,,,,,,,,,tier_B,,False,
LATENT_G0_B2_SPECIFIC,,LATENT_G0_B2_SPECIFIC,,abstract_unsequenced_founder,,G0,,U,,,,,,,,,founder,reported_three_founder_design_identity_unresolved,0.0,Abstract founder identity; not equated with either sequenced G0-labelled fish,,,,,,,,,,,,,,,,tier_B,,False,
2021cicX11218795,2021cicX11218795,fAulAsc1,AA01,sequenced_individual,F2,F2,,M,2021cicX11218969,2021cicX11218971,fAulAsc151,fAulAsc153,2021cicX11218969,2021cicX11218971,fAulAsc151,fAulAsc153,two_observed_parent_working_hypothesis,B_both_parent_identities_pair_ambiguous,,"No real individual-level trio ground truth is available; tier labels describe relative identity stability conditional on the eligible candidate panel, not absolute parent presence. Blank fields mean unresolved or unsequenced rather than biological absence.",all_marker_phase_invariant_plus_reset_aware_linkage_parent_GL_conditioned,tier_B_or_better,B_both_parent_identities_pair_ambiguous,B,B,0.455,0.7330000000000001,0.7105,fAulAsc151+fAulAsc153:0.455;fAulAsc151+fAulAsc154:0.278;fAulAsc155+fAulAsc153:0.179;fAulAsc150+fAulAsc153:0.038,fAulAsc151:0.733;fAulAsc155:0.191;fAulAsc150:0.038,fAulAsc153:0.711;fAulAsc154:0.290,mother_only,False,0.0,,tier_B,independently_supplied_by_cross_users,False,parent identities ranked within an independently guaranteed complete 14-pair recorded-F1 candidate panel
2021cicX11218796,2021cicX11218796,fAulAsc2,AA02,sequenced_individual,F2,F2,,M,2021cicX11218975,2021cicX11218972,fAulAsc157,fAulAsc154,2021cicX11218975,2021cicX11218972,fAulAsc157,fAulAsc154,two_observed_parent_working_hypothesis,B_exact_pair,,"No real individual-level trio ground truth is available; tier labels describe relative identity stability conditional on the eligible candidate panel, not absolute parent presence. Blank fields mean unresolved or unsequenced rather than biological absence.",all_marker_phase_invariant_plus_reset_aware_linkage_parent_GL_conditioned,tier_B_or_better,B_exact_pair,A,B,0.82375,0.95275,0.8694999999999999,fAulAsc157+fAulAsc154:0.824;fAulAsc157+fAulAsc153:0.129,fAulAsc157:0.953,fAulAsc154:0.869;fAulAsc153:0.131,zero_parent,False,0.0,,tier_B,independently_supplied_by_cross_users,False,parent identities ranked within an independently guaranteed complete 14-pair recorded-F1 candidate panel
2021cicX11218797,2021cicX11218797,fAulAsc3,AA03,sequenced_individual,F2,F2,,M,2021cicX11218975,2021cicX11218972,fAulAsc157,fAulAsc154,2021cicX11218975,2021cicX11218972,fAulAsc157,fAulAsc154,two_observed_parent_working_hypothesis,B_both_parent_identities_pair_ambiguous,,"No real individual-level trio ground truth is available; tier labels describe relative identity stability conditional on the eligible candidate panel, not absolute parent presence. Blank fields mean unresolved or unsequenced rather than biological absence.",all_marker_phase_invariant_plus_reset_aware_linkage_parent_GL_conditioned,tier_B_or_better,B_both_parent_identities_pair_ambiguous,B,B,0.474,0.8135,0.5812499999999999,fAulAsc157+fAulAsc154:0.474;fAulAsc157+fAulAsc153:0.340;fAulAsc158+fAulAsc154:0.104;fAulAsc158+fAulAsc153:0.079,fAulAsc157:0.814;fAulAsc158:0.182,fAulAsc154:0.581;fAulAsc153:0.419,zero_parent,False,0.0,,tier_B,independently_supplied_by_cross_users,False,parent identities ranked within an independently guaranteed complete 14-pair recorded-F1 candidate panel
2021cicX11218798,2021cicX11218798,fAulAsc4,AA04,sequenced_individual,F2,F2,,M,2021cicX11218975,2021cicX11218971,fAulAsc157,fAulAsc153,2021cicX11218975,2021cicX11218971,fAulAsc157,fAulAsc153,two_observed_parent_working_hypothesis,B_exact_pair,,"No real individual-level trio ground truth is available; tier labels describe relative identity stability conditional on the eligible candidate panel, not absolute parent presence. Blank fields mean unresolved or unsequenced rather than biological absence.",all_marker_phase_invariant_plus_reset_aware_linkage_parent_GL_conditioned,tier_B_or_better,B_exact_pair,B,B,0.691,0.8407499999999999,0.78125,fAulAsc157+fAulAsc153:0.691;fAulAsc157+fAulAsc154:0.150;fAulAsc158+fAulAsc153:0.090;fAulAsc158+fAulAsc154:0.069,fAulAsc157:0.841;fAulAsc158:0.159,fAulAsc153:0.781;fAulAsc154:0.219,father_only,False,0.0,,tier_B,independently_supplied_by_cross_users,False,parent identities ranked within an independently guaranteed complete 14-pair recorded-F1 candidate panel
2021cicX11218799,2021cicX11218799,fAulAsc5,AA05,sequenced_individual,F2,F2,,M,,,,,2021cicX11218976,2021cicX11218972,fAulAsc158,fAulAsc154,observed_parent_identity_unresolved,C_complete_working_hypothesis,,"No real individual-level trio ground truth is available; tier labels describe relative identity stability conditional on the eligible candidate panel, not absolute parent presence. Blank fields mean unresolved or unsequenced rather than biological absence.",all_marker_phase_invariant_plus_reset_aware_linkage_parent_GL_conditioned,tier_B_or_better,C_complete_working_hypothesis,C,C,0.3805,0.4815,0.62375,fAulAsc158+fAulAsc154:0.381;fAulAsc157+fAulAsc153:0.275;fAulAsc157+fAulAsc154:0.243;fAulAsc158+fAulAsc153:0.101,fAulAsc157:0.518;fAulAsc158:0.482,fAulAsc154:0.624;fAulAsc153:0.376,zero_parent,False,2.0,,tier_B,independently_supplied_by_cross_users,False,parent identities ranked within an independently guaranteed complete 14-pair recorded-F1 candidate panel
2021cicX11218800,2021cicX11218800,fAulAsc6,AA06,sequenced_individual,F2,F2,,M,,,,,2021cicX11218976,2021cicX11218972,fAulAsc158,fAulAsc154,observed_parent_identity_unresolved,C_complete_working_hypothesis,,"No real individual-level trio ground truth is available; tier labels describe relative identity stability conditional on the eligible candidate panel, not absolute parent presence. Blank fields mean unresolved or unsequenced rather than biological absence.",all_marker_phase_invariant_plus_reset_aware_linkage_parent_GL_conditioned,tier_B_or_better,C_complete_working_hypothesis,C,C,0.43575,0.623,0.5295000000000001,fAulAsc158+fAulAsc154:0.436;fAulAsc157+fAulAsc153:0.282;fAulAsc158+fAulAsc153:0.187;fAulAsc157+fAulAsc154:0.086,fAulAsc158:0.623;fAulAsc157:0.368,fAulAsc154:0.530;fAulAsc153:0.470,zero_parent,False,2.0,,tier_B,independently_supplied_by_cross_users,False,parent identities ranked within an independently guaranteed complete 14-pair recorded-F1 candidate panel
2021cicX11218801,2021cicX11218801,fAulAsc7,AA07,sequenced_individual,F2,F2,,M,2021cicX11218976,2021cicX11218971,fAulAsc158,fAulAsc153,2021cicX11218976,2021cicX11218971,fAulAsc158,fAulAsc153,two_observed_parent_working_hypothesis,B_exact_pair,,"No real individual-level trio ground truth is available; tier labels describe relative identity stability conditional on the eligible candidate panel, not absolute parent presence. Blank fields mean unresolved or unsequenced rather than biological absence.",all_marker_phase_invariant_plus_reset_aware_linkage_parent_GL_conditioned,tier_B_or_better,B_exact_pair,B,B,0.8115,0.8875,0.81275,fAulAsc158+fAulAsc153:0.811;fAulAsc157+fAulAsc154:0.111;fAulAsc158+fAulAsc154:0.076,fAulAsc158:0.887;fAulAsc157:0.112,fAulAsc153:0.813;fAulAsc154:0.187,zero_parent,False,0.0,,tier_B,independently_supplied_by_cross_users,False,parent identities ranked within an independently guaranteed complete 14-pair recorded-F1 candidate panel
2021cicX11218802,2021cicX11218802,fAulAsc8,AA08,sequenced_individual,F2,F2,,M,2021cicX11218976,2021cicX11218972,fAulAsc158,fAulAsc154,2021cicX11218976,2021cicX11218972,fAulAsc158,fAulAsc154,two_observed_parent_working_hypothesis,B_exact_pair,,"No real individual-level trio ground truth is available; tier labels describe relative identity stability conditional on the eligible candidate panel, not absolute parent presence. Blank fields mean unresolved or unsequenced rather than biological absence.",all_marker_phase_invariant_plus_reset_aware_linkage_parent_GL_conditioned,tier_B_or_better,B_exact_pair,A,B,0.74425,0.99075,0.748,fAulAsc158+fAulAsc154:0.744;fAulAsc158+fAulAsc153:0.246,fAulAsc158:0.991,fAulAsc154:0.748;fAulAsc153:0.252,zero_parent,False,0.0,,tier_B,independently_supplied_by_cross_users,False,parent identities ranked within an independently guaranteed complete 14-pair recorded-F1 candidate panel
2021cicX11218803,2021cicX11218803,fAulAsc9,AA09,sequenced_individual,F2,F2,,M,2021cicX11218969,2021cicX11218972,fAulAsc151,fAulAsc154,2021cicX11218969,2021cicX11218972,fAulAsc151,fAulAsc154,two_observed_parent_working_hypothesis,B_exact_pair,,"No real individual-level trio ground truth is available; tier labels describe relative identity stability conditional on the eligible candidate panel, not absolute parent presence. Blank fields mean unresolved or unsequenced rather than biological absence.",all_marker_phase_invariant_plus_reset_aware_linkage_parent_GL_conditioned,tier_B_or_better,B_exact_pair,A,B,0.8025,0.9895,0.813,fAulAsc151+fAulAsc154:0.802;fAulAsc151+fAulAsc153:0.187,fAulAsc151:0.990,fAulAsc154:0.813;fAulAsc153:0.187,father_only,False,0.0,,tier_B,independently_supplied_by_cross_users,False,parent identities ranked within an independently guaranteed complete 14-pair recorded-F1 candidate panel
2021cicX11218804,2021cicX11218804,fAulAsc10,AA10,sequenced_individual,F2,F2,,M,2021cicX11218969,2021cicX11218972,fAulAsc151,fAulAsc154,2021cicX11218969,2021cicX11218972,fAulAsc151,fAulAsc154,two_observed_parent_working_hypothesis,B_exact_pair,,"No real individual-level trio ground truth is available; tier labels describe relative identity stability conditional on the eligible candidate panel, not absolute parent presence. Blank fields mean unresolved or unsequenced rather than biological absence.",all_marker_phase_invariant_plus_reset_aware_linkage_parent_GL_conditioned,tier_B_or_better,B_exact_pair,A,A,0.94725,0.97375,0.96375,fAulAsc151+fAulAsc154:0.947;fAulAsc151+fAulAsc153:0.026,fAulAsc151:0.974,fAulAsc154:0.964,father_only,False,0.0,,tier_B,independently_supplied_by_cross_users,False,parent identities ranked within an independently guaranteed complete 14-pair recorded-F1 candidate panel
2021cicX11218805,2021cicX11218805,fAulAsc11,AA11,sequenced_individual,F2,F2,,M,,,,,2021cicX11218976,2021cicX11218972,fAulAsc158,fAulAsc154,observed_parent_identity_unresolved,C_complete_working_hypothesis,,"No real individual-level trio ground truth is available; tier labels describe relative identity stability conditional on the eligible candidate panel, not absolute parent presence. Blank fields mean unresolved or unsequenced rather than biological absence.",all_marker_phase_invariant_plus_reset_aware_linkage_parent_GL_conditioned,tier_B_or_better,C_complete_working_hypothesis,C,C,0.594,0.59525,0.60525,fAulAsc158+fAulAsc154:0.594;fAulAsc157+fAulAsc153:0.394,fAulAsc158:0.595;fAulAsc157:0.405,fAulAsc154:0.605;fAulAsc153:0.395,zero_parent,False,2.0,,tier_B,independently_supplied_by_cross_users,False,parent identities ranked within an independently guaranteed complete 14-pair recorded-F1 candidate panel
2021cicX11218806,2021cicX11218806,fAulAsc12,AA12,sequenced_individual,F2,F2,,M,2021cicX11218969,2021cicX11218972,fAulAsc151,fAulAsc154,2021cicX11218969,2021cicX11218972,fAulAsc151,fAulAsc154,two_observed_parent_working_hypothesis,B_exact_pair,,"No real individual-level trio ground truth is available; tier labels describe relative identity stability conditional on the eligible candidate panel, not absolute parent presence. Blank fields mean unresolved or unsequenced rather than biological absence.",all_marker_phase_invariant_plus_reset_aware_linkage_parent_GL_conditioned,tier_B_or_better,B_exact_pair,A,B,0.68625,0.98425,0.6985,fAulAsc151+fAulAsc154:0.686;fAulAsc151+fAulAsc153:0.298,fAulAsc151:0.984,fAulAsc154:0.699;fAulAsc153:0.301,zero_parent,False,0.0,,tier_B,independently_supplied_by_cross_users,False,parent identities ranked within an independently guaranteed complete 14-pair recorded-F1 candidate panel
2021cicX11218807,2021cicX11218807,fAulAsc13,AA13,sequenced_individual,F2,F2,,M,2021cicX11218969,2021cicX11218971,fAulAsc151,fAulAsc153,2021cicX11218969,2021cicX11218971,fAulAsc151,fAulAsc153,two_observed_parent_working_hypothesis,A_exact_pair,,"No real individual-level trio ground truth is available; tier labels describe relative identity stability conditional on the eligible candidate panel, not absolute parent presence. Blank fields mean unresolved or unsequenced rather than biological absence.",all_marker_phase_invariant_plus_reset_aware_linkage_parent_GL_conditioned,tier_B_or_better,A_exact_pair,A,A,0.98475,0.98475,0.99975,fAulAsc151+fAulAsc153:0.985,fAulAsc151:0.985,fAulAsc153:1.000,father_only,False,0.0,,tier_B,independently_supplied_by_cross_users,False,parent identities ranked within an independently guaranteed complete 14-pair recorded-F1 candidate panel
2021cicX11218808,2021cicX11218808,fAulAsc14,AA14,sequenced_individual,F2,F2,,M,2021cicX11218969,,fAulAsc151,,2021cicX11218969,2021cicX11218971,fAulAsc151,fAulAsc153,one_observed_parent_reported,A_one_parent_identity,,"No real individual-level trio ground truth is available; tier labels describe relative identity stability conditional on the eligible candidate panel, not absolute parent presence. Blank fields mean unresolved or unsequenced rather than biological absence.",all_marker_phase_invariant_plus_reset_aware_linkage_parent_GL_conditioned,tier_B_or_better,A_one_parent_identity,A,C,0.55225,0.97025,0.565,fAulAsc151+fAulAsc153:0.552;fAulAsc151+fAulAsc154:0.418,fAulAsc151:0.970,fAulAsc153:0.565;fAulAsc154:0.435,father_only,False,1.0,,tier_B,independently_supplied_by_cross_users,False,parent identities ranked within an independently guaranteed complete 14-pair recorded-F1 candidate panel
2021cicX11218809,2021cicX11218809,fAulAsc15,AA15,sequenced_individual,F2,F2,,M,,2021cicX11218972,,fAulAsc154,2021cicX11218975,2021cicX11218972,fAulAsc157,fAulAsc154,one_observed_parent_reported,A_one_parent_identity,,"No real individual-level trio ground truth is available; tier labels describe relative identity stability conditional on the eligible candidate panel, not absolute parent presence. Blank fields mean unresolved or unsequenced rather than biological absence.",all_marker_phase_invariant_plus_reset_aware_linkage_parent_GL_conditioned,tier_B_or_better,A_one_parent_identity,C,A,0.5025,0.5025,0.96375,fAulAsc157+fAulAsc154:0.502;fAulAsc158+fAulAsc154:0.461,fAulAsc157:0.502;fAulAsc158:0.497,fAulAsc154:0.964,zero_parent,False,1.0,,tier_B,independently_supplied_by_cross_users,False,parent identities ranked within an independently guaranteed complete 14-pair recorded-F1 candidate panel
2021cicX11218810,2021cicX11218810,fAulAsc16,AA16,sequenced_individual,F2,F2,,M,2021cicX11218976,2021cicX11218972,fAulAsc158,fAulAsc154,2021cicX11218976,2021cicX11218972,fAulAsc158,fAulAsc154,two_observed_parent_working_hypothesis,B_both_parent_identities_pair_ambiguous,,"No real individual-level trio ground truth is available; tier labels describe relative identity stability conditional on the eligible candidate panel, not absolute parent presence. Blank fields mean unresolved or unsequenced rather than biological absence.",all_marker_phase_invariant_plus_reset_aware_linkage_parent_GL_conditioned,tier_B_or_better,B_both_parent_identities_pair_ambiguous,B,B,0.48275,0.65125,0.71075,fAulAsc158+fAulAsc154:0.483;fAulAsc157+fAulAsc154:0.228;fAulAsc158+fAulAsc153:0.169;fAulAsc157+fAulAsc153:0.120,fAulAsc158:0.651;fAulAsc157:0.349,fAulAsc154:0.711;fAulAsc153:0.289,zero_parent,False,0.0,,tier_B,independently_supplied_by_cross_users,False,parent identities ranked within an independently guaranteed complete 14-pair recorded-F1 candidate panel
2021cicX11218811,2021cicX11218811,fAulAsc17,AA17,sequenced_individual,F2,F2,,M,2021cicX11218975,,fAulAsc157,,2021cicX11218975,2021cicX11218972,fAulAsc157,fAulAsc154,one_observed_parent_reported,B_one_parent_identity,,"No real individual-level trio ground truth is available; tier labels describe relative identity stability conditional on the eligible candidate panel, not absolute parent presence. Blank fields mean unresolved or unsequenced rather than biological absence.",all_marker_phase_invariant_plus_reset_aware_linkage_parent_GL_conditioned,tier_B_or_better,B_one_parent_identity,B,C,0.53,0.74075,0.7110000000000001,fAulAsc157+fAulAsc154:0.530;fAulAsc157+fAulAsc153:0.211;fAulAsc158+fAulAsc154:0.181;fAulAsc158+fAulAsc153:0.078,fAulAsc157:0.741;fAulAsc158:0.259,fAulAsc154:0.711;fAulAsc153:0.289,zero_parent,False,1.0,,tier_B,independently_supplied_by_cross_users,False,parent identities ranked within an independently guaranteed complete 14-pair recorded-F1 candidate panel
2021cicX11218812,2021cicX11218812,fAulAsc18,AA18,sequenced_individual,F2,F2,,M,,,,,2021cicX11218976,2021cicX11218972,fAulAsc158,fAulAsc154,observed_parent_identity_unresolved,C_complete_working_hypothesis,,"No real individual-level trio ground truth is available; tier labels describe relative identity stability conditional on the eligible candidate panel, not absolute parent presence. Blank fields mean unresolved or unsequenced rather than biological absence.",all_marker_phase_invariant_plus_reset_aware_linkage_parent_GL_conditioned,tier_B_or_better,C_complete_working_hypothesis,C,C,0.4585,0.694,0.50275,fAulAsc158+fAulAsc154:0.459;fAulAsc157+fAulAsc153:0.262;fAulAsc158+fAulAsc153:0.235,fAulAsc158:0.694;fAulAsc157:0.306,fAulAsc154:0.503;fAulAsc153:0.497,zero_parent,False,2.0,,tier_B,independently_supplied_by_cross_users,False,parent identities ranked within an independently guaranteed complete 14-pair recorded-F1 candidate panel
2021cicX11218813,2021cicX11218813,fAulAsc19,AA19,sequenced_individual,F2,F2,,M,2021cicX11218975,2021cicX11218972,fAulAsc157,fAulAsc154,2021cicX11218975,2021cicX11218972,fAulAsc157,fAulAsc154,two_observed_parent_working_hypothesis,B_exact_pair,,"No real individual-level trio ground truth is available; tier labels describe relative identity stability conditional on the eligible candidate panel, not absolute parent presence. Blank fields mean unresolved or unsequenced rather than biological absence.",all_marker_phase_invariant_plus_reset_aware_linkage_parent_GL_conditioned,tier_B_or_better,B_exact_pair,B,B,0.56075,0.5612499999999999,0.8819999999999999,fAulAsc157+fAulAsc154:0.561;fAulAsc158+fAulAsc154:0.321;fAulAsc158+fAulAsc153:0.117,fAulAsc157:0.561;fAulAsc158:0.439,fAulAsc154:0.882;fAulAsc153:0.118,zero_parent,False,0.0,,tier_B,independently_supplied_by_cross_users,False,parent identities ranked within an independently guaranteed complete 14-pair recorded-F1 candidate panel
2021cicX11218814,2021cicX11218814,fAulAsc20,AA20,sequenced_individual,F2,F2,,M,,2021cicX11218972,,fAulAsc154,2021cicX11218975,2021cicX11218972,fAulAsc157,fAulAsc154,one_observed_parent_reported,B_one_parent_identity,,"No real individual-level trio ground truth is available; tier labels describe relative identity stability conditional on the eligible candidate panel, not absolute parent presence. Blank fields mean unresolved or unsequenced rather than biological absence.",all_marker_phase_invariant_plus_reset_aware_linkage_parent_GL_conditioned,tier_B_or_better,B_one_parent_identity,C,B,0.44925,0.44925,0.82975,fAulAsc157+fAulAsc154:0.449;fAulAsc158+fAulAsc154:0.381;fAulAsc158+fAulAsc153:0.168,fAulAsc158:0.549;fAulAsc157:0.449,fAulAsc154:0.830;fAulAsc153:0.170,zero_parent,False,1.0,,tier_B,independently_supplied_by_cross_users,False,parent identities ranked within an independently guaranteed complete 14-pair recorded-F1 candidate panel
2021cicX11218815,2021cicX11218815,fAulAsc21,AA21,sequenced_individual,F2,F2,,M,2021cicX11218969,2021cicX11218972,fAulAsc151,fAulAsc154,2021cicX11218969,2021cicX11218972,fAulAsc151,fAulAsc154,two_observed_parent_working_hypothesis,B_exact_pair,,"No real individual-level trio ground truth is available; tier labels describe relative identity stability conditional on the eligible candidate panel, not absolute parent presence. Blank fields mean unresolved or unsequenced rather than biological absence.",all_marker_phase_invariant_plus_reset_aware_linkage_parent_GL_conditioned,tier_B_or_better,B_exact_pair,B,B,0.699,0.85225,0.7579999999999999,fAulAsc151+fAulAsc154:0.699;fAulAsc151+fAulAsc153:0.153;fAulAsc152+fAulAsc153:0.075;fAulAsc155+fAulAsc154:0.035,fAulAsc151:0.852;fAulAsc152:0.076;fAulAsc155:0.035,fAulAsc154:0.758;fAulAsc153:0.242,zero_parent,False,0.0,,tier_B,independently_supplied_by_cross_users,False,parent identities ranked within an independently guaranteed complete 14-pair recorded-F1 candidate panel
2021cicX11218816,2021cicX11218816,fAulAsc22,AA22,sequenced_individual,F2,F2,,M,2021cicX11218976,,fAulAsc158,,2021cicX11218976,2021cicX11218972,fAulAsc158,fAulAsc154,one_observed_parent_reported,B_one_parent_identity,,"No real individual-level trio ground truth is available; tier labels describe relative identity stability conditional on the eligible candidate panel, not absolute parent presence. Blank fields mean unresolved or unsequenced rather than biological absence.",all_marker_phase_invariant_plus_reset_aware_linkage_parent_GL_conditioned,tier_B_or_better,B_one_parent_identity,B,C,0.3565,0.60775,0.4997499999999999,fAulAsc158+fAulAsc154:0.356;fAulAsc158+fAulAsc153:0.251;fAulAsc157+fAulAsc153:0.249;fAulAsc157+fAulAsc154:0.143,fAulAsc158:0.608;fAulAsc157:0.392,fAulAsc153:0.500;fAulAsc154:0.500,zero_parent,False,1.0,,tier_B,independently_supplied_by_cross_users,False,parent identities ranked within an independently guaranteed complete 14-pair recorded-F1 candidate panel
2021cicX11218817,2021cicX11218817,fAulAsc23,AA23,sequenced_individual,F2,F2,,M,2021cicX11218969,2021cicX11218972,fAulAsc151,fAulAsc154,2021cicX11218969,2021cicX11218972,fAulAsc151,fAulAsc154,two_observed_parent_working_hypothesis,A_exact_pair,,"No real individual-level trio ground truth is available; tier labels describe relative identity stability conditional on the eligible candidate panel, not absolute parent presence. Blank fields mean unresolved or unsequenced rather than biological absence.",all_marker_phase_invariant_plus_reset_aware_linkage_parent_GL_conditioned,tier_B_or_better,A_exact_pair,A,A,1.0,1.0,1.0,fAulAsc151+fAulAsc154:1.000,fAulAsc151:1.000,fAulAsc154:1.000,two_parent,False,0.0,,tier_B,independently_supplied_by_cross_users,False,parent identities ranked within an independently guaranteed complete 14-pair recorded-F1 candidate panel
2021cicX11218818,2021cicX11218818,fAulAsc24,AA24,sequenced_individual,F2,F2,,M,2021cicX11218969,2021cicX11218971,fAulAsc151,fAulAsc153,2021cicX11218969,2021cicX11218971,fAulAsc151,fAulAsc153,two_observed_parent_working_hypothesis,B_both_parent_identities_pair_ambiguous,,"No real individual-level trio ground truth is available; tier labels describe relative identity stability conditional on the eligible candidate panel, not absolute parent presence. Blank fields mean unresolved or unsequenced rather than biological absence.",all_marker_phase_invariant_plus_reset_aware_linkage_parent_GL_conditioned,tier_B_or_better,B_both_parent_identities_pair_ambiguous,B,B,0.44125,0.7222500000000001,0.5185,fAulAsc151+fAulAsc153:0.441;fAulAsc151+fAulAsc154:0.281;fAulAsc155+fAulAsc154:0.184;fAulAsc152+fAulAsc153:0.043;fAulAsc158+fAulAsc153:0.022,fAulAsc151:0.722;fAulAsc155:0.196;fAulAsc152:0.043,fAulAsc153:0.518;fAulAsc154:0.481,zero_parent,False,0.0,,tier_B,independently_supplied_by_cross_users,False,parent identities ranked within an independently guaranteed complete 14-pair recorded-F1 candidate panel
2021cicX11218819,2021cicX11218819,fAulAsc25,AA25,sequenced_individual,F2,F2,,M,2021cicX11218976,2021cicX11218971,fAulAsc158,fAulAsc153,2021cicX11218976,2021cicX11218971,fAulAsc158,fAulAsc153,two_observed_parent_working_hypothesis,B_exact_pair,,"No real individual-level trio ground truth is available; tier labels describe relative identity stability conditional on the eligible candidate panel, not absolute parent presence. Blank fields mean unresolved or unsequenced rather than biological absence.",all_marker_phase_invariant_plus_reset_aware_linkage_parent_GL_conditioned,tier_B_or_better,B_exact_pair,B,B,0.628,0.94775,0.628,fAulAsc158+fAulAsc153:0.628;fAulAsc158+fAulAsc154:0.320;fAulAsc157+fAulAsc154:0.052,fAulAsc158:0.948;fAulAsc157:0.052,fAulAsc153:0.628;fAulAsc154:0.372,zero_parent,False,0.0,,tier_B,independently_supplied_by_cross_users,False,parent identities ranked within an independently guaranteed complete 14-pair recorded-F1 candidate panel
2021cicX11218820,2021cicX11218820,fAulAsc26,AA26,sequenced_individual,F2,F2,,M,2021cicX11218976,2021cicX11218971,fAulAsc158,fAulAsc153,2021cicX11218976,2021cicX11218971,fAulAsc158,fAulAsc153,two_observed_parent_working_hypothesis,B_exact_pair,,"No real individual-level trio ground truth is available; tier labels describe relative identity stability conditional on the eligible candidate panel, not absolute parent presence. Blank fields mean unresolved or unsequenced rather than biological absence.",all_marker_phase_invariant_plus_reset_aware_linkage_parent_GL_conditioned,tier_B_or_better,B_exact_pair,B,B,0.5365,0.8654999999999999,0.5435,fAulAsc158+fAulAsc153:0.536;fAulAsc158+fAulAsc154:0.329;fAulAsc157+fAulAsc154:0.119,fAulAsc158:0.865;fAulAsc157:0.124,fAulAsc153:0.543;fAulAsc154:0.457,zero_parent,False,0.0,,tier_B,independently_supplied_by_cross_users,False,parent identities ranked within an independently guaranteed complete 14-pair recorded-F1 candidate panel
2021cicX11218821,2021cicX11218821,fAulAsc27,AA27,sequenced_individual,F2,F2,,M,,2021cicX11218972,,fAulAsc154,2021cicX11218975,2021cicX11218972,fAulAsc157,fAulAsc154,one_observed_parent_reported,B_one_parent_identity,,"No real individual-level trio ground truth is available; tier labels describe relative identity stability conditional on the eligible candidate panel, not absolute parent presence. Blank fields mean unresolved or unsequenced rather than biological absence.",all_marker_phase_invariant_plus_reset_aware_linkage_parent_GL_conditioned,tier_B_or_better,B_one_parent_identity,C,B,0.549,0.552,0.93325,fAulAsc157+fAulAsc154:0.549;fAulAsc158+fAulAsc154:0.384;fAulAsc158+fAulAsc153:0.064,fAulAsc157:0.552;fAulAsc158:0.448,fAulAsc154:0.933;fAulAsc153:0.067,zero_parent,False,1.0,,tier_B,independently_supplied_by_cross_users,False,parent identities ranked within an independently guaranteed complete 14-pair recorded-F1 candidate panel
2021cicX11218822,2021cicX11218822,fAulAsc28,AA28,sequenced_individual,F2,F2,,M,2021cicX11218969,,fAulAsc151,,2021cicX11218969,2021cicX11218971,fAulAsc151,fAulAsc153,one_observed_parent_reported,B_one_parent_identity,,"No real individual-level trio ground truth is available; tier labels describe relative identity stability conditional on the eligible candidate panel, not absolute parent presence. Blank fields mean unresolved or unsequenced rather than biological absence.",all_marker_phase_invariant_plus_reset_aware_linkage_parent_GL_conditioned,tier_B_or_better,B_one_parent_identity,B,C,0.48675,0.94,0.4895,fAulAsc151+fAulAsc153:0.487;fAulAsc151+fAulAsc154:0.453;fAulAsc150+fAulAsc154:0.057,fAulAsc151:0.940;fAulAsc150:0.057,fAulAsc154:0.510;fAulAsc153:0.489,father_only,False,1.0,,tier_B,independently_supplied_by_cross_users,False,parent identities ranked within an independently guaranteed complete 14-pair recorded-F1 candidate panel
2021cicX11218823,2021cicX11218823,fAulAsc29,AA29,sequenced_individual,F2,F2,,M,2021cicX11218968,2021cicX11218972,fAulAsc150,fAulAsc154,2021cicX11218968,2021cicX11218972,fAulAsc150,fAulAsc154,two_observed_parent_working_hypothesis,A_exact_pair,,"No real individual-level trio ground truth is available; tier labels describe relative identity stability conditional on the eligible candidate panel, not absolute parent presence. Blank fields mean unresolved or unsequenced rather than biological absence.",all_marker_phase_invariant_plus_reset_aware_linkage_parent_GL_conditioned,tier_B_or_better,A_exact_pair,A,A,0.96175,1.0,0.96175,fAulAsc150+fAulAsc154:0.962,fAulAsc150:1.000,fAulAsc154:0.962,father_only,False,0.0,,tier_B,independently_supplied_by_cross_users,False,parent identities ranked within an independently guaranteed complete 14-pair recorded-F1 candidate panel
2021cicX11218824,2021cicX11218824,fAulAsc30,AA30,sequenced_individual,F2,F2,,M,,2021cicX11218972,,fAulAsc154,2021cicX11218976,2021cicX11218972,fAulAsc158,fAulAsc154,one_observed_parent_reported,B_one_parent_identity,,"No real individual-level trio ground truth is available; tier labels describe relative identity stability conditional on the eligible candidate panel, not absolute parent presence. Blank fields mean unresolved or unsequenced rather than biological absence.",all_marker_phase_invariant_plus_reset_aware_linkage_parent_GL_conditioned,tier_B_or_better,B_one_parent_identity,C,B,0.51275,0.75875,0.7372500000000001,fAulAsc158+fAulAsc154:0.513;fAulAsc158+fAulAsc153:0.246;fAulAsc157+fAulAsc154:0.225,fAulAsc158:0.759;fAulAsc157:0.238,fAulAsc154:0.737;fAulAsc153:0.263,zero_parent,False,1.0,,tier_B,independently_supplied_by_cross_users,False,parent identities ranked within an independently guaranteed complete 14-pair recorded-F1 candidate panel
2021cicX11218825,2021cicX11218825,fAulAsc31,AA31,sequenced_individual,F2,F2,,M,,,,,2021cicX11218975,2021cicX11218971,fAulAsc157,fAulAsc153,observed_parent_identity_unresolved,C_complete_working_hypothesis,,"No real individual-level trio ground truth is available; tier labels describe relative identity stability conditional on the eligible candidate panel, not absolute parent presence. Blank fields mean unresolved or unsequenced rather than biological absence.",all_marker_phase_invariant_plus_reset_aware_linkage_parent_GL_conditioned,tier_B_or_better,C_complete_working_hypothesis,C,C,0.453,0.52175,0.54325,fAulAsc157+fAulAsc153:0.453;fAulAsc158+fAulAsc154:0.388;fAulAsc158+fAulAsc153:0.090;fAulAsc157+fAulAsc154:0.069,fAulAsc157:0.522;fAulAsc158:0.478,fAulAsc153:0.543;fAulAsc154:0.457,zero_parent,False,2.0,,tier_B,independently_supplied_by_cross_users,False,parent identities ranked within an independently guaranteed complete 14-pair recorded-F1 candidate panel
2021cicX11218826,2021cicX11218826,fAulAsc32,AA32,sequenced_individual,F2,F2,,M,2021cicX11218975,2021cicX11218972,fAulAsc157,fAulAsc154,2021cicX11218975,2021cicX11218972,fAulAsc157,fAulAsc154,two_observed_parent_working_hypothesis,B_exact_pair,,"No real individual-level trio ground truth is available; tier labels describe relative identity stability conditional on the eligible candidate panel, not absolute parent presence. Blank fields mean unresolved or unsequenced rather than biological absence.",all_marker_phase_invariant_plus_reset_aware_linkage_parent_GL_conditioned,tier_B_or_better,B_exact_pair,B,B,0.7785,0.8005,0.90325,fAulAsc157+fAulAsc154:0.778;fAulAsc158+fAulAsc154:0.124;fAulAsc158+fAulAsc153:0.075,fAulAsc157:0.800;fAulAsc158:0.199,fAulAsc154:0.903;fAulAsc153:0.097,zero_parent,False,0.0,,tier_B,independently_supplied_by_cross_users,False,parent identities ranked within an independently guaranteed complete 14-pair recorded-F1 candidate panel
2021cicX11218827,2021cicX11218827,fAulAsc33,AA33,sequenced_individual,F2,F2,,M,,2021cicX11218972,,fAulAsc154,2021cicX11218975,2021cicX11218972,fAulAsc157,fAulAsc154,one_observed_parent_reported,B_one_parent_identity,,"No real individual-level trio ground truth is available; tier labels describe relative identity stability conditional on the eligible candidate panel, not absolute parent presence. Blank fields mean unresolved or unsequenced rather than biological absence.",all_marker_phase_invariant_plus_reset_aware_linkage_parent_GL_conditioned,tier_B_or_better,B_one_parent_identity,C,B,0.4115,0.4157499999999999,0.753,fAulAsc157+fAulAsc154:0.411;fAulAsc158+fAulAsc154:0.342;fAulAsc158+fAulAsc153:0.242,fAulAsc158:0.584;fAulAsc157:0.416,fAulAsc154:0.753;fAulAsc153:0.247,zero_parent,False,1.0,,tier_B,independently_supplied_by_cross_users,False,parent identities ranked within an independently guaranteed complete 14-pair recorded-F1 candidate panel
2021cicX11218828,2021cicX11218828,fAulAsc34,AA34,sequenced_individual,F2,F2,,M,2021cicX11218969,2021cicX11218971,fAulAsc151,fAulAsc153,2021cicX11218969,2021cicX11218971,fAulAsc151,fAulAsc153,two_observed_parent_working_hypothesis,A_exact_pair,,"No real individual-level trio ground truth is available; tier labels describe relative identity stability conditional on the eligible candidate panel, not absolute parent presence. Blank fields mean unresolved or unsequenced rather than biological absence.",all_marker_phase_invariant_plus_reset_aware_linkage_parent_GL_conditioned,tier_B_or_better,A_exact_pair,A,A,1.0,1.0,1.0,fAulAsc151+fAulAsc153:1.000,fAulAsc151:1.000,fAulAsc153:1.000,two_parent,False,0.0,,tier_B,independently_supplied_by_cross_users,False,parent identities ranked within an independently guaranteed complete 14-pair recorded-F1 candidate panel
2021cicX11218829,2021cicX11218829,fAulAsc35,AA35,sequenced_individual,F2,F2,,M,2021cicX11218976,2021cicX11218971,fAulAsc158,fAulAsc153,2021cicX11218976,2021cicX11218971,fAulAsc158,fAulAsc153,two_observed_parent_working_hypothesis,B_exact_pair,,"No real individual-level trio ground truth is available; tier labels describe relative identity stability conditional on the eligible candidate panel, not absolute parent presence. Blank fields mean unresolved or unsequenced rather than biological absence.",all_marker_phase_invariant_plus_reset_aware_linkage_parent_GL_conditioned,tier_B_or_better,B_exact_pair,B,B,0.64025,0.815,0.66025,fAulAsc158+fAulAsc153:0.640;fAulAsc158+fAulAsc154:0.175;fAulAsc157+fAulAsc154:0.165,fAulAsc158:0.815;fAulAsc157:0.185,fAulAsc153:0.660;fAulAsc154:0.340,zero_parent,False,0.0,,tier_B,independently_supplied_by_cross_users,False,parent identities ranked within an independently guaranteed complete 14-pair recorded-F1 candidate panel
2021cicX11218830,2021cicX11218830,fAulAsc36,AA36,sequenced_individual,F2,F2,,M,2021cicX11218975,2021cicX11218971,fAulAsc157,fAulAsc153,2021cicX11218975,2021cicX11218971,fAulAsc157,fAulAsc153,two_observed_parent_working_hypothesis,B_exact_pair,,"No real individual-level trio ground truth is available; tier labels describe relative identity stability conditional on the eligible candidate panel, not absolute parent presence. Blank fields mean unresolved or unsequenced rather than biological absence.",all_marker_phase_invariant_plus_reset_aware_linkage_parent_GL_conditioned,tier_B_or_better,B_exact_pair,B,B,0.645,0.77425,0.7955,fAulAsc157+fAulAsc153:0.645;fAulAsc158+fAulAsc153:0.150;fAulAsc157+fAulAsc154:0.129;fAulAsc158+fAulAsc154:0.075,fAulAsc157:0.774;fAulAsc158:0.226,fAulAsc153:0.795;fAulAsc154:0.205,father_only,False,0.0,,tier_B,independently_supplied_by_cross_users,False,parent identities ranked within an independently guaranteed complete 14-pair recorded-F1 candidate panel
2021cicX11218831,2021cicX11218831,fAulAsc37,AA37,sequenced_individual,F2,F2,,M,,,,,2021cicX11218975,2021cicX11218972,fAulAsc157,fAulAsc154,observed_parent_identity_unresolved,C_complete_working_hypothesis,,"No real individual-level trio ground truth is available; tier labels describe relative identity stability conditional on the eligible candidate panel, not absolute parent presence. Blank fields mean unresolved or unsequenced rather than biological absence.",all_marker_phase_invariant_plus_reset_aware_linkage_parent_GL_conditioned,tier_B_or_better,C_complete_working_hypothesis,C,C,0.37875,0.62525,0.46175,fAulAsc157+fAulAsc154:0.379;fAulAsc158+fAulAsc153:0.291;fAulAsc157+fAulAsc153:0.246;fAulAsc158+fAulAsc154:0.071,fAulAsc157:0.625;fAulAsc158:0.362,fAulAsc153:0.538;fAulAsc154:0.462,zero_parent,False,2.0,,tier_B,independently_supplied_by_cross_users,False,parent identities ranked within an independently guaranteed complete 14-pair recorded-F1 candidate panel
2021cicX11218832,2021cicX11218832,fAulAsc38,AA38,sequenced_individual,F2,F2,,M,2021cicX11218969,2021cicX11218971,fAulAsc151,fAulAsc153,2021cicX11218969,2021cicX11218971,fAulAsc151,fAulAsc153,two_observed_parent_working_hypothesis,B_exact_pair,,"No real individual-level trio ground truth is available; tier labels describe relative identity stability conditional on the eligible candidate panel, not absolute parent presence. Blank fields mean unresolved or unsequenced rather than biological absence.",all_marker_phase_invariant_plus_reset_aware_linkage_parent_GL_conditioned,tier_B_or_better,B_exact_pair,A,B,0.85325,0.989,0.8624999999999999,fAulAsc151+fAulAsc153:0.853;fAulAsc151+fAulAsc154:0.136,fAulAsc151:0.989,fAulAsc153:0.862;fAulAsc154:0.138,zero_parent,False,0.0,,tier_B,independently_supplied_by_cross_users,False,parent identities ranked within an independently guaranteed complete 14-pair recorded-F1 candidate panel
2021cicX11218833,2021cicX11218833,fAulAsc39,AA39,sequenced_individual,F2,F2,,M,,2021cicX11218972,,fAulAsc154,2021cicX11218976,2021cicX11218972,fAulAsc158,fAulAsc154,one_observed_parent_reported,A_one_parent_identity,,"No real individual-level trio ground truth is available; tier labels describe relative identity stability conditional on the eligible candidate panel, not absolute parent presence. Blank fields mean unresolved or unsequenced rather than biological absence.",all_marker_phase_invariant_plus_reset_aware_linkage_parent_GL_conditioned,tier_B_or_better,A_one_parent_identity,C,A,0.52725,0.5325,0.978,fAulAsc158+fAulAsc154:0.527;fAulAsc157+fAulAsc154:0.451,fAulAsc158:0.532;fAulAsc157:0.467,fAulAsc154:0.978,zero_parent,False,1.0,,tier_B,independently_supplied_by_cross_users,False,parent identities ranked within an independently guaranteed complete 14-pair recorded-F1 candidate panel
2021cicX11218834,2021cicX11218834,fAulAsc40,AA40,sequenced_individual,F2,F2,,M,,2021cicX11218972,,fAulAsc154,2021cicX11218975,2021cicX11218972,fAulAsc157,fAulAsc154,one_observed_parent_reported,B_one_parent_identity,,"No real individual-level trio ground truth is available; tier labels describe relative identity stability conditional on the eligible candidate panel, not absolute parent presence. Blank fields mean unresolved or unsequenced rather than biological absence.",all_marker_phase_invariant_plus_reset_aware_linkage_parent_GL_conditioned,tier_B_or_better,B_one_parent_identity,C,B,0.452,0.559,0.8402499999999999,fAulAsc157+fAulAsc154:0.452;fAulAsc158+fAulAsc154:0.388;fAulAsc157+fAulAsc153:0.107;fAulAsc158+fAulAsc153:0.047,fAulAsc157:0.559;fAulAsc158:0.435,fAulAsc154:0.840;fAulAsc153:0.160,zero_parent,False,1.0,,tier_B,independently_supplied_by_cross_users,False,parent identities ranked within an independently guaranteed complete 14-pair recorded-F1 candidate panel
2021cicX11218835,2021cicX11218835,fAulAsc41,AA41,sequenced_individual,F2,F2,,M,2021cicX11218976,,fAulAsc158,,2021cicX11218976,2021cicX11218971,fAulAsc158,fAulAsc153,one_observed_parent_reported,A_one_parent_identity,,"No real individual-level trio ground truth is available; tier labels describe relative identity stability conditional on the eligible candidate panel, not absolute parent presence. Blank fields mean unresolved or unsequenced rather than biological absence.",all_marker_phase_invariant_plus_reset_aware_linkage_parent_GL_conditioned,tier_B_or_better,A_one_parent_identity,A,C,0.478,0.96025,0.4937499999999999,fAulAsc158+fAulAsc154:0.482;fAulAsc158+fAulAsc153:0.478,fAulAsc158:0.960,fAulAsc154:0.506;fAulAsc153:0.494,zero_parent,False,1.0,,tier_B,independently_supplied_by_cross_users,False,parent identities ranked within an independently guaranteed complete 14-pair recorded-F1 candidate panel
2021cicX11218836,2021cicX11218836,fAulAsc42,AA42,sequenced_individual,F2,F2,,M,,2021cicX11218972,,fAulAsc154,2021cicX11218975,2021cicX11218972,fAulAsc157,fAulAsc154,one_observed_parent_reported,A_one_parent_identity,,"No real individual-level trio ground truth is available; tier labels describe relative identity stability conditional on the eligible candidate panel, not absolute parent presence. Blank fields mean unresolved or unsequenced rather than biological absence.",all_marker_phase_invariant_plus_reset_aware_linkage_parent_GL_conditioned,tier_B_or_better,A_one_parent_identity,C,A,0.54325,0.55675,0.9855,fAulAsc157+fAulAsc154:0.543;fAulAsc158+fAulAsc154:0.442,fAulAsc157:0.557;fAulAsc158:0.443,fAulAsc154:0.986,zero_parent,False,1.0,,tier_B,independently_supplied_by_cross_users,False,parent identities ranked within an independently guaranteed complete 14-pair recorded-F1 candidate panel
2021cicX11218837,2021cicX11218837,fAulAsc43,AA43,sequenced_individual,F2,F2,,M,,,,,2021cicX11218975,2021cicX11218971,fAulAsc157,fAulAsc153,observed_parent_identity_unresolved,C_complete_working_hypothesis,,"No real individual-level trio ground truth is available; tier labels describe relative identity stability conditional on the eligible candidate panel, not absolute parent presence. Blank fields mean unresolved or unsequenced rather than biological absence.",all_marker_phase_invariant_plus_reset_aware_linkage_parent_GL_conditioned,tier_B_or_better,C_complete_working_hypothesis,C,C,0.3575,0.52025,0.54975,fAulAsc157+fAulAsc153:0.357;fAulAsc158+fAulAsc154:0.286;fAulAsc158+fAulAsc153:0.182;fAulAsc157+fAulAsc154:0.163,fAulAsc157:0.520;fAulAsc158:0.469,fAulAsc153:0.550;fAulAsc154:0.450,zero_parent,False,2.0,,tier_B,independently_supplied_by_cross_users,False,parent identities ranked within an independently guaranteed complete 14-pair recorded-F1 candidate panel
2021cicX11218838,2021cicX11218838,fAulAsc44,AA44,sequenced_individual,F2,F2,,M,2021cicX11218976,2021cicX11218972,fAulAsc158,fAulAsc154,2021cicX11218976,2021cicX11218972,fAulAsc158,fAulAsc154,two_observed_parent_working_hypothesis,B_exact_pair,,"No real individual-level trio ground truth is available; tier labels describe relative identity stability conditional on the eligible candidate panel, not absolute parent presence. Blank fields mean unresolved or unsequenced rather than biological absence.",all_marker_phase_invariant_plus_reset_aware_linkage_parent_GL_conditioned,tier_B_or_better,B_exact_pair,B,B,0.83775,0.93225,0.905,fAulAsc158+fAulAsc154:0.838;fAulAsc158+fAulAsc153:0.095;fAulAsc157+fAulAsc154:0.067,fAulAsc158:0.932;fAulAsc157:0.068,fAulAsc154:0.905;fAulAsc153:0.095,zero_parent,False,0.0,,tier_B,independently_supplied_by_cross_users,False,parent identities ranked within an independently guaranteed complete 14-pair recorded-F1 candidate panel
2021cicX11218839,2021cicX11218839,fAulAsc45,AA45,sequenced_individual,F2,F2,,M,2021cicX11218969,2021cicX11218971,fAulAsc151,fAulAsc153,2021cicX11218969,2021cicX11218971,fAulAsc151,fAulAsc153,two_observed_parent_working_hypothesis,A_exact_pair,,"No real individual-level trio ground truth is available; tier labels describe relative identity stability conditional on the eligible candidate panel, not absolute parent presence. Blank fields mean unresolved or unsequenced rather than biological absence.",all_marker_phase_invariant_plus_reset_aware_linkage_parent_GL_conditioned,tier_B_or_better,A_exact_pair,A,A,0.96925,0.975,0.9805,fAulAsc151+fAulAsc153:0.969,fAulAsc151:0.975,fAulAsc153:0.980,father_only,False,0.0,,tier_B,independently_supplied_by_cross_users,False,parent identities ranked within an independently guaranteed complete 14-pair recorded-F1 candidate panel
2021cicX11218840,2021cicX11218840,fAulAsc46,AA46,sequenced_individual,F2,F2,,M,2021cicX11218976,2021cicX11218972,fAulAsc158,fAulAsc154,2021cicX11218976,2021cicX11218972,fAulAsc158,fAulAsc154,two_observed_parent_working_hypothesis,B_exact_pair,,"No real individual-level trio ground truth is available; tier labels describe relative identity stability conditional on the eligible candidate panel, not absolute parent presence. Blank fields mean unresolved or unsequenced rather than biological absence.",all_marker_phase_invariant_plus_reset_aware_linkage_parent_GL_conditioned,tier_B_or_better,B_exact_pair,B,B,0.59125,0.7915000000000001,0.7005,fAulAsc158+fAulAsc154:0.591;fAulAsc158+fAulAsc153:0.200;fAulAsc157+fAulAsc154:0.109;fAulAsc157+fAulAsc153:0.099,fAulAsc158:0.792;fAulAsc157:0.209,fAulAsc154:0.701;fAulAsc153:0.299,zero_parent,False,0.0,,tier_B,independently_supplied_by_cross_users,False,parent identities ranked within an independently guaranteed complete 14-pair recorded-F1 candidate panel
2021cicX11218841,2021cicX11218841,fAulAsc47,AA47,sequenced_individual,F2,F2,,M,2021cicX11218976,,fAulAsc158,,2021cicX11218976,2021cicX11218972,fAulAsc158,fAulAsc154,one_observed_parent_reported,B_one_parent_identity,,"No real individual-level trio ground truth is available; tier labels describe relative identity stability conditional on the eligible candidate panel, not absolute parent presence. Blank fields mean unresolved or unsequenced rather than biological absence.",all_marker_phase_invariant_plus_reset_aware_linkage_parent_GL_conditioned,tier_B_or_better,B_one_parent_identity,B,C,0.6405,0.85,0.6819999999999999,fAulAsc158+fAulAsc154:0.640;fAulAsc158+fAulAsc153:0.209;fAulAsc157+fAulAsc153:0.108,fAulAsc158:0.850;fAulAsc157:0.149,fAulAsc154:0.682;fAulAsc153:0.318,zero_parent,False,1.0,,tier_B,independently_supplied_by_cross_users,False,parent identities ranked within an independently guaranteed complete 14-pair recorded-F1 candidate panel
2021cicX11218842,2021cicX11218842,fAulAsc48,AA48,sequenced_individual,F2,F2,,M,2021cicX11218976,2021cicX11218972,fAulAsc158,fAulAsc154,2021cicX11218976,2021cicX11218972,fAulAsc158,fAulAsc154,two_observed_parent_working_hypothesis,B_exact_pair,,"No real individual-level trio ground truth is available; tier labels describe relative identity stability conditional on the eligible candidate panel, not absolute parent presence. Blank fields mean unresolved or unsequenced rather than biological absence.",all_marker_phase_invariant_plus_reset_aware_linkage_parent_GL_conditioned,tier_B_or_better,B_exact_pair,B,B,0.8475,0.85775,0.90025,fAulAsc158+fAulAsc154:0.848;fAulAsc157+fAulAsc153:0.088;fAulAsc157+fAulAsc154:0.053,fAulAsc158:0.858;fAulAsc157:0.141,fAulAsc154:0.900;fAulAsc153:0.100,zero_parent,False,0.0,,tier_B,independently_supplied_by_cross_users,False,parent identities ranked within an independently guaranteed complete 14-pair recorded-F1 candidate panel
2021cicX11218843,2021cicX11218843,fAulAsc49,AA49,sequenced_individual,F2,F2,,M,2021cicX11218969,2021cicX11218971,fAulAsc151,fAulAsc153,2021cicX11218969,2021cicX11218971,fAulAsc151,fAulAsc153,two_observed_parent_working_hypothesis,B_exact_pair,,"No real individual-level trio ground truth is available; tier labels describe relative identity stability conditional on the eligible candidate panel, not absolute parent presence. Blank fields mean unresolved or unsequenced rather than biological absence.",all_marker_phase_invariant_plus_reset_aware_linkage_parent_GL_conditioned,tier_B_or_better,B_exact_pair,B,B,0.779,0.9435,0.8355,fAulAsc151+fAulAsc153:0.779;fAulAsc151+fAulAsc154:0.165;fAulAsc152+fAulAsc153:0.041,fAulAsc151:0.944;fAulAsc152:0.041,fAulAsc153:0.836;fAulAsc154:0.165,zero_parent,False,0.0,,tier_B,independently_supplied_by_cross_users,False,parent identities ranked within an independently guaranteed complete 14-pair recorded-F1 candidate panel
2021cicX11218844,2021cicX11218844,fAulAsc50,AA50,sequenced_individual,F2,F2,,M,2021cicX11218976,2021cicX11218972,fAulAsc158,fAulAsc154,2021cicX11218976,2021cicX11218972,fAulAsc158,fAulAsc154,two_observed_parent_working_hypothesis,B_exact_pair,,"No real individual-level trio ground truth is available; tier labels describe relative identity stability conditional on the eligible candidate panel, not absolute parent presence. Blank fields mean unresolved or unsequenced rather than biological absence.",all_marker_phase_invariant_plus_reset_aware_linkage_parent_GL_conditioned,tier_B_or_better,B_exact_pair,B,A,0.705,0.71875,0.9825,fAulAsc158+fAulAsc154:0.705;fAulAsc157+fAulAsc154:0.278,fAulAsc158:0.719;fAulAsc157:0.281,fAulAsc154:0.982,zero_parent,False,0.0,,tier_B,independently_supplied_by_cross_users,False,parent identities ranked within an independently guaranteed complete 14-pair recorded-F1 candidate panel
2021cicX11218845,2021cicX11218845,fAulAsc51,AA51,sequenced_individual,F2,F2,,M,2021cicX11218975,2021cicX11218972,fAulAsc157,fAulAsc154,2021cicX11218975,2021cicX11218972,fAulAsc157,fAulAsc154,two_observed_parent_working_hypothesis,B_exact_pair,,"No real individual-level trio ground truth is available; tier labels describe relative identity stability conditional on the eligible candidate panel, not absolute parent presence. Blank fields mean unresolved or unsequenced rather than biological absence.",all_marker_phase_invariant_plus_reset_aware_linkage_parent_GL_conditioned,tier_B_or_better,B_exact_pair,A,B,0.837,0.97325,0.858,fAulAsc157+fAulAsc154:0.837;fAulAsc157+fAulAsc153:0.136,fAulAsc157:0.973,fAulAsc154:0.858;fAulAsc153:0.142,father_only,False,0.0,,tier_B,independently_supplied_by_cross_users,False,parent identities ranked within an independently guaranteed complete 14-pair recorded-F1 candidate panel
2021cicX11218846,2021cicX11218846,fAulAsc52,AA52,sequenced_individual,F2,F2,,M,2021cicX11218975,2021cicX11218971,fAulAsc157,fAulAsc153,2021cicX11218975,2021cicX11218971,fAulAsc157,fAulAsc153,two_observed_parent_working_hypothesis,B_exact_pair,,"No real individual-level trio ground truth is available; tier labels describe relative identity stability conditional on the eligible candidate panel, not absolute parent presence. Blank fields mean unresolved or unsequenced rather than biological absence.",all_marker_phase_invariant_plus_reset_aware_linkage_parent_GL_conditioned,tier_B_or_better,B_exact_pair,B,B,0.80675,0.88325,0.85675,fAulAsc157+fAulAsc153:0.807;fAulAsc157+fAulAsc154:0.076;fAulAsc158+fAulAsc154:0.065;fAulAsc158+fAulAsc153:0.050,fAulAsc157:0.883;fAulAsc158:0.115,fAulAsc153:0.857;fAulAsc154:0.143,father_only,False,0.0,,tier_B,independently_supplied_by_cross_users,False,parent identities ranked within an independently guaranteed complete 14-pair recorded-F1 candidate panel
2021cicX11218847,2021cicX11218847,fAulAsc53,AA53,sequenced_individual,F2,F2,,M,,,,,2021cicX11218975,2021cicX11218971,fAulAsc157,fAulAsc153,observed_parent_identity_unresolved,C_complete_working_hypothesis,,"No real individual-level trio ground truth is available; tier labels describe relative identity stability conditional on the eligible candidate panel, not absolute parent presence. Blank fields mean unresolved or unsequenced rather than biological absence.",all_marker_phase_invariant_plus_reset_aware_linkage_parent_GL_conditioned,tier_B_or_better,C_complete_working_hypothesis,C,C,0.35375,0.41575,0.642,fAulAsc157+fAulAsc153:0.354;fAulAsc158+fAulAsc154:0.294;fAulAsc158+fAulAsc153:0.287;fAulAsc157+fAulAsc154:0.062,fAulAsc158:0.581;fAulAsc157:0.416,fAulAsc153:0.642;fAulAsc154:0.358,zero_parent,False,2.0,,tier_B,independently_supplied_by_cross_users,False,parent identities ranked within an independently guaranteed complete 14-pair recorded-F1 candidate panel
2021cicX11218848,2021cicX11218848,fAulAsc54,AA54,sequenced_individual,F2,F2,,M,2021cicX11218969,2021cicX11218972,fAulAsc151,fAulAsc154,2021cicX11218969,2021cicX11218972,fAulAsc151,fAulAsc154,two_observed_parent_working_hypothesis,B_exact_pair,,"No real individual-level trio ground truth is available; tier labels describe relative identity stability conditional on the eligible candidate panel, not absolute parent presence. Blank fields mean unresolved or unsequenced rather than biological absence.",all_marker_phase_invariant_plus_reset_aware_linkage_parent_GL_conditioned,tier_B_or_better,B_exact_pair,A,B,0.92725,0.9725,0.93275,fAulAsc151+fAulAsc154:0.927;fAulAsc151+fAulAsc153:0.045,fAulAsc151:0.973,fAulAsc154:0.933;fAulAsc153:0.067,father_only,False,0.0,,tier_B,independently_supplied_by_cross_users,False,parent identities ranked within an independently guaranteed complete 14-pair recorded-F1 candidate panel
2021cicX11218849,2021cicX11218849,fAulAsc55,AA55,sequenced_individual,F2,F2,,M,2021cicX11218976,2021cicX11218971,fAulAsc158,fAulAsc153,2021cicX11218976,2021cicX11218971,fAulAsc158,fAulAsc153,two_observed_parent_working_hypothesis,B_exact_pair,,"No real individual-level trio ground truth is available; tier labels describe relative identity stability conditional on the eligible candidate panel, not absolute parent presence. Blank fields mean unresolved or unsequenced rather than biological absence.",all_marker_phase_invariant_plus_reset_aware_linkage_parent_GL_conditioned,tier_B_or_better,B_exact_pair,B,B,0.5785,0.791,0.57875,fAulAsc158+fAulAsc153:0.579;fAulAsc158+fAulAsc154:0.212;fAulAsc157+fAulAsc154:0.208,fAulAsc158:0.791;fAulAsc157:0.208,fAulAsc153:0.579;fAulAsc154:0.421,zero_parent,False,0.0,,tier_B,independently_supplied_by_cross_users,False,parent identities ranked within an independently guaranteed complete 14-pair recorded-F1 candidate panel
2021cicX11218850,2021cicX11218850,fAulAsc56,AA56,sequenced_individual,F2,F2,,M,2021cicX11218969,2021cicX11218971,fAulAsc151,fAulAsc153,2021cicX11218969,2021cicX11218971,fAulAsc151,fAulAsc153,two_observed_parent_working_hypothesis,B_exact_pair,,"No real individual-level trio ground truth is available; tier labels describe relative identity stability conditional on the eligible candidate panel, not absolute parent presence. Blank fields mean unresolved or unsequenced rather than biological absence.",all_marker_phase_invariant_plus_reset_aware_linkage_parent_GL_conditioned,tier_B_or_better,B_exact_pair,B,B,0.59475,0.88325,0.6045,fAulAsc151+fAulAsc153:0.595;fAulAsc151+fAulAsc154:0.288;fAulAsc152+fAulAsc154:0.105,fAulAsc151:0.883;fAulAsc152:0.115,fAulAsc153:0.605;fAulAsc154:0.395,father_only,False,0.0,,tier_B,independently_supplied_by_cross_users,False,parent identities ranked within an independently guaranteed complete 14-pair recorded-F1 candidate panel
2021cicX11218851,2021cicX11218851,fAulAsc57,AA57,sequenced_individual,F2,F2,,M,2021cicX11218976,2021cicX11218971,fAulAsc158,fAulAsc153,2021cicX11218976,2021cicX11218971,fAulAsc158,fAulAsc153,two_observed_parent_working_hypothesis,B_exact_pair,,"No real individual-level trio ground truth is available; tier labels describe relative identity stability conditional on the eligible candidate panel, not absolute parent presence. Blank fields mean unresolved or unsequenced rather than biological absence.",all_marker_phase_invariant_plus_reset_aware_linkage_parent_GL_conditioned,tier_B_or_better,B_exact_pair,B,B,0.7105,0.94675,0.727,fAulAsc158+fAulAsc153:0.711;fAulAsc158+fAulAsc154:0.236;fAulAsc157+fAulAsc154:0.037,fAulAsc158:0.947;fAulAsc157:0.053,fAulAsc153:0.727;fAulAsc154:0.273,zero_parent,False,0.0,,tier_B,independently_supplied_by_cross_users,False,parent identities ranked within an independently guaranteed complete 14-pair recorded-F1 candidate panel
2021cicX11218852,2021cicX11218852,fAulAsc58,AA58,sequenced_individual,F2,F2,,M,2021cicX11218975,2021cicX11218972,fAulAsc157,fAulAsc154,2021cicX11218975,2021cicX11218972,fAulAsc157,fAulAsc154,two_observed_parent_working_hypothesis,B_exact_pair,,"No real individual-level trio ground truth is available; tier labels describe relative identity stability conditional on the eligible candidate panel, not absolute parent presence. Blank fields mean unresolved or unsequenced rather than biological absence.",all_marker_phase_invariant_plus_reset_aware_linkage_parent_GL_conditioned,tier_B_or_better,B_exact_pair,B,B,0.706,0.7294999999999999,0.9285,fAulAsc157+fAulAsc154:0.706;fAulAsc158+fAulAsc154:0.223;fAulAsc158+fAulAsc153:0.048,fAulAsc157:0.729;fAulAsc158:0.271,fAulAsc154:0.928;fAulAsc153:0.072,zero_parent,False,0.0,,tier_B,independently_supplied_by_cross_users,False,parent identities ranked within an independently guaranteed complete 14-pair recorded-F1 candidate panel
2021cicX11218853,2021cicX11218853,fAulAsc59,AA59,sequenced_individual,F2,F2,,M,2021cicX11218969,2021cicX11218972,fAulAsc151,fAulAsc154,2021cicX11218969,2021cicX11218972,fAulAsc151,fAulAsc154,two_observed_parent_working_hypothesis,A_exact_pair,,"No real individual-level trio ground truth is available; tier labels describe relative identity stability conditional on the eligible candidate panel, not absolute parent presence. Blank fields mean unresolved or unsequenced rather than biological absence.",all_marker_phase_invariant_plus_reset_aware_linkage_parent_GL_conditioned,tier_B_or_better,A_exact_pair,A,A,0.96075,0.9905,0.97025,fAulAsc151+fAulAsc154:0.961,fAulAsc151:0.990,fAulAsc154:0.970,zero_parent,False,0.0,,tier_B,independently_supplied_by_cross_users,False,parent identities ranked within an independently guaranteed complete 14-pair recorded-F1 candidate panel
2021cicX11218854,2021cicX11218854,fAulAsc60,AA60a,sequenced_individual,F2,F2,,M,,,,,2021cicX11218976,2021cicX11218972,fAulAsc158,fAulAsc154,observed_parent_identity_unresolved,C_complete_working_hypothesis,,"No real individual-level trio ground truth is available; tier labels describe relative identity stability conditional on the eligible candidate panel, not absolute parent presence. Blank fields mean unresolved or unsequenced rather than biological absence.",all_marker_phase_invariant_plus_reset_aware_linkage_parent_GL_conditioned,tier_B_or_better,C_complete_working_hypothesis,C,C,0.43575,0.662,0.53325,fAulAsc158+fAulAsc154:0.436;fAulAsc157+fAulAsc153:0.240;fAulAsc158+fAulAsc153:0.226;fAulAsc157+fAulAsc154:0.098,fAulAsc158:0.662;fAulAsc157:0.338,fAulAsc154:0.533;fAulAsc153:0.467,zero_parent,False,2.0,,tier_B,independently_supplied_by_cross_users,False,parent identities ranked within an independently guaranteed complete 14-pair recorded-F1 candidate panel
2021cicX11218855,2021cicX11218855,fAulAsc61,AA60b,sequenced_individual,F2,F2,,M,2021cicX11218968,2021cicX11218972,fAulAsc150,fAulAsc154,2021cicX11218968,2021cicX11218972,fAulAsc150,fAulAsc154,two_observed_parent_working_hypothesis,A_exact_pair,,"No real individual-level trio ground truth is available; tier labels describe relative identity stability conditional on the eligible candidate panel, not absolute parent presence. Blank fields mean unresolved or unsequenced rather than biological absence.",all_marker_phase_invariant_plus_reset_aware_linkage_parent_GL_conditioned,tier_B_or_better,A_exact_pair,A,A,1.0,1.0,1.0,fAulAsc150+fAulAsc154:1.000,fAulAsc150:1.000,fAulAsc154:1.000,two_parent,False,0.0,,tier_B,independently_supplied_by_cross_users,False,parent identities ranked within an independently guaranteed complete 14-pair recorded-F1 candidate panel
2021cicX11218856,2021cicX11218856,fAulAsc62,AA61,sequenced_individual,F2,F2,,M,2021cicX11218976,2021cicX11218971,fAulAsc158,fAulAsc153,2021cicX11218976,2021cicX11218971,fAulAsc158,fAulAsc153,two_observed_parent_working_hypothesis,B_exact_pair,,"No real individual-level trio ground truth is available; tier labels describe relative identity stability conditional on the eligible candidate panel, not absolute parent presence. Blank fields mean unresolved or unsequenced rather than biological absence.",all_marker_phase_invariant_plus_reset_aware_linkage_parent_GL_conditioned,tier_B_or_better,B_exact_pair,B,B,0.5915,0.76825,0.63175,fAulAsc158+fAulAsc153:0.592;fAulAsc157+fAulAsc154:0.179;fAulAsc158+fAulAsc154:0.177;fAulAsc157+fAulAsc153:0.028,fAulAsc158:0.768;fAulAsc157:0.206,fAulAsc153:0.632;fAulAsc154:0.368,zero_parent,False,0.0,,tier_B,independently_supplied_by_cross_users,False,parent identities ranked within an independently guaranteed complete 14-pair recorded-F1 candidate panel
2021cicX11218857,2021cicX11218857,fAulAsc63,AA62,sequenced_individual,F3,F3,,M,,,,,2021cicX11218835,,fAulAsc41,,observed_F2_parent_identity_unresolved,C_complete_working_hypothesis,1.0,"No real individual-level trio ground truth is available; tier labels describe relative identity stability conditional on the eligible candidate panel, not absolute parent presence. Blank fields mean unresolved or unsequenced rather than biological absence.",all_marker_phase_invariant_plus_reset_aware_linkage_parent_GL_conditioned,tier_B_or_better,C_complete_working_hypothesis,C,unsequenced,,,,,fAulAsc41:0.423;fAulAsc129:0.170;fAulAsc48:0.146;fAulAsc199:0.079;fAulAsc100:0.052;fAulAsc88:0.034;fAulAsc84:0.022;fAulAsc142:0.020;fAulAsc93:0.012,,zero_parent,True,1.0,0.423,tier_B,,False,observed F2 father identity unresolved
2021cicX11218858,2021cicX11218858,fAulAsc64,AA63,sequenced_individual,F2,F2,,M,2021cicX11218969,2021cicX11218972,fAulAsc151,fAulAsc154,2021cicX11218969,2021cicX11218972,fAulAsc151,fAulAsc154,two_observed_parent_working_hypothesis,A_exact_pair,,"No real individual-level trio ground truth is available; tier labels describe relative identity stability conditional on the eligible candidate panel, not absolute parent presence. Blank fields mean unresolved or unsequenced rather than biological absence.",all_marker_phase_invariant_plus_reset_aware_linkage_parent_GL_conditioned,tier_B_or_better,A_exact_pair,A,A,0.9725,0.991,0.97725,fAulAsc151+fAulAsc154:0.973,fAulAsc151:0.991,fAulAsc154:0.977,father_only,False,0.0,,tier_B,independently_supplied_by_cross_users,False,parent identities ranked within an independently guaranteed complete 14-pair recorded-F1 candidate panel
2021cicX11218859,2021cicX11218859,fAulAsc65,AA64,sequenced_individual,F3,F3,,M,,,,,2021cicX11218924,,fAulAsc106,,observed_F2_parent_identity_unresolved,C_complete_working_hypothesis,1.0,"No real individual-level trio ground truth is available; tier labels describe relative identity stability conditional on the eligible candidate panel, not absolute parent presence. Blank fields mean unresolved or unsequenced rather than biological absence.",all_marker_phase_invariant_plus_reset_aware_linkage_parent_GL_conditioned,tier_B_or_better,C_complete_working_hypothesis,C,unsequenced,,,,,fAulAsc106:0.774;fAulAsc19:0.217,,one_observed_parent,True,1.0,0.774,tier_B,,False,observed F2 father identity unresolved
2021cicX11218860,2021cicX11218860,fAulAsc66,AA65,sequenced_individual,F3,F3,,M,2021cicX11218813,,fAulAsc19,,2021cicX11218813,,fAulAsc19,,one_observed_F2_parent_plus_unsequenced_mate,B_observed_F2_parent,1.0,"No real individual-level trio ground truth is available; tier labels describe relative identity stability conditional on the eligible candidate panel, not absolute parent presence. Blank fields mean unresolved or unsequenced rather than biological absence.",all_marker_phase_invariant_plus_reset_aware_linkage_parent_GL_conditioned,tier_B_or_better,B_observed_F2_parent,B,unsequenced,,,,,fAulAsc19:0.791;fAulAsc59:0.062;fAulAsc29:0.045;fAulAsc62:0.028;fAulAsc56:0.027,,one_observed_parent,True,0.0,0.7915,tier_B,,False,one observed F2 father identity plus an unsequenced biological mate
2021cicX11218861,2021cicX11218861,fAulAsc67,AA66,sequenced_individual,F3,F3,,M,2021cicX11218809,,fAulAsc15,,2021cicX11218809,,fAulAsc15,,one_observed_F2_parent_plus_unsequenced_mate,B_observed_F2_parent,1.0,"No real individual-level trio ground truth is available; tier labels describe relative identity stability conditional on the eligible candidate panel, not absolute parent presence. Blank fields mean unresolved or unsequenced rather than biological absence.",all_marker_phase_invariant_plus_reset_aware_linkage_parent_GL_conditioned,tier_B_or_better,B_observed_F2_parent,B,unsequenced,,,,,fAulAsc15:0.646;fAulAsc5:0.307,,one_observed_parent,True,0.0,0.646,tier_B,,False,one observed F2 father identity plus an unsequenced biological mate
2021cicX11218862,2021cicX11218862,fAulAsc68,AA67,sequenced_individual,F3,F3,,M,2021cicX11218826,,fAulAsc32,,2021cicX11218826,,fAulAsc32,,one_observed_F2_parent_plus_unsequenced_mate,B_observed_F2_parent,1.0,"No real individual-level trio ground truth is available; tier labels describe relative identity stability conditional on the eligible candidate panel, not absolute parent presence. Blank fields mean unresolved or unsequenced rather than biological absence.",all_marker_phase_invariant_plus_reset_aware_linkage_parent_GL_conditioned,tier_B_or_better,B_observed_F2_parent,B,unsequenced,,,,,fAulAsc32:0.785;fAulAsc5:0.075;fAulAsc90:0.063;fAulAsc49:0.014;fAulAsc72:0.013,,one_observed_parent,True,0.0,0.78525,tier_B,,False,one observed F2 father identity plus an unsequenced biological mate
2021cicX11218863,2021cicX11218863,fAulAsc69,AA68,sequenced_individual,F3,F3,,M,2021cicX11218832,,fAulAsc38,,2021cicX11218832,,fAulAsc38,,one_observed_F2_parent_plus_unsequenced_mate,A_observed_F2_parent,1.0,"No real individual-level trio ground truth is available; tier labels describe relative identity stability conditional on the eligible candidate panel, not absolute parent presence. Blank fields mean unresolved or unsequenced rather than biological absence.",all_marker_phase_invariant_plus_reset_aware_linkage_parent_GL_conditioned,tier_B_or_better,A_observed_F2_parent,A,unsequenced,,,,,fAulAsc38:0.952,,one_observed_parent,True,0.0,0.95225,tier_B,,False,one observed F2 father identity plus an unsequenced biological mate
2021cicX11218864,2021cicX11218864,fAulAsc70,AA69,sequenced_individual,F3,F3,,M,2021cicX11218832,,fAulAsc38,,2021cicX11218832,,fAulAsc38,,one_observed_F2_parent_plus_unsequenced_mate,B_observed_F2_parent,1.0,"No real individual-level trio ground truth is available; tier labels describe relative identity stability conditional on the eligible candidate panel, not absolute parent presence. Blank fields mean unresolved or unsequenced rather than biological absence.",all_marker_phase_invariant_plus_reset_aware_linkage_parent_GL_conditioned,tier_B_or_better,B_observed_F2_parent,B,unsequenced,,,,,fAulAsc38:0.866;fAulAsc123:0.046;fAulAsc24:0.034;fAulAsc147:0.022,,one_observed_parent,True,0.0,0.866,tier_B,,False,one observed F2 father identity plus an unsequenced biological mate
2021cicX11218865,2021cicX11218865,fAulAsc71,AA70,sequenced_individual,F2,F2,,M,2021cicX11218969,,fAulAsc151,,2021cicX11218969,2021cicX11218971,fAulAsc151,fAulAsc153,one_observed_parent_reported,A_one_parent_identity,,"No real individual-level trio ground truth is available; tier labels describe relative identity stability conditional on the eligible candidate panel, not absolute parent presence. Blank fields mean unresolved or unsequenced rather than biological absence.",all_marker_phase_invariant_plus_reset_aware_linkage_parent_GL_conditioned,tier_B_or_better,A_one_parent_identity,A,C,0.56675,0.98825,0.5715,fAulAsc151+fAulAsc153:0.567;fAulAsc151+fAulAsc154:0.421,fAulAsc151:0.988,fAulAsc153:0.572;fAulAsc154:0.428,father_only,False,1.0,,tier_B,independently_supplied_by_cross_users,False,parent identities ranked within an independently guaranteed complete 14-pair recorded-F1 candidate panel
2021cicX11218866,2021cicX11218866,fAulAsc72,AA71,sequenced_individual,F2,F2,,M,,2021cicX11218972,,fAulAsc154,2021cicX11218975,2021cicX11218972,fAulAsc157,fAulAsc154,one_observed_parent_reported,B_one_parent_identity,,"No real individual-level trio ground truth is available; tier labels describe relative identity stability conditional on the eligible candidate panel, not absolute parent presence. Blank fields mean unresolved or unsequenced rather than biological absence.",all_marker_phase_invariant_plus_reset_aware_linkage_parent_GL_conditioned,tier_B_or_better,B_one_parent_identity,C,B,0.55625,0.5880000000000001,0.92525,fAulAsc157+fAulAsc154:0.556;fAulAsc158+fAulAsc154:0.369;fAulAsc158+fAulAsc153:0.043,fAulAsc157:0.588;fAulAsc158:0.412,fAulAsc154:0.925;fAulAsc153:0.075,zero_parent,False,1.0,,tier_B,independently_supplied_by_cross_users,False,parent identities ranked within an independently guaranteed complete 14-pair recorded-F1 candidate panel
2021cicX11218867,2021cicX11218867,fAulAsc73,AA72,sequenced_individual,F2,F2,,M,2021cicX11218976,2021cicX11218972,fAulAsc158,fAulAsc154,2021cicX11218976,2021cicX11218972,fAulAsc158,fAulAsc154,two_observed_parent_working_hypothesis,B_exact_pair,,"No real individual-level trio ground truth is available; tier labels describe relative identity stability conditional on the eligible candidate panel, not absolute parent presence. Blank fields mean unresolved or unsequenced rather than biological absence.",all_marker_phase_invariant_plus_reset_aware_linkage_parent_GL_conditioned,tier_B_or_better,B_exact_pair,B,B,0.79025,0.79025,0.9,fAulAsc158+fAulAsc154:0.790;fAulAsc157+fAulAsc154:0.109;fAulAsc157+fAulAsc153:0.100,fAulAsc158:0.790;fAulAsc157:0.209,fAulAsc154:0.900;fAulAsc153:0.100,zero_parent,False,0.0,,tier_B,independently_supplied_by_cross_users,False,parent identities ranked within an independently guaranteed complete 14-pair recorded-F1 candidate panel
2021cicX11218868,2021cicX11218868,fAulAsc74,AA73,sequenced_individual,F2,F2,,M,2021cicX11218969,,fAulAsc151,,2021cicX11218969,2021cicX11218971,fAulAsc151,fAulAsc153,one_observed_parent_reported,A_one_parent_identity,,"No real individual-level trio ground truth is available; tier labels describe relative identity stability conditional on the eligible candidate panel, not absolute parent presence. Blank fields mean unresolved or unsequenced rather than biological absence.",all_marker_phase_invariant_plus_reset_aware_linkage_parent_GL_conditioned,tier_B_or_better,A_one_parent_identity,A,C,0.50875,0.9955,0.50925,fAulAsc151+fAulAsc153:0.509;fAulAsc151+fAulAsc154:0.487,fAulAsc151:0.996,fAulAsc153:0.509;fAulAsc154:0.491,father_only,False,1.0,,tier_B,independently_supplied_by_cross_users,False,parent identities ranked within an independently guaranteed complete 14-pair recorded-F1 candidate panel
2021cicX11218869,2021cicX11218869,fAulAsc75,AA74,sequenced_individual,F2,F2,,M,2021cicX11218976,,fAulAsc158,,2021cicX11218976,2021cicX11218972,fAulAsc158,fAulAsc154,one_observed_parent_reported,B_one_parent_identity,,"No real individual-level trio ground truth is available; tier labels describe relative identity stability conditional on the eligible candidate panel, not absolute parent presence. Blank fields mean unresolved or unsequenced rather than biological absence.",all_marker_phase_invariant_plus_reset_aware_linkage_parent_GL_conditioned,tier_B_or_better,B_one_parent_identity,B,C,0.434,0.72125,0.69825,fAulAsc158+fAulAsc154:0.434;fAulAsc158+fAulAsc153:0.287;fAulAsc157+fAulAsc154:0.264,fAulAsc158:0.721;fAulAsc157:0.278,fAulAsc154:0.698;fAulAsc153:0.302,zero_parent,False,1.0,,tier_B,independently_supplied_by_cross_users,False,parent identities ranked within an independently guaranteed complete 14-pair recorded-F1 candidate panel
2021cicX11218870,2021cicX11218870,fAulAsc76,AA75,sequenced_individual,F2,F2,,M,2021cicX11218976,2021cicX11218971,fAulAsc158,fAulAsc153,2021cicX11218976,2021cicX11218971,fAulAsc158,fAulAsc153,two_observed_parent_working_hypothesis,B_exact_pair,,"No real individual-level trio ground truth is available; tier labels describe relative identity stability conditional on the eligible candidate panel, not absolute parent presence. Blank fields mean unresolved or unsequenced rather than biological absence.",all_marker_phase_invariant_plus_reset_aware_linkage_parent_GL_conditioned,tier_B_or_better,B_exact_pair,B,B,0.71025,0.8832500000000001,0.79525,fAulAsc158+fAulAsc153:0.710;fAulAsc158+fAulAsc154:0.173;fAulAsc157+fAulAsc153:0.085,fAulAsc158:0.883;fAulAsc157:0.117,fAulAsc153:0.795;fAulAsc154:0.205,zero_parent,False,0.0,,tier_B,independently_supplied_by_cross_users,False,parent identities ranked within an independently guaranteed complete 14-pair recorded-F1 candidate panel
2021cicX11218871,2021cicX11218871,fAulAsc77,AA76,sequenced_individual,F2,F2,,M,,,,,2021cicX11218976,2021cicX11218972,fAulAsc158,fAulAsc154,observed_parent_identity_unresolved,C_complete_working_hypothesis,,"No real individual-level trio ground truth is available; tier labels describe relative identity stability conditional on the eligible candidate panel, not absolute parent presence. Blank fields mean unresolved or unsequenced rather than biological absence.",all_marker_phase_invariant_plus_reset_aware_linkage_parent_GL_conditioned,tier_B_or_better,C_complete_working_hypothesis,C,C,0.46975,0.55675,0.5935,fAulAsc158+fAulAsc154:0.470;fAulAsc157+fAulAsc153:0.319;fAulAsc157+fAulAsc154:0.124;fAulAsc158+fAulAsc153:0.087,fAulAsc158:0.557;fAulAsc157:0.443,fAulAsc154:0.594;fAulAsc153:0.406,zero_parent,False,2.0,,tier_B,independently_supplied_by_cross_users,False,parent identities ranked within an independently guaranteed complete 14-pair recorded-F1 candidate panel
2021cicX11218872,2021cicX11218872,fAulAsc78,AA77,sequenced_individual,F2,F2,,M,2021cicX11218968,2021cicX11218972,fAulAsc150,fAulAsc154,2021cicX11218968,2021cicX11218972,fAulAsc150,fAulAsc154,two_observed_parent_working_hypothesis,B_exact_pair,,"No real individual-level trio ground truth is available; tier labels describe relative identity stability conditional on the eligible candidate panel, not absolute parent presence. Blank fields mean unresolved or unsequenced rather than biological absence.",all_marker_phase_invariant_plus_reset_aware_linkage_parent_GL_conditioned,tier_B_or_better,B_exact_pair,B,B,0.68875,0.9175,0.70975,fAulAsc150+fAulAsc154:0.689;fAulAsc150+fAulAsc153:0.229;fAulAsc152+fAulAsc153:0.041,fAulAsc150:0.917;fAulAsc152:0.041,fAulAsc154:0.710;fAulAsc153:0.290,father_only,False,0.0,,tier_B,independently_supplied_by_cross_users,False,parent identities ranked within an independently guaranteed complete 14-pair recorded-F1 candidate panel
2021cicX11218873,2021cicX11218873,fAulAsc79,AA78,sequenced_individual,F2,F2,,M,2021cicX11218968,2021cicX11218972,fAulAsc150,fAulAsc154,2021cicX11218968,2021cicX11218972,fAulAsc150,fAulAsc154,two_observed_parent_working_hypothesis,B_exact_pair,,"No real individual-level trio ground truth is available; tier labels describe relative identity stability conditional on the eligible candidate panel, not absolute parent presence. Blank fields mean unresolved or unsequenced rather than biological absence.",all_marker_phase_invariant_plus_reset_aware_linkage_parent_GL_conditioned,tier_B_or_better,B_exact_pair,A,B,0.856,0.9925,0.86225,fAulAsc150+fAulAsc154:0.856;fAulAsc150+fAulAsc153:0.137,fAulAsc150:0.992,fAulAsc154:0.862;fAulAsc153:0.138,father_only,False,0.0,,tier_B,independently_supplied_by_cross_users,False,parent identities ranked within an independently guaranteed complete 14-pair recorded-F1 candidate panel
2021cicX11218874,2021cicX11218874,fAulAsc80,AA79,sequenced_individual,F2,F2,,M,2021cicX11218975,2021cicX11218972,fAulAsc157,fAulAsc154,2021cicX11218975,2021cicX11218972,fAulAsc157,fAulAsc154,two_observed_parent_working_hypothesis,B_exact_pair,,"No real individual-level trio ground truth is available; tier labels describe relative identity stability conditional on the eligible candidate panel, not absolute parent presence. Blank fields mean unresolved or unsequenced rather than biological absence.",all_marker_phase_invariant_plus_reset_aware_linkage_parent_GL_conditioned,tier_B_or_better,B_exact_pair,B,B,0.50225,0.5117499999999999,0.712,fAulAsc157+fAulAsc154:0.502;fAulAsc158+fAulAsc153:0.279;fAulAsc158+fAulAsc154:0.210,fAulAsc157:0.512;fAulAsc158:0.488,fAulAsc154:0.712;fAulAsc153:0.288,zero_parent,False,0.0,,tier_B,independently_supplied_by_cross_users,False,parent identities ranked within an independently guaranteed complete 14-pair recorded-F1 candidate panel
2021cicX11218875,2021cicX11218875,fAulAsc81,AA80,sequenced_individual,F2,F2,,M,2021cicX11218968,2021cicX11218971,fAulAsc150,fAulAsc153,2021cicX11218968,2021cicX11218971,fAulAsc150,fAulAsc153,two_observed_parent_working_hypothesis,B_exact_pair,,"No real individual-level trio ground truth is available; tier labels describe relative identity stability conditional on the eligible candidate panel, not absolute parent presence. Blank fields mean unresolved or unsequenced rather than biological absence.",all_marker_phase_invariant_plus_reset_aware_linkage_parent_GL_conditioned,tier_B_or_better,B_exact_pair,A,B,0.6935,0.99425,0.69775,fAulAsc150+fAulAsc153:0.694;fAulAsc150+fAulAsc154:0.301,fAulAsc150:0.994,fAulAsc153:0.698;fAulAsc154:0.302,father_only,False,0.0,,tier_B,independently_supplied_by_cross_users,False,parent identities ranked within an independently guaranteed complete 14-pair recorded-F1 candidate panel
2021cicX11218876,2021cicX11218876,fAulAsc82,AA81,sequenced_individual,F2,F2,,M,2021cicX11218969,2021cicX11218972,fAulAsc151,fAulAsc154,2021cicX11218969,2021cicX11218972,fAulAsc151,fAulAsc154,two_observed_parent_working_hypothesis,B_exact_pair,,"No real individual-level trio ground truth is available; tier labels describe relative identity stability conditional on the eligible candidate panel, not absolute parent presence. Blank fields mean unresolved or unsequenced rather than biological absence.",all_marker_phase_invariant_plus_reset_aware_linkage_parent_GL_conditioned,tier_B_or_better,B_exact_pair,B,B,0.6535,0.88825,0.7057499999999999,fAulAsc151+fAulAsc154:0.653;fAulAsc151+fAulAsc153:0.235;fAulAsc150+fAulAsc153:0.059;fAulAsc156+fAulAsc154:0.026,fAulAsc151:0.888;fAulAsc150:0.059;fAulAsc156:0.026,fAulAsc154:0.706;fAulAsc153:0.294,father_only,False,0.0,,tier_B,independently_supplied_by_cross_users,False,parent identities ranked within an independently guaranteed complete 14-pair recorded-F1 candidate panel
2021cicX11218877,2021cicX11218877,fAulAsc83,AA82,sequenced_individual,F2,F2,,M,2021cicX11218976,,fAulAsc158,,2021cicX11218976,2021cicX11218971,fAulAsc158,fAulAsc153,one_observed_parent_reported,B_one_parent_identity,,"No real individual-level trio ground truth is available; tier labels describe relative identity stability conditional on the eligible candidate panel, not absolute parent presence. Blank fields mean unresolved or unsequenced rather than biological absence.",all_marker_phase_invariant_plus_reset_aware_linkage_parent_GL_conditioned,tier_B_or_better,B_one_parent_identity,B,C,0.63675,0.9275,0.683,fAulAsc158+fAulAsc153:0.637;fAulAsc158+fAulAsc154:0.291;fAulAsc157+fAulAsc153:0.046,fAulAsc158:0.927;fAulAsc157:0.072,fAulAsc153:0.683;fAulAsc154:0.317,zero_parent,False,1.0,,tier_B,independently_supplied_by_cross_users,False,parent identities ranked within an independently guaranteed complete 14-pair recorded-F1 candidate panel
2021cicX11218878,2021cicX11218878,fAulAsc84,AA83,sequenced_individual,F2,F2,,M,2021cicX11218976,2021cicX11218972,fAulAsc158,fAulAsc154,2021cicX11218976,2021cicX11218972,fAulAsc158,fAulAsc154,two_observed_parent_working_hypothesis,B_exact_pair,,"No real individual-level trio ground truth is available; tier labels describe relative identity stability conditional on the eligible candidate panel, not absolute parent presence. Blank fields mean unresolved or unsequenced rather than biological absence.",all_marker_phase_invariant_plus_reset_aware_linkage_parent_GL_conditioned,tier_B_or_better,B_exact_pair,B,B,0.60975,0.68625,0.71675,fAulAsc158+fAulAsc154:0.610;fAulAsc157+fAulAsc153:0.206;fAulAsc157+fAulAsc154:0.107;fAulAsc158+fAulAsc153:0.076,fAulAsc158:0.686;fAulAsc157:0.313,fAulAsc154:0.717;fAulAsc153:0.283,zero_parent,False,0.0,,tier_B,independently_supplied_by_cross_users,False,parent identities ranked within an independently guaranteed complete 14-pair recorded-F1 candidate panel
2021cicX11218879,2021cicX11218879,fAulAsc85,AA84,sequenced_individual,F2,F2,,M,2021cicX11218968,2021cicX11218972,fAulAsc150,fAulAsc154,2021cicX11218968,2021cicX11218972,fAulAsc150,fAulAsc154,two_observed_parent_working_hypothesis,A_exact_pair,,"No real individual-level trio ground truth is available; tier labels describe relative identity stability conditional on the eligible candidate panel, not absolute parent presence. Blank fields mean unresolved or unsequenced rather than biological absence.",all_marker_phase_invariant_plus_reset_aware_linkage_parent_GL_conditioned,tier_B_or_better,A_exact_pair,A,A,1.0,1.0,1.0,fAulAsc150+fAulAsc154:1.000,fAulAsc150:1.000,fAulAsc154:1.000,father_only,False,0.0,,tier_B,independently_supplied_by_cross_users,False,parent identities ranked within an independently guaranteed complete 14-pair recorded-F1 candidate panel
2021cicX11218880,2021cicX11218880,fAulAsc86,AA85,sequenced_individual,F2,F2,,M,2021cicX11218968,2021cicX11218972,fAulAsc150,fAulAsc154,2021cicX11218968,2021cicX11218972,fAulAsc150,fAulAsc154,two_observed_parent_working_hypothesis,B_exact_pair,,"No real individual-level trio ground truth is available; tier labels describe relative identity stability conditional on the eligible candidate panel, not absolute parent presence. Blank fields mean unresolved or unsequenced rather than biological absence.",all_marker_phase_invariant_plus_reset_aware_linkage_parent_GL_conditioned,tier_B_or_better,B_exact_pair,A,B,0.722,0.9875,0.7334999999999999,fAulAsc150+fAulAsc154:0.722;fAulAsc150+fAulAsc153:0.266,fAulAsc150:0.988,fAulAsc154:0.733;fAulAsc153:0.267,father_only,False,0.0,,tier_B,independently_supplied_by_cross_users,False,parent identities ranked within an independently guaranteed complete 14-pair recorded-F1 candidate panel
2021cicX11218881,2021cicX11218881,fAulAsc87,AA86,sequenced_individual,F2,F2,,M,2021cicX11218976,,fAulAsc158,,2021cicX11218976,2021cicX11218972,fAulAsc158,fAulAsc154,one_observed_parent_reported,B_one_parent_identity,,"No real individual-level trio ground truth is available; tier labels describe relative identity stability conditional on the eligible candidate panel, not absolute parent presence. Blank fields mean unresolved or unsequenced rather than biological absence.",all_marker_phase_invariant_plus_reset_aware_linkage_parent_GL_conditioned,tier_B_or_better,B_one_parent_identity,B,C,0.6175,0.74375,0.6717500000000001,fAulAsc158+fAulAsc154:0.618;fAulAsc157+fAulAsc153:0.201;fAulAsc158+fAulAsc153:0.126;fAulAsc157+fAulAsc154:0.054,fAulAsc158:0.744;fAulAsc157:0.255,fAulAsc154:0.672;fAulAsc153:0.328,zero_parent,False,1.0,,tier_B,independently_supplied_by_cross_users,False,parent identities ranked within an independently guaranteed complete 14-pair recorded-F1 candidate panel
2021cicX11218882,2021cicX11218882,fAulAsc88,AA87,sequenced_individual,F2,F2,,M,,,,,2021cicX11218976,2021cicX11218972,fAulAsc158,fAulAsc154,observed_parent_identity_unresolved,C_complete_working_hypothesis,,"No real individual-level trio ground truth is available; tier labels describe relative identity stability conditional on the eligible candidate panel, not absolute parent presence. Blank fields mean unresolved or unsequenced rather than biological absence.",all_marker_phase_invariant_plus_reset_aware_linkage_parent_GL_conditioned,tier_B_or_better,C_complete_working_hypothesis,C,C,0.50475,0.7662500000000001,0.59475,fAulAsc158+fAulAsc154:0.505;fAulAsc158+fAulAsc153:0.262;fAulAsc157+fAulAsc153:0.144;fAulAsc157+fAulAsc154:0.090,fAulAsc158:0.766;fAulAsc157:0.234,fAulAsc154:0.595;fAulAsc153:0.405,father_only,False,2.0,,tier_B,independently_supplied_by_cross_users,False,parent identities ranked within an independently guaranteed complete 14-pair recorded-F1 candidate panel
2021cicX11218883,2021cicX11218883,fAulAsc89,AA88,sequenced_individual,F2,F2,,M,2021cicX11218976,2021cicX11218972,fAulAsc158,fAulAsc154,2021cicX11218976,2021cicX11218972,fAulAsc158,fAulAsc154,two_observed_parent_working_hypothesis,B_exact_pair,,"No real individual-level trio ground truth is available; tier labels describe relative identity stability conditional on the eligible candidate panel, not absolute parent presence. Blank fields mean unresolved or unsequenced rather than biological absence.",all_marker_phase_invariant_plus_reset_aware_linkage_parent_GL_conditioned,tier_B_or_better,B_exact_pair,B,B,0.58,0.8432499999999999,0.67425,fAulAsc158+fAulAsc154:0.580;fAulAsc158+fAulAsc153:0.263;fAulAsc157+fAulAsc154:0.092;fAulAsc157+fAulAsc153:0.062,fAulAsc158:0.843;fAulAsc157:0.155,fAulAsc154:0.674;fAulAsc153:0.326,zero_parent,False,0.0,,tier_B,independently_supplied_by_cross_users,False,parent identities ranked within an independently guaranteed complete 14-pair recorded-F1 candidate panel
2021cicX11218884,2021cicX11218884,fAulAsc90,AA89,sequenced_individual,F2,F2,,M,2021cicX11218976,2021cicX11218972,fAulAsc158,fAulAsc154,2021cicX11218976,2021cicX11218972,fAulAsc158,fAulAsc154,two_observed_parent_working_hypothesis,B_exact_pair,,"No real individual-level trio ground truth is available; tier labels describe relative identity stability conditional on the eligible candidate panel, not absolute parent presence. Blank fields mean unresolved or unsequenced rather than biological absence.",all_marker_phase_invariant_plus_reset_aware_linkage_parent_GL_conditioned,tier_B_or_better,B_exact_pair,B,B,0.51325,0.72375,0.7525,fAulAsc158+fAulAsc154:0.513;fAulAsc157+fAulAsc154:0.238;fAulAsc158+fAulAsc153:0.210,fAulAsc158:0.724;fAulAsc157:0.275,fAulAsc154:0.752;fAulAsc153:0.247,zero_parent,False,0.0,,tier_B,independently_supplied_by_cross_users,False,parent identities ranked within an independently guaranteed complete 14-pair recorded-F1 candidate panel
2021cicX11218885,2021cicX11218885,fAulAsc91,AA90,sequenced_individual,F2,F2,,M,2021cicX11218968,2021cicX11218972,fAulAsc150,fAulAsc154,2021cicX11218968,2021cicX11218972,fAulAsc150,fAulAsc154,two_observed_parent_working_hypothesis,B_exact_pair,,"No real individual-level trio ground truth is available; tier labels describe relative identity stability conditional on the eligible candidate panel, not absolute parent presence. Blank fields mean unresolved or unsequenced rather than biological absence.",all_marker_phase_invariant_plus_reset_aware_linkage_parent_GL_conditioned,tier_B_or_better,B_exact_pair,B,B,0.579,0.87725,0.63825,fAulAsc150+fAulAsc154:0.579;fAulAsc150+fAulAsc153:0.298;fAulAsc151+fAulAsc153:0.063;fAulAsc155+fAulAsc154:0.055,fAulAsc150:0.877;fAulAsc151:0.063;fAulAsc155:0.055,fAulAsc154:0.638;fAulAsc153:0.362,zero_parent,False,0.0,,tier_B,independently_supplied_by_cross_users,False,parent identities ranked within an independently guaranteed complete 14-pair recorded-F1 candidate panel
2021cicX11218886,2021cicX11218886,fAulAsc92,AA91,sequenced_individual,F2,F2,,M,2021cicX11218976,,fAulAsc158,,2021cicX11218976,2021cicX11218971,fAulAsc158,fAulAsc153,one_observed_parent_reported,B_one_parent_identity,,"No real individual-level trio ground truth is available; tier labels describe relative identity stability conditional on the eligible candidate panel, not absolute parent presence. Blank fields mean unresolved or unsequenced rather than biological absence.",all_marker_phase_invariant_plus_reset_aware_linkage_parent_GL_conditioned,tier_B_or_better,B_one_parent_identity,B,C,0.4275,0.728,0.48275,fAulAsc158+fAulAsc153:0.427;fAulAsc158+fAulAsc154:0.300;fAulAsc157+fAulAsc154:0.217;fAulAsc157+fAulAsc153:0.055,fAulAsc158:0.728;fAulAsc157:0.272,fAulAsc154:0.517;fAulAsc153:0.483,zero_parent,False,1.0,,tier_B,independently_supplied_by_cross_users,False,parent identities ranked within an independently guaranteed complete 14-pair recorded-F1 candidate panel
2021cicX11218887,2021cicX11218887,fAulAsc93,AA92,sequenced_individual,F2,F2,,M,2021cicX11218976,2021cicX11218972,fAulAsc158,fAulAsc154,2021cicX11218976,2021cicX11218972,fAulAsc158,fAulAsc154,two_observed_parent_working_hypothesis,B_both_parent_identities_pair_ambiguous,,"No real individual-level trio ground truth is available; tier labels describe relative identity stability conditional on the eligible candidate panel, not absolute parent presence. Blank fields mean unresolved or unsequenced rather than biological absence.",all_marker_phase_invariant_plus_reset_aware_linkage_parent_GL_conditioned,tier_B_or_better,B_both_parent_identities_pair_ambiguous,B,B,0.482,0.8035,0.588,fAulAsc158+fAulAsc154:0.482;fAulAsc158+fAulAsc153:0.322;fAulAsc157+fAulAsc154:0.104;fAulAsc157+fAulAsc153:0.089,fAulAsc158:0.803;fAulAsc157:0.194,fAulAsc154:0.588;fAulAsc153:0.412,zero_parent,False,0.0,,tier_B,independently_supplied_by_cross_users,False,parent identities ranked within an independently guaranteed complete 14-pair recorded-F1 candidate panel
2021cicX11218888,2021cicX11218888,fAulAsc94,AA93,sequenced_individual,F2,F2,,M,2021cicX11218968,2021cicX11218972,fAulAsc150,fAulAsc154,2021cicX11218968,2021cicX11218972,fAulAsc150,fAulAsc154,two_observed_parent_working_hypothesis,B_exact_pair,,"No real individual-level trio ground truth is available; tier labels describe relative identity stability conditional on the eligible candidate panel, not absolute parent presence. Blank fields mean unresolved or unsequenced rather than biological absence.",all_marker_phase_invariant_plus_reset_aware_linkage_parent_GL_conditioned,tier_B_or_better,B_exact_pair,B,B,0.72625,0.942,0.78425,fAulAsc150+fAulAsc154:0.726;fAulAsc150+fAulAsc153:0.216;fAulAsc155+fAulAsc154:0.055,fAulAsc150:0.942;fAulAsc155:0.055,fAulAsc154:0.784;fAulAsc153:0.216,father_only,False,0.0,,tier_B,independently_supplied_by_cross_users,False,parent identities ranked within an independently guaranteed complete 14-pair recorded-F1 candidate panel
2021cicX11218889,2021cicX11218889,fAulAsc95,AA94,sequenced_individual,F2,F2,,M,,,,,2021cicX11218975,2021cicX11218972,fAulAsc157,fAulAsc154,observed_parent_identity_unresolved,C_complete_working_hypothesis,,"No real individual-level trio ground truth is available; tier labels describe relative identity stability conditional on the eligible candidate panel, not absolute parent presence. Blank fields mean unresolved or unsequenced rather than biological absence.",all_marker_phase_invariant_plus_reset_aware_linkage_parent_GL_conditioned,tier_B_or_better,C_complete_working_hypothesis,C,C,0.3365,0.5995,0.6345000000000001,fAulAsc157+fAulAsc154:0.337;fAulAsc158+fAulAsc154:0.297;fAulAsc157+fAulAsc153:0.263;fAulAsc158+fAulAsc153:0.098,fAulAsc157:0.600;fAulAsc158:0.394,fAulAsc154:0.635;fAulAsc153:0.366,zero_parent,False,2.0,,tier_B,independently_supplied_by_cross_users,False,parent identities ranked within an independently guaranteed complete 14-pair recorded-F1 candidate panel
2021cicX11218890,2021cicX11218890,fAulAsc96,AA95,sequenced_individual,F2,F2,,M,2021cicX11218975,2021cicX11218971,fAulAsc157,fAulAsc153,2021cicX11218975,2021cicX11218971,fAulAsc157,fAulAsc153,two_observed_parent_working_hypothesis,B_exact_pair,,"No real individual-level trio ground truth is available; tier labels describe relative identity stability conditional on the eligible candidate panel, not absolute parent presence. Blank fields mean unresolved or unsequenced rather than biological absence.",all_marker_phase_invariant_plus_reset_aware_linkage_parent_GL_conditioned,tier_B_or_better,B_exact_pair,B,B,0.55625,0.7090000000000001,0.65575,fAulAsc157+fAulAsc153:0.556;fAulAsc158+fAulAsc154:0.192;fAulAsc157+fAulAsc154:0.153;fAulAsc158+fAulAsc153:0.100,fAulAsc157:0.709;fAulAsc158:0.291,fAulAsc153:0.656;fAulAsc154:0.344,zero_parent,False,0.0,,tier_B,independently_supplied_by_cross_users,False,parent identities ranked within an independently guaranteed complete 14-pair recorded-F1 candidate panel
2021cicX11218915,2021cicX11218915,fAulAsc97,AA96,sequenced_individual,F2,F2,,M,,2021cicX11218972,,fAulAsc154,2021cicX11218975,2021cicX11218972,fAulAsc157,fAulAsc154,one_observed_parent_reported,B_one_parent_identity,,"No real individual-level trio ground truth is available; tier labels describe relative identity stability conditional on the eligible candidate panel, not absolute parent presence. Blank fields mean unresolved or unsequenced rather than biological absence.",all_marker_phase_invariant_plus_reset_aware_linkage_parent_GL_conditioned,tier_B_or_better,B_one_parent_identity,C,B,0.3865,0.57475,0.804,fAulAsc158+fAulAsc154:0.417;fAulAsc157+fAulAsc154:0.387;fAulAsc157+fAulAsc153:0.188,fAulAsc157:0.575;fAulAsc158:0.417,fAulAsc154:0.804;fAulAsc153:0.196,zero_parent,False,1.0,,tier_B,independently_supplied_by_cross_users,False,parent identities ranked within an independently guaranteed complete 14-pair recorded-F1 candidate panel
2021cicX11218916,2021cicX11218916,fAulAsc98,AA97,sequenced_individual,F2,F2,,M,2021cicX11218976,2021cicX11218972,fAulAsc158,fAulAsc154,2021cicX11218976,2021cicX11218972,fAulAsc158,fAulAsc154,two_observed_parent_working_hypothesis,B_exact_pair,,"No real individual-level trio ground truth is available; tier labels describe relative identity stability conditional on the eligible candidate panel, not absolute parent presence. Blank fields mean unresolved or unsequenced rather than biological absence.",all_marker_phase_invariant_plus_reset_aware_linkage_parent_GL_conditioned,tier_B_or_better,B_exact_pair,B,A,0.8605,0.879,0.967,fAulAsc158+fAulAsc154:0.861;fAulAsc157+fAulAsc154:0.106,fAulAsc158:0.879;fAulAsc157:0.121,fAulAsc154:0.967,zero_parent,False,0.0,,tier_B,independently_supplied_by_cross_users,False,parent identities ranked within an independently guaranteed complete 14-pair recorded-F1 candidate panel
2021cicX11218917,2021cicX11218917,fAulAsc99,AA98,sequenced_individual,F2,F2,,M,2021cicX11218969,2021cicX11218972,fAulAsc151,fAulAsc154,2021cicX11218969,2021cicX11218972,fAulAsc151,fAulAsc154,two_observed_parent_working_hypothesis,B_exact_pair,,"No real individual-level trio ground truth is available; tier labels describe relative identity stability conditional on the eligible candidate panel, not absolute parent presence. Blank fields mean unresolved or unsequenced rather than biological absence.",all_marker_phase_invariant_plus_reset_aware_linkage_parent_GL_conditioned,tier_B_or_better,B_exact_pair,B,B,0.66625,0.669,0.92025,fAulAsc151+fAulAsc154:0.666;fAulAsc152+fAulAsc154:0.225;fAulAsc150+fAulAsc153:0.073,fAulAsc151:0.669;fAulAsc152:0.225;fAulAsc150:0.102,fAulAsc154:0.920;fAulAsc153:0.080,zero_parent,False,0.0,,tier_B,independently_supplied_by_cross_users,False,parent identities ranked within an independently guaranteed complete 14-pair recorded-F1 candidate panel
2021cicX11218918,2021cicX11218918,fAulAsc100,AA99,sequenced_individual,F2,F2,,M,,2021cicX11218972,,fAulAsc154,2021cicX11218975,2021cicX11218972,fAulAsc157,fAulAsc154,one_observed_parent_reported,B_one_parent_identity,,"No real individual-level trio ground truth is available; tier labels describe relative identity stability conditional on the eligible candidate panel, not absolute parent presence. Blank fields mean unresolved or unsequenced rather than biological absence.",all_marker_phase_invariant_plus_reset_aware_linkage_parent_GL_conditioned,tier_B_or_better,B_one_parent_identity,C,B,0.5495,0.583,0.82325,fAulAsc157+fAulAsc154:0.549;fAulAsc158+fAulAsc154:0.274;fAulAsc158+fAulAsc153:0.141,fAulAsc157:0.583;fAulAsc158:0.415,fAulAsc154:0.823;fAulAsc153:0.177,zero_parent,False,1.0,,tier_B,independently_supplied_by_cross_users,False,parent identities ranked within an independently guaranteed complete 14-pair recorded-F1 candidate panel
2021cicX11218919,2021cicX11218919,fAulAsc101,AA100,sequenced_individual,F2,F2,,M,2021cicX11218975,2021cicX11218972,fAulAsc157,fAulAsc154,2021cicX11218975,2021cicX11218972,fAulAsc157,fAulAsc154,two_observed_parent_working_hypothesis,B_exact_pair,,"No real individual-level trio ground truth is available; tier labels describe relative identity stability conditional on the eligible candidate panel, not absolute parent presence. Blank fields mean unresolved or unsequenced rather than biological absence.",all_marker_phase_invariant_plus_reset_aware_linkage_parent_GL_conditioned,tier_B_or_better,B_exact_pair,B,A,0.6225,0.629,0.9705,fAulAsc157+fAulAsc154:0.623;fAulAsc158+fAulAsc154:0.348,fAulAsc157:0.629;fAulAsc158:0.371,fAulAsc154:0.971,zero_parent,False,0.0,,tier_B,independently_supplied_by_cross_users,False,parent identities ranked within an independently guaranteed complete 14-pair recorded-F1 candidate panel
2021cicX11218920,2021cicX11218920,fAulAsc102,AA101,sequenced_individual,F2,F2,,M,2021cicX11218976,2021cicX11218972,fAulAsc158,fAulAsc154,2021cicX11218976,2021cicX11218972,fAulAsc158,fAulAsc154,two_observed_parent_working_hypothesis,B_exact_pair,,"No real individual-level trio ground truth is available; tier labels describe relative identity stability conditional on the eligible candidate panel, not absolute parent presence. Blank fields mean unresolved or unsequenced rather than biological absence.",all_marker_phase_invariant_plus_reset_aware_linkage_parent_GL_conditioned,tier_B_or_better,B_exact_pair,B,B,0.639,0.7095,0.89425,fAulAsc158+fAulAsc154:0.639;fAulAsc157+fAulAsc154:0.255;fAulAsc158+fAulAsc153:0.070,fAulAsc158:0.710;fAulAsc157:0.290,fAulAsc154:0.894;fAulAsc153:0.106,zero_parent,False,0.0,,tier_B,independently_supplied_by_cross_users,False,parent identities ranked within an independently guaranteed complete 14-pair recorded-F1 candidate panel
2021cicX11218921,2021cicX11218921,fAulAsc103,AA102,sequenced_individual,F2,F2,,M,,2021cicX11218972,,fAulAsc154,2021cicX11218975,2021cicX11218972,fAulAsc157,fAulAsc154,one_observed_parent_reported,A_one_parent_identity,,"No real individual-level trio ground truth is available; tier labels describe relative identity stability conditional on the eligible candidate panel, not absolute parent presence. Blank fields mean unresolved or unsequenced rather than biological absence.",all_marker_phase_invariant_plus_reset_aware_linkage_parent_GL_conditioned,tier_B_or_better,A_one_parent_identity,C,A,0.49575,0.501,0.95325,fAulAsc157+fAulAsc154:0.496;fAulAsc158+fAulAsc154:0.457,fAulAsc157:0.501;fAulAsc158:0.498,fAulAsc154:0.953,zero_parent,False,1.0,,tier_B,independently_supplied_by_cross_users,False,parent identities ranked within an independently guaranteed complete 14-pair recorded-F1 candidate panel
2021cicX11218922,2021cicX11218922,fAulAsc104,AA103,sequenced_individual,F2,F2,,M,2021cicX11218975,2021cicX11218972,fAulAsc157,fAulAsc154,2021cicX11218975,2021cicX11218972,fAulAsc157,fAulAsc154,two_observed_parent_working_hypothesis,B_exact_pair,,"No real individual-level trio ground truth is available; tier labels describe relative identity stability conditional on the eligible candidate panel, not absolute parent presence. Blank fields mean unresolved or unsequenced rather than biological absence.",all_marker_phase_invariant_plus_reset_aware_linkage_parent_GL_conditioned,tier_B_or_better,B_exact_pair,B,A,0.855,0.874,0.961,fAulAsc157+fAulAsc154:0.855;fAulAsc158+fAulAsc154:0.106,fAulAsc157:0.874;fAulAsc158:0.125,fAulAsc154:0.961,zero_parent,False,0.0,,tier_B,independently_supplied_by_cross_users,False,parent identities ranked within an independently guaranteed complete 14-pair recorded-F1 candidate panel
2021cicX11218923,2021cicX11218923,fAulAsc105,AA104,sequenced_individual,F2,F2,,M,,,,,2021cicX11218976,2021cicX11218971,fAulAsc158,fAulAsc153,observed_parent_identity_unresolved,C_complete_working_hypothesis,,"No real individual-level trio ground truth is available; tier labels describe relative identity stability conditional on the eligible candidate panel, not absolute parent presence. Blank fields mean unresolved or unsequenced rather than biological absence.",all_marker_phase_invariant_plus_reset_aware_linkage_parent_GL_conditioned,tier_B_or_better,C_complete_working_hypothesis,C,C,0.5365,0.67225,0.565,fAulAsc158+fAulAsc153:0.536;fAulAsc157+fAulAsc154:0.298;fAulAsc158+fAulAsc154:0.136,fAulAsc158:0.672;fAulAsc157:0.325,fAulAsc153:0.565;fAulAsc154:0.435,zero_parent,False,2.0,,tier_B,independently_supplied_by_cross_users,False,parent identities ranked within an independently guaranteed complete 14-pair recorded-F1 candidate panel
2021cicX11218924,2021cicX11218924,fAulAsc106,AA105,sequenced_individual,F2,F2,,M,2021cicX11218975,2021cicX11218972,fAulAsc157,fAulAsc154,2021cicX11218975,2021cicX11218972,fAulAsc157,fAulAsc154,two_observed_parent_working_hypothesis,B_exact_pair,,"No real individual-level trio ground truth is available; tier labels describe relative identity stability conditional on the eligible candidate panel, not absolute parent presence. Blank fields mean unresolved or unsequenced rather than biological absence.",all_marker_phase_invariant_plus_reset_aware_linkage_parent_GL_conditioned,tier_B_or_better,B_exact_pair,B,B,0.7235,0.74575,0.8714999999999999,fAulAsc157+fAulAsc154:0.724;fAulAsc158+fAulAsc154:0.148;fAulAsc158+fAulAsc153:0.106,fAulAsc157:0.746;fAulAsc158:0.254,fAulAsc154:0.871;fAulAsc153:0.129,zero_parent,False,0.0,,tier_B,independently_supplied_by_cross_users,False,parent identities ranked within an independently guaranteed complete 14-pair recorded-F1 candidate panel
2021cicX11218925,2021cicX11218925,fAulAsc107,AA106,sequenced_individual,F2,F2,,M,2021cicX11218968,2021cicX11218971,fAulAsc150,fAulAsc153,2021cicX11218968,2021cicX11218971,fAulAsc150,fAulAsc153,two_observed_parent_working_hypothesis,A_exact_pair,,"No real individual-level trio ground truth is available; tier labels describe relative identity stability conditional on the eligible candidate panel, not absolute parent presence. Blank fields mean unresolved or unsequenced rather than biological absence.",all_marker_phase_invariant_plus_reset_aware_linkage_parent_GL_conditioned,tier_B_or_better,A_exact_pair,A,A,1.0,1.0,1.0,fAulAsc150+fAulAsc153:1.000,fAulAsc150:1.000,fAulAsc153:1.000,two_parent,False,0.0,,tier_B,independently_supplied_by_cross_users,False,parent identities ranked within an independently guaranteed complete 14-pair recorded-F1 candidate panel
2021cicX11218926,2021cicX11218926,fAulAsc108,AA107,sequenced_individual,F2,F2,,M,2021cicX11218976,2021cicX11218972,fAulAsc158,fAulAsc154,2021cicX11218976,2021cicX11218972,fAulAsc158,fAulAsc154,two_observed_parent_working_hypothesis,B_exact_pair,,"No real individual-level trio ground truth is available; tier labels describe relative identity stability conditional on the eligible candidate panel, not absolute parent presence. Blank fields mean unresolved or unsequenced rather than biological absence.",all_marker_phase_invariant_plus_reset_aware_linkage_parent_GL_conditioned,tier_B_or_better,B_exact_pair,B,B,0.5935,0.83625,0.74925,fAulAsc158+fAulAsc154:0.594;fAulAsc158+fAulAsc153:0.243;fAulAsc157+fAulAsc154:0.156,fAulAsc158:0.836;fAulAsc157:0.164,fAulAsc154:0.749;fAulAsc153:0.251,father_only,False,0.0,,tier_B,independently_supplied_by_cross_users,False,parent identities ranked within an independently guaranteed complete 14-pair recorded-F1 candidate panel
2021cicX11218927,2021cicX11218927,fAulAsc109,AA108,sequenced_individual,F3,F3,,M,2021cicX11218832,,fAulAsc38,,2021cicX11218832,,fAulAsc38,,one_observed_F2_parent_plus_unsequenced_mate,A_observed_F2_parent,1.0,"No real individual-level trio ground truth is available; tier labels describe relative identity stability conditional on the eligible candidate panel, not absolute parent presence. Blank fields mean unresolved or unsequenced rather than biological absence.",all_marker_phase_invariant_plus_reset_aware_linkage_parent_GL_conditioned,tier_B_or_better,A_observed_F2_parent,A,unsequenced,,,,,fAulAsc38:0.983,,one_observed_parent,True,0.0,0.9825,tier_B,,False,one observed F2 father identity plus an unsequenced biological mate
2021cicX11218928,2021cicX11218928,fAulAsc110,AA109,sequenced_individual,F3,F3,,M,2021cicX11218832,,fAulAsc38,,2021cicX11218832,,fAulAsc38,,one_observed_F2_parent_plus_unsequenced_mate,B_observed_F2_parent,1.0,"No real individual-level trio ground truth is available; tier labels describe relative identity stability conditional on the eligible candidate panel, not absolute parent presence. Blank fields mean unresolved or unsequenced rather than biological absence.",all_marker_phase_invariant_plus_reset_aware_linkage_parent_GL_conditioned,tier_B_or_better,B_observed_F2_parent,B,unsequenced,,,,,fAulAsc38:0.864;fAulAsc34:0.046;fAulAsc141:0.042,,one_observed_parent,True,0.0,0.86375,tier_B,,False,one observed F2 father identity plus an unsequenced biological mate
2021cicX11218929,2021cicX11218929,fAulAsc111,AA110,sequenced_individual,F3,F3,,M,,,,,2021cicX11218813,,fAulAsc19,,observed_F2_parent_identity_unresolved,C_complete_working_hypothesis,1.0,"No real individual-level trio ground truth is available; tier labels describe relative identity stability conditional on the eligible candidate panel, not absolute parent presence. Blank fields mean unresolved or unsequenced rather than biological absence.",all_marker_phase_invariant_plus_reset_aware_linkage_parent_GL_conditioned,tier_B_or_better,C_complete_working_hypothesis,C,unsequenced,,,,,fAulAsc19:0.527;fAulAsc106:0.392;fAulAsc57:0.029;fAulAsc27:0.017,,one_observed_parent,True,1.0,0.52675,tier_B,,False,observed F2 father identity unresolved
2021cicX11218930,2021cicX11218930,fAulAsc112,AA111,sequenced_individual,F3,F3,,M,2021cicX11218813,,fAulAsc19,,2021cicX11218813,,fAulAsc19,,one_observed_F2_parent_plus_unsequenced_mate,B_observed_F2_parent,1.0,"No real individual-level trio ground truth is available; tier labels describe relative identity stability conditional on the eligible candidate panel, not absolute parent presence. Blank fields mean unresolved or unsequenced rather than biological absence.",all_marker_phase_invariant_plus_reset_aware_linkage_parent_GL_conditioned,tier_B_or_better,B_observed_F2_parent,B,unsequenced,,,,,fAulAsc19:0.694;fAulAsc106:0.269,,one_observed_parent,True,0.0,0.69425,tier_B,,False,one observed F2 father identity plus an unsequenced biological mate
2021cicX11218931,2021cicX11218931,fAulAsc113,AA112,sequenced_individual,F3,F3,,M,2021cicX11218826,,fAulAsc32,,2021cicX11218826,,fAulAsc32,,one_observed_F2_parent_plus_unsequenced_mate,B_observed_F2_parent,1.0,"No real individual-level trio ground truth is available; tier labels describe relative identity stability conditional on the eligible candidate panel, not absolute parent presence. Blank fields mean unresolved or unsequenced rather than biological absence.",all_marker_phase_invariant_plus_reset_aware_linkage_parent_GL_conditioned,tier_B_or_better,B_observed_F2_parent,B,unsequenced,,,,,fAulAsc32:0.920;fAulAsc3:0.025;fAulAsc87:0.024,,one_observed_parent,True,0.0,0.92025,tier_B,,False,one observed F2 father identity plus an unsequenced biological mate
2021cicX11218932,2021cicX11218932,fAulAsc114,AA113,sequenced_individual,F3,F3,,M,2021cicX11218832,,fAulAsc38,,2021cicX11218832,,fAulAsc38,,one_observed_F2_parent_plus_unsequenced_mate,B_observed_F2_parent,1.0,"No real individual-level trio ground truth is available; tier labels describe relative identity stability conditional on the eligible candidate panel, not absolute parent presence. Blank fields mean unresolved or unsequenced rather than biological absence.",all_marker_phase_invariant_plus_reset_aware_linkage_parent_GL_conditioned,tier_B_or_better,B_observed_F2_parent,B,unsequenced,,,,,fAulAsc38:0.827;fAulAsc59:0.081;fAulAsc24:0.045,,one_observed_parent,True,0.0,0.82675,tier_B,,False,one observed F2 father identity plus an unsequenced biological mate
2021cicX11218933,2021cicX11218933,fAulAsc115,AA114,sequenced_individual,F3,F3,,M,2021cicX11218826,,fAulAsc32,,2021cicX11218826,,fAulAsc32,,one_observed_F2_parent_plus_unsequenced_mate,B_observed_F2_parent,1.0,"No real individual-level trio ground truth is available; tier labels describe relative identity stability conditional on the eligible candidate panel, not absolute parent presence. Blank fields mean unresolved or unsequenced rather than biological absence.",all_marker_phase_invariant_plus_reset_aware_linkage_parent_GL_conditioned,tier_B_or_better,B_observed_F2_parent,B,unsequenced,,,,,fAulAsc32:0.854;fAulAsc86:0.086;fAulAsc59:0.044,,one_observed_parent,True,0.0,0.85425,tier_B,,False,one observed F2 father identity plus an unsequenced biological mate
2021cicX11218934,2021cicX11218934,fAulAsc116,AA115,sequenced_individual,F3,F3,,M,2021cicX11218832,,fAulAsc38,,2021cicX11218832,,fAulAsc38,,one_observed_F2_parent_plus_unsequenced_mate,B_observed_F2_parent,1.0,"No real individual-level trio ground truth is available; tier labels describe relative identity stability conditional on the eligible candidate panel, not absolute parent presence. Blank fields mean unresolved or unsequenced rather than biological absence.",all_marker_phase_invariant_plus_reset_aware_linkage_parent_GL_conditioned,tier_B_or_better,B_observed_F2_parent,B,unsequenced,,,,,fAulAsc38:0.901;fAulAsc71:0.048;fAulAsc28:0.019,,one_observed_parent,True,0.0,0.901,tier_B,,False,one observed F2 father identity plus an unsequenced biological mate
2021cicX11218935,2021cicX11218935,fAulAsc117,AA116,sequenced_individual,F3,F3,,M,2021cicX11218832,,fAulAsc38,,2021cicX11218832,,fAulAsc38,,one_observed_F2_parent_plus_unsequenced_mate,B_observed_F2_parent,1.0,"No real individual-level trio ground truth is available; tier labels describe relative identity stability conditional on the eligible candidate panel, not absolute parent presence. Blank fields mean unresolved or unsequenced rather than biological absence.",all_marker_phase_invariant_plus_reset_aware_linkage_parent_GL_conditioned,tier_B_or_better,B_observed_F2_parent,B,unsequenced,,,,,fAulAsc38:0.611;fAulAsc9:0.268;fAulAsc12:0.073,,one_observed_parent,True,0.0,0.61075,tier_B,,False,one observed F2 father identity plus an unsequenced biological mate
2021cicX11218936,2021cicX11218936,fAulAsc118,AA117,sequenced_individual,F3,F3,,M,2021cicX11218826,,fAulAsc32,,2021cicX11218826,,fAulAsc32,,one_observed_F2_parent_plus_unsequenced_mate,B_observed_F2_parent,1.0,"No real individual-level trio ground truth is available; tier labels describe relative identity stability conditional on the eligible candidate panel, not absolute parent presence. Blank fields mean unresolved or unsequenced rather than biological absence.",all_marker_phase_invariant_plus_reset_aware_linkage_parent_GL_conditioned,tier_B_or_better,B_observed_F2_parent,B,unsequenced,,,,,fAulAsc32:0.852;fAulAsc59:0.092;fAulAsc3:0.022,,one_observed_parent,True,0.0,0.85175,tier_B,,False,one observed F2 father identity plus an unsequenced biological mate
2021cicX11218937,2021cicX11218937,fAulAsc119,AA118,sequenced_individual,F3,F3,,M,2021cicX11218819,,fAulAsc25,,2021cicX11218819,,fAulAsc25,,one_observed_F2_parent_plus_unsequenced_mate,B_observed_F2_parent,1.0,"No real individual-level trio ground truth is available; tier labels describe relative identity stability conditional on the eligible candidate panel, not absolute parent presence. Blank fields mean unresolved or unsequenced rather than biological absence.",all_marker_phase_invariant_plus_reset_aware_linkage_parent_GL_conditioned,tier_B_or_better,B_observed_F2_parent,B,unsequenced,,,,,fAulAsc25:0.780;fAulAsc99:0.093;fAulAsc29:0.051;fAulAsc94:0.027,,one_observed_parent,True,0.0,0.78025,tier_B,,False,one observed F2 father identity plus an unsequenced biological mate
2021cicX11218938,2021cicX11218938,fAulAsc120,AA119,sequenced_individual,F3,F3,,M,2021cicX11218832,,fAulAsc38,,2021cicX11218832,,fAulAsc38,,one_observed_F2_parent_plus_unsequenced_mate,B_observed_F2_parent,1.0,"No real individual-level trio ground truth is available; tier labels describe relative identity stability conditional on the eligible candidate panel, not absolute parent presence. Blank fields mean unresolved or unsequenced rather than biological absence.",all_marker_phase_invariant_plus_reset_aware_linkage_parent_GL_conditioned,tier_B_or_better,B_observed_F2_parent,B,unsequenced,,,,,fAulAsc38:0.597;fAulAsc32:0.134;fAulAsc61:0.087;fAulAsc10:0.060;fAulAsc122:0.033;fAulAsc49:0.026;fAulAsc34:0.018,,one_observed_parent,True,0.0,0.5965,tier_B,,False,one observed F2 father identity plus an unsequenced biological mate
2021cicX11218939,2021cicX11218939,fAulAsc121,AA120,sequenced_individual,F3,F3,,M,2021cicX11218832,,fAulAsc38,,2021cicX11218832,,fAulAsc38,,one_observed_F2_parent_plus_unsequenced_mate,B_observed_F2_parent,1.0,"No real individual-level trio ground truth is available; tier labels describe relative identity stability conditional on the eligible candidate panel, not absolute parent presence. Blank fields mean unresolved or unsequenced rather than biological absence.",all_marker_phase_invariant_plus_reset_aware_linkage_parent_GL_conditioned,tier_B_or_better,B_observed_F2_parent,B,unsequenced,,,,,fAulAsc38:0.802;fAulAsc45:0.057;fAulAsc23:0.035;fAulAsc79:0.034;fAulAsc14:0.034,,one_observed_parent,True,0.0,0.802,tier_B,,False,one observed F2 father identity plus an unsequenced biological mate
2021cicX11218940,2021cicX11218940,fAulAsc122,AA121,sequenced_individual,F2,F2,,M,2021cicX11218975,,fAulAsc157,,2021cicX11218975,2021cicX11218972,fAulAsc157,fAulAsc154,one_observed_parent_reported,B_one_parent_identity,,"No real individual-level trio ground truth is available; tier labels describe relative identity stability conditional on the eligible candidate panel, not absolute parent presence. Blank fields mean unresolved or unsequenced rather than biological absence.",all_marker_phase_invariant_plus_reset_aware_linkage_parent_GL_conditioned,tier_B_or_better,B_one_parent_identity,B,C,0.49375,0.92575,0.5627500000000001,fAulAsc157+fAulAsc154:0.494;fAulAsc157+fAulAsc153:0.432;fAulAsc158+fAulAsc154:0.069,fAulAsc157:0.926;fAulAsc158:0.074,fAulAsc154:0.563;fAulAsc153:0.437,father_only,False,1.0,,tier_B,independently_supplied_by_cross_users,False,parent identities ranked within an independently guaranteed complete 14-pair recorded-F1 candidate panel
2021cicX11218941,2021cicX11218941,fAulAsc123,AA122,sequenced_individual,F2,F2,,M,2021cicX11218968,2021cicX11218972,fAulAsc150,fAulAsc154,2021cicX11218968,2021cicX11218972,fAulAsc150,fAulAsc154,two_observed_parent_working_hypothesis,B_exact_pair,,"No real individual-level trio ground truth is available; tier labels describe relative identity stability conditional on the eligible candidate panel, not absolute parent presence. Blank fields mean unresolved or unsequenced rather than biological absence.",all_marker_phase_invariant_plus_reset_aware_linkage_parent_GL_conditioned,tier_B_or_better,B_exact_pair,A,A,0.92925,0.97525,0.954,fAulAsc150+fAulAsc154:0.929;fAulAsc150+fAulAsc153:0.046,fAulAsc150:0.975,fAulAsc154:0.954,father_only,False,0.0,,tier_B,independently_supplied_by_cross_users,False,parent identities ranked within an independently guaranteed complete 14-pair recorded-F1 candidate panel
2021cicX11218942,2021cicX11218942,fAulAsc124,AA123,sequenced_individual,F2,F2,,M,2021cicX11218976,2021cicX11218972,fAulAsc158,fAulAsc154,2021cicX11218976,2021cicX11218972,fAulAsc158,fAulAsc154,two_observed_parent_working_hypothesis,B_exact_pair,,"No real individual-level trio ground truth is available; tier labels describe relative identity stability conditional on the eligible candidate panel, not absolute parent presence. Blank fields mean unresolved or unsequenced rather than biological absence.",all_marker_phase_invariant_plus_reset_aware_linkage_parent_GL_conditioned,tier_B_or_better,B_exact_pair,B,B,0.7995,0.8694999999999999,0.877,fAulAsc158+fAulAsc154:0.799;fAulAsc157+fAulAsc154:0.077;fAulAsc158+fAulAsc153:0.070;fAulAsc157+fAulAsc153:0.051,fAulAsc158:0.869;fAulAsc157:0.129,fAulAsc154:0.877;fAulAsc153:0.123,zero_parent,False,0.0,,tier_B,independently_supplied_by_cross_users,False,parent identities ranked within an independently guaranteed complete 14-pair recorded-F1 candidate panel
2021cicX11218943,2021cicX11218943,fAulAsc125,AA124,sequenced_individual,F2,F2,,M,2021cicX11218975,2021cicX11218972,fAulAsc157,fAulAsc154,2021cicX11218975,2021cicX11218972,fAulAsc157,fAulAsc154,two_observed_parent_working_hypothesis,B_exact_pair,,"No real individual-level trio ground truth is available; tier labels describe relative identity stability conditional on the eligible candidate panel, not absolute parent presence. Blank fields mean unresolved or unsequenced rather than biological absence.",all_marker_phase_invariant_plus_reset_aware_linkage_parent_GL_conditioned,tier_B_or_better,B_exact_pair,B,B,0.764,0.77775,0.914,fAulAsc157+fAulAsc154:0.764;fAulAsc158+fAulAsc154:0.150;fAulAsc158+fAulAsc153:0.072,fAulAsc157:0.778;fAulAsc158:0.222,fAulAsc154:0.914;fAulAsc153:0.086,zero_parent,False,0.0,,tier_B,independently_supplied_by_cross_users,False,parent identities ranked within an independently guaranteed complete 14-pair recorded-F1 candidate panel
2021cicX11218944,2021cicX11218944,fAulAsc126,AA125,sequenced_individual,F2,F2,,M,2021cicX11218976,2021cicX11218972,fAulAsc158,fAulAsc154,2021cicX11218976,2021cicX11218972,fAulAsc158,fAulAsc154,two_observed_parent_working_hypothesis,B_exact_pair,,"No real individual-level trio ground truth is available; tier labels describe relative identity stability conditional on the eligible candidate panel, not absolute parent presence. Blank fields mean unresolved or unsequenced rather than biological absence.",all_marker_phase_invariant_plus_reset_aware_linkage_parent_GL_conditioned,tier_B_or_better,B_exact_pair,B,B,0.648,0.92375,0.69325,fAulAsc158+fAulAsc154:0.648;fAulAsc158+fAulAsc153:0.276;fAulAsc157+fAulAsc154:0.045,fAulAsc158:0.924;fAulAsc157:0.076,fAulAsc154:0.693;fAulAsc153:0.307,zero_parent,False,0.0,,tier_B,independently_supplied_by_cross_users,False,parent identities ranked within an independently guaranteed complete 14-pair recorded-F1 candidate panel
2021cicX11218945,2021cicX11218945,fAulAsc127,AA126,sequenced_individual,F2,F2,,M,,,,,2021cicX11218976,2021cicX11218971,fAulAsc158,fAulAsc153,observed_parent_identity_unresolved,C_complete_working_hypothesis,,"No real individual-level trio ground truth is available; tier labels describe relative identity stability conditional on the eligible candidate panel, not absolute parent presence. Blank fields mean unresolved or unsequenced rather than biological absence.",all_marker_phase_invariant_plus_reset_aware_linkage_parent_GL_conditioned,tier_B_or_better,C_complete_working_hypothesis,C,C,0.572,0.6164999999999999,0.5754999999999999,fAulAsc158+fAulAsc153:0.572;fAulAsc157+fAulAsc154:0.380,fAulAsc158:0.616;fAulAsc157:0.383,fAulAsc153:0.575;fAulAsc154:0.424,zero_parent,False,2.0,,tier_B,independently_supplied_by_cross_users,False,parent identities ranked within an independently guaranteed complete 14-pair recorded-F1 candidate panel
2021cicX11218946,2021cicX11218946,fAulAsc128,AA127,sequenced_individual,F2,F2,,M,2021cicX11218968,2021cicX11218972,fAulAsc150,fAulAsc154,2021cicX11218968,2021cicX11218972,fAulAsc150,fAulAsc154,two_observed_parent_working_hypothesis,B_exact_pair,,"No real individual-level trio ground truth is available; tier labels describe relative identity stability conditional on the eligible candidate panel, not absolute parent presence. Blank fields mean unresolved or unsequenced rather than biological absence.",all_marker_phase_invariant_plus_reset_aware_linkage_parent_GL_conditioned,tier_B_or_better,B_exact_pair,B,B,0.7565,0.88225,0.81875,fAulAsc150+fAulAsc154:0.756;fAulAsc150+fAulAsc153:0.126;fAulAsc151+fAulAsc154:0.062;fAulAsc152+fAulAsc153:0.033,fAulAsc150:0.882;fAulAsc151:0.062;fAulAsc152:0.033,fAulAsc154:0.819;fAulAsc153:0.181,father_only,False,0.0,,tier_B,independently_supplied_by_cross_users,False,parent identities ranked within an independently guaranteed complete 14-pair recorded-F1 candidate panel
2021cicX11218947,2021cicX11218947,fAulAsc129,AA128,sequenced_individual,F2,F2,,M,2021cicX11218976,2021cicX11218972,fAulAsc158,fAulAsc154,2021cicX11218976,2021cicX11218972,fAulAsc158,fAulAsc154,two_observed_parent_working_hypothesis,B_both_parent_identities_pair_ambiguous,,"No real individual-level trio ground truth is available; tier labels describe relative identity stability conditional on the eligible candidate panel, not absolute parent presence. Blank fields mean unresolved or unsequenced rather than biological absence.",all_marker_phase_invariant_plus_reset_aware_linkage_parent_GL_conditioned,tier_B_or_better,B_both_parent_identities_pair_ambiguous,B,B,0.48825,0.64875,0.80825,fAulAsc158+fAulAsc154:0.488;fAulAsc157+fAulAsc154:0.320;fAulAsc158+fAulAsc153:0.161,fAulAsc158:0.649;fAulAsc157:0.346,fAulAsc154:0.808;fAulAsc153:0.192,zero_parent,False,0.0,,tier_B,independently_supplied_by_cross_users,False,parent identities ranked within an independently guaranteed complete 14-pair recorded-F1 candidate panel
2021cicX11218948,2021cicX11218948,fAulAsc130,AA129,sequenced_individual,F2,F2,,M,2021cicX11218976,2021cicX11218971,fAulAsc158,fAulAsc153,2021cicX11218976,2021cicX11218971,fAulAsc158,fAulAsc153,two_observed_parent_working_hypothesis,B_exact_pair,,"No real individual-level trio ground truth is available; tier labels describe relative identity stability conditional on the eligible candidate panel, not absolute parent presence. Blank fields mean unresolved or unsequenced rather than biological absence.",all_marker_phase_invariant_plus_reset_aware_linkage_parent_GL_conditioned,tier_B_or_better,B_exact_pair,B,B,0.6065,0.8532500000000001,0.607,fAulAsc158+fAulAsc153:0.607;fAulAsc158+fAulAsc154:0.247;fAulAsc157+fAulAsc154:0.146,fAulAsc158:0.853;fAulAsc157:0.146,fAulAsc153:0.607;fAulAsc154:0.393,zero_parent,False,0.0,,tier_B,independently_supplied_by_cross_users,False,parent identities ranked within an independently guaranteed complete 14-pair recorded-F1 candidate panel
2021cicX11218949,2021cicX11218949,fAulAsc131,AA130,sequenced_individual,F2,F2,,M,,,,,2021cicX11218976,2021cicX11218971,fAulAsc158,fAulAsc153,observed_parent_identity_unresolved,C_complete_working_hypothesis,,"No real individual-level trio ground truth is available; tier labels describe relative identity stability conditional on the eligible candidate panel, not absolute parent presence. Blank fields mean unresolved or unsequenced rather than biological absence.",all_marker_phase_invariant_plus_reset_aware_linkage_parent_GL_conditioned,tier_B_or_better,C_complete_working_hypothesis,C,C,0.4405,0.6445,0.55975,fAulAsc158+fAulAsc153:0.441;fAulAsc157+fAulAsc154:0.234;fAulAsc158+fAulAsc154:0.204;fAulAsc157+fAulAsc153:0.117,fAulAsc158:0.644;fAulAsc157:0.351,fAulAsc153:0.560;fAulAsc154:0.440,zero_parent,False,2.0,,tier_B,independently_supplied_by_cross_users,False,parent identities ranked within an independently guaranteed complete 14-pair recorded-F1 candidate panel
2021cicX11218950,2021cicX11218950,fAulAsc132,AA131,sequenced_individual,F2,F2,,M,2021cicX11218976,2021cicX11218972,fAulAsc158,fAulAsc154,2021cicX11218976,2021cicX11218972,fAulAsc158,fAulAsc154,two_observed_parent_working_hypothesis,B_exact_pair,,"No real individual-level trio ground truth is available; tier labels describe relative identity stability conditional on the eligible candidate panel, not absolute parent presence. Blank fields mean unresolved or unsequenced rather than biological absence.",all_marker_phase_invariant_plus_reset_aware_linkage_parent_GL_conditioned,tier_B_or_better,B_exact_pair,B,B,0.72375,0.89475,0.72975,fAulAsc158+fAulAsc154:0.724;fAulAsc158+fAulAsc153:0.171;fAulAsc157+fAulAsc153:0.099,fAulAsc158:0.895;fAulAsc157:0.105,fAulAsc154:0.730;fAulAsc153:0.270,father_only,False,0.0,,tier_B,independently_supplied_by_cross_users,False,parent identities ranked within an independently guaranteed complete 14-pair recorded-F1 candidate panel
2021cicX11218951,2021cicX11218951,fAulAsc133,AA132,sequenced_individual,F2,F2,,M,2021cicX11218968,2021cicX11218972,fAulAsc150,fAulAsc154,2021cicX11218968,2021cicX11218972,fAulAsc150,fAulAsc154,two_observed_parent_working_hypothesis,A_exact_pair,,"No real individual-level trio ground truth is available; tier labels describe relative identity stability conditional on the eligible candidate panel, not absolute parent presence. Blank fields mean unresolved or unsequenced rather than biological absence.",all_marker_phase_invariant_plus_reset_aware_linkage_parent_GL_conditioned,tier_B_or_better,A_exact_pair,A,A,0.98575,0.994,0.99125,fAulAsc150+fAulAsc154:0.986,fAulAsc150:0.994,fAulAsc154:0.991,father_only,False,0.0,,tier_B,independently_supplied_by_cross_users,False,parent identities ranked within an independently guaranteed complete 14-pair recorded-F1 candidate panel
2021cicX11218952,2021cicX11218952,fAulAsc134,AA133,sequenced_individual,F2,F2,,M,2021cicX11218976,2021cicX11218972,fAulAsc158,fAulAsc154,2021cicX11218976,2021cicX11218972,fAulAsc158,fAulAsc154,two_observed_parent_working_hypothesis,B_exact_pair,,"No real individual-level trio ground truth is available; tier labels describe relative identity stability conditional on the eligible candidate panel, not absolute parent presence. Blank fields mean unresolved or unsequenced rather than biological absence.",all_marker_phase_invariant_plus_reset_aware_linkage_parent_GL_conditioned,tier_B_or_better,B_exact_pair,B,B,0.703,0.74325,0.70475,fAulAsc158+fAulAsc154:0.703;fAulAsc157+fAulAsc153:0.255,fAulAsc158:0.743;fAulAsc157:0.257,fAulAsc154:0.705;fAulAsc153:0.295,zero_parent,False,0.0,,tier_B,independently_supplied_by_cross_users,False,parent identities ranked within an independently guaranteed complete 14-pair recorded-F1 candidate panel
2021cicX11218953,2021cicX11218953,fAulAsc135,AA134,sequenced_individual,F2,F2,,M,2021cicX11218976,2021cicX11218972,fAulAsc158,fAulAsc154,2021cicX11218976,2021cicX11218972,fAulAsc158,fAulAsc154,two_observed_parent_working_hypothesis,B_exact_pair,,"No real individual-level trio ground truth is available; tier labels describe relative identity stability conditional on the eligible candidate panel, not absolute parent presence. Blank fields mean unresolved or unsequenced rather than biological absence.",all_marker_phase_invariant_plus_reset_aware_linkage_parent_GL_conditioned,tier_B_or_better,B_exact_pair,B,B,0.61625,0.825,0.73725,fAulAsc158+fAulAsc154:0.616;fAulAsc158+fAulAsc153:0.209;fAulAsc157+fAulAsc154:0.121;fAulAsc157+fAulAsc153:0.054,fAulAsc158:0.825;fAulAsc157:0.175,fAulAsc154:0.737;fAulAsc153:0.263,zero_parent,False,0.0,,tier_B,independently_supplied_by_cross_users,False,parent identities ranked within an independently guaranteed complete 14-pair recorded-F1 candidate panel
2021cicX11218954,2021cicX11218954,fAulAsc136,AA135,sequenced_individual,F2,F2,,M,,2021cicX11218972,,fAulAsc154,2021cicX11218975,2021cicX11218972,fAulAsc157,fAulAsc154,one_observed_parent_reported,B_one_parent_identity,,"No real individual-level trio ground truth is available; tier labels describe relative identity stability conditional on the eligible candidate panel, not absolute parent presence. Blank fields mean unresolved or unsequenced rather than biological absence.",all_marker_phase_invariant_plus_reset_aware_linkage_parent_GL_conditioned,tier_B_or_better,B_one_parent_identity,C,B,0.4985,0.4987499999999999,0.92125,fAulAsc157+fAulAsc154:0.498;fAulAsc158+fAulAsc154:0.423;fAulAsc158+fAulAsc153:0.078,fAulAsc158:0.501;fAulAsc157:0.499,fAulAsc154:0.921;fAulAsc153:0.079,zero_parent,False,1.0,,tier_B,independently_supplied_by_cross_users,False,parent identities ranked within an independently guaranteed complete 14-pair recorded-F1 candidate panel
2021cicX11218955,2021cicX11218955,fAulAsc137,AA136,sequenced_individual,F2,F2,,M,2021cicX11218976,2021cicX11218972,fAulAsc158,fAulAsc154,2021cicX11218976,2021cicX11218972,fAulAsc158,fAulAsc154,two_observed_parent_working_hypothesis,B_exact_pair,,"No real individual-level trio ground truth is available; tier labels describe relative identity stability conditional on the eligible candidate panel, not absolute parent presence. Blank fields mean unresolved or unsequenced rather than biological absence.",all_marker_phase_invariant_plus_reset_aware_linkage_parent_GL_conditioned,tier_B_or_better,B_exact_pair,B,B,0.78675,0.845,0.8859999999999999,fAulAsc158+fAulAsc154:0.787;fAulAsc157+fAulAsc154:0.099;fAulAsc158+fAulAsc153:0.058;fAulAsc157+fAulAsc153:0.056,fAulAsc158:0.845;fAulAsc157:0.155,fAulAsc154:0.886;fAulAsc153:0.114,zero_parent,False,0.0,,tier_B,independently_supplied_by_cross_users,False,parent identities ranked within an independently guaranteed complete 14-pair recorded-F1 candidate panel
2021cicX11218956,2021cicX11218956,fAulAsc138,AA137,sequenced_individual,F2,F2,,M,,2021cicX11218972,,fAulAsc154,2021cicX11218975,2021cicX11218972,fAulAsc157,fAulAsc154,one_observed_parent_reported,A_one_parent_identity,,"No real individual-level trio ground truth is available; tier labels describe relative identity stability conditional on the eligible candidate panel, not absolute parent presence. Blank fields mean unresolved or unsequenced rather than biological absence.",all_marker_phase_invariant_plus_reset_aware_linkage_parent_GL_conditioned,tier_B_or_better,A_one_parent_identity,C,A,0.661,0.662,0.97025,fAulAsc157+fAulAsc154:0.661;fAulAsc158+fAulAsc154:0.309,fAulAsc157:0.662;fAulAsc158:0.338,fAulAsc154:0.970,zero_parent,False,1.0,,tier_B,independently_supplied_by_cross_users,False,parent identities ranked within an independently guaranteed complete 14-pair recorded-F1 candidate panel
2021cicX11218957,2021cicX11218957,fAulAsc139,AA138,sequenced_individual,F2,F2,,M,2021cicX11218976,2021cicX11218972,fAulAsc158,fAulAsc154,2021cicX11218976,2021cicX11218972,fAulAsc158,fAulAsc154,two_observed_parent_working_hypothesis,B_exact_pair,,"No real individual-level trio ground truth is available; tier labels describe relative identity stability conditional on the eligible candidate panel, not absolute parent presence. Blank fields mean unresolved or unsequenced rather than biological absence.",all_marker_phase_invariant_plus_reset_aware_linkage_parent_GL_conditioned,tier_B_or_better,B_exact_pair,B,A,0.92075,0.94725,0.9735,fAulAsc158+fAulAsc154:0.921;fAulAsc157+fAulAsc154:0.053,fAulAsc158:0.947;fAulAsc157:0.053,fAulAsc154:0.973,zero_parent,False,0.0,,tier_B,independently_supplied_by_cross_users,False,parent identities ranked within an independently guaranteed complete 14-pair recorded-F1 candidate panel
2021cicX11218958,2021cicX11218958,fAulAsc140,AA139,sequenced_individual,F2,F2,,M,2021cicX11218976,,fAulAsc158,,2021cicX11218976,2021cicX11218972,fAulAsc158,fAulAsc154,one_observed_parent_reported,B_one_parent_identity,,"No real individual-level trio ground truth is available; tier labels describe relative identity stability conditional on the eligible candidate panel, not absolute parent presence. Blank fields mean unresolved or unsequenced rather than biological absence.",all_marker_phase_invariant_plus_reset_aware_linkage_parent_GL_conditioned,tier_B_or_better,B_one_parent_identity,B,C,0.407,0.69775,0.6575,fAulAsc158+fAulAsc154:0.407;fAulAsc158+fAulAsc153:0.291;fAulAsc157+fAulAsc154:0.251;fAulAsc157+fAulAsc153:0.052,fAulAsc158:0.698;fAulAsc157:0.302,fAulAsc154:0.657;fAulAsc153:0.343,zero_parent,False,1.0,,tier_B,independently_supplied_by_cross_users,False,parent identities ranked within an independently guaranteed complete 14-pair recorded-F1 candidate panel
2021cicX11218959,2021cicX11218959,fAulAsc141,AA140,sequenced_individual,F2,F2,,M,2021cicX11218968,2021cicX11218971,fAulAsc150,fAulAsc153,2021cicX11218968,2021cicX11218971,fAulAsc150,fAulAsc153,two_observed_parent_working_hypothesis,A_exact_pair,,"No real individual-level trio ground truth is available; tier labels describe relative identity stability conditional on the eligible candidate panel, not absolute parent presence. Blank fields mean unresolved or unsequenced rather than biological absence.",all_marker_phase_invariant_plus_reset_aware_linkage_parent_GL_conditioned,tier_B_or_better,A_exact_pair,A,A,1.0,1.0,1.0,fAulAsc150+fAulAsc153:1.000,fAulAsc150:1.000,fAulAsc153:1.000,two_parent,False,0.0,,tier_B,independently_supplied_by_cross_users,False,parent identities ranked within an independently guaranteed complete 14-pair recorded-F1 candidate panel
2021cicX11218960,2021cicX11218960,fAulAsc142,AA141,sequenced_individual,F2,F2,,M,2021cicX11218976,,fAulAsc158,,2021cicX11218976,2021cicX11218971,fAulAsc158,fAulAsc153,one_observed_parent_reported,B_one_parent_identity,,"No real individual-level trio ground truth is available; tier labels describe relative identity stability conditional on the eligible candidate panel, not absolute parent presence. Blank fields mean unresolved or unsequenced rather than biological absence.",all_marker_phase_invariant_plus_reset_aware_linkage_parent_GL_conditioned,tier_B_or_better,B_one_parent_identity,B,C,0.42975,0.7855000000000001,0.431,fAulAsc158+fAulAsc153:0.430;fAulAsc158+fAulAsc154:0.356;fAulAsc157+fAulAsc154:0.211,fAulAsc158:0.786;fAulAsc157:0.212,fAulAsc154:0.569;fAulAsc153:0.431,zero_parent,False,1.0,,tier_B,independently_supplied_by_cross_users,False,parent identities ranked within an independently guaranteed complete 14-pair recorded-F1 candidate panel
2021cicX11218961,2021cicX11218961,fAulAsc143,AA142,sequenced_individual,F3,F3,,M,,,,,2021cicX11218817,,fAulAsc23,,observed_F2_parent_identity_unresolved,C_complete_working_hypothesis,1.0,"No real individual-level trio ground truth is available; tier labels describe relative identity stability conditional on the eligible candidate panel, not absolute parent presence. Blank fields mean unresolved or unsequenced rather than biological absence.",all_marker_phase_invariant_plus_reset_aware_linkage_parent_GL_conditioned,tier_B_or_better,C_complete_working_hypothesis,C,unsequenced,,,,,fAulAsc23:0.354;fAulAsc31:0.252;fAulAsc85:0.140;fAulAsc47:0.127;fAulAsc10:0.023;fAulAsc45:0.018;fAulAsc22:0.018;fAulAsc64:0.017;fAulAsc94:0.011,,one_observed_parent,True,1.0,0.35425,tier_B,,False,observed F2 father identity unresolved
2021cicX11218962,2021cicX11218962,fAulAsc144,AA143,sequenced_individual,F3,F3,,M,2021cicX11218826,,fAulAsc32,,2021cicX11218826,,fAulAsc32,,one_observed_F2_parent_plus_unsequenced_mate,B_observed_F2_parent,1.0,"No real individual-level trio ground truth is available; tier labels describe relative identity stability conditional on the eligible candidate panel, not absolute parent presence. Blank fields mean unresolved or unsequenced rather than biological absence.",all_marker_phase_invariant_plus_reset_aware_linkage_parent_GL_conditioned,tier_B_or_better,B_observed_F2_parent,B,unsequenced,,,,,fAulAsc32:0.790;fAulAsc79:0.066;fAulAsc59:0.032;fAulAsc62:0.030;fAulAsc10:0.025;fAulAsc133:0.022,,one_observed_parent,True,0.0,0.7905,tier_B,,False,one observed F2 father identity plus an unsequenced biological mate
2021cicX11218963,2021cicX11218963,fAulAsc145,AA144,sequenced_individual,F3,F3,,M,,,,,2021cicX11218832,,fAulAsc38,,observed_F2_parent_identity_unresolved,C_complete_working_hypothesis,1.0,"No real individual-level trio ground truth is available; tier labels describe relative identity stability conditional on the eligible candidate panel, not absolute parent presence. Blank fields mean unresolved or unsequenced rather than biological absence.",all_marker_phase_invariant_plus_reset_aware_linkage_parent_GL_conditioned,tier_B_or_better,C_complete_working_hypothesis,C,unsequenced,,,,,fAulAsc38:0.475;fAulAsc141:0.221;fAulAsc21:0.175;fAulAsc33:0.033;fAulAsc139:0.024;fAulAsc34:0.021;fAulAsc86:0.016,,one_observed_parent,True,1.0,0.47475,tier_B,,False,observed F2 father identity unresolved
2021cicX11218964,2021cicX11218964,fAulAsc146,AA145,sequenced_individual,F3,F3,,M,2021cicX11218832,,fAulAsc38,,2021cicX11218832,,fAulAsc38,,one_observed_F2_parent_plus_unsequenced_mate,B_observed_F2_parent,1.0,"No real individual-level trio ground truth is available; tier labels describe relative identity stability conditional on the eligible candidate panel, not absolute parent presence. Blank fields mean unresolved or unsequenced rather than biological absence.",all_marker_phase_invariant_plus_reset_aware_linkage_parent_GL_conditioned,tier_B_or_better,B_observed_F2_parent,B,unsequenced,,,,,fAulAsc38:0.797;fAulAsc49:0.087;fAulAsc106:0.050;fAulAsc71:0.023,,one_observed_parent,True,0.0,0.79675,tier_B,,False,one observed F2 father identity plus an unsequenced biological mate
2021cicX11218965,2021cicX11218965,fAulAsc147,AA146,sequenced_individual,F2,F2,,M,2021cicX11218968,,fAulAsc150,,2021cicX11218968,2021cicX11218971,fAulAsc150,fAulAsc153,one_observed_parent_reported,B_one_parent_identity,,"No real individual-level trio ground truth is available; tier labels describe relative identity stability conditional on the eligible candidate panel, not absolute parent presence. Blank fields mean unresolved or unsequenced rather than biological absence.",all_marker_phase_invariant_plus_reset_aware_linkage_parent_GL_conditioned,tier_B_or_better,B_one_parent_identity,B,C,0.506,0.93875,0.513,fAulAsc150+fAulAsc153:0.506;fAulAsc150+fAulAsc154:0.433;fAulAsc155+fAulAsc154:0.054,fAulAsc150:0.939;fAulAsc155:0.055,fAulAsc153:0.513;fAulAsc154:0.487,zero_parent,False,1.0,,tier_B,independently_supplied_by_cross_users,False,parent identities ranked within an independently guaranteed complete 14-pair recorded-F1 candidate panel
2021cicX11218966,2021cicX11218966,fAulAsc148,AA147,sequenced_individual,F2,F2,,M,2021cicX11218968,2021cicX11218971,fAulAsc150,fAulAsc153,2021cicX11218968,2021cicX11218971,fAulAsc150,fAulAsc153,two_observed_parent_working_hypothesis,A_exact_pair,,"No real individual-level trio ground truth is available; tier labels describe relative identity stability conditional on the eligible candidate panel, not absolute parent presence. Blank fields mean unresolved or unsequenced rather than biological absence.",all_marker_phase_invariant_plus_reset_aware_linkage_parent_GL_conditioned,tier_B_or_better,A_exact_pair,A,A,1.0,1.0,1.0,fAulAsc150+fAulAsc153:1.000,fAulAsc150:1.000,fAulAsc153:1.000,two_parent,False,0.0,,tier_B,independently_supplied_by_cross_users,False,parent identities ranked within an independently guaranteed complete 14-pair recorded-F1 candidate panel
2021cicX11218967,2021cicX11218967,fAulAsc149,AA148,sequenced_individual,F2,F2,,M,2021cicX11218968,2021cicX11218972,fAulAsc150,fAulAsc154,2021cicX11218968,2021cicX11218972,fAulAsc150,fAulAsc154,two_observed_parent_working_hypothesis,A_exact_pair,,"No real individual-level trio ground truth is available; tier labels describe relative identity stability conditional on the eligible candidate panel, not absolute parent presence. Blank fields mean unresolved or unsequenced rather than biological absence.",all_marker_phase_invariant_plus_reset_aware_linkage_parent_GL_conditioned,tier_B_or_better,A_exact_pair,A,A,1.0,1.0,1.0,fAulAsc150+fAulAsc154:1.000,fAulAsc150:1.000,fAulAsc154:1.000,two_parent,False,0.0,,tier_B,independently_supplied_by_cross_users,False,parent identities ranked within an independently guaranteed complete 14-pair recorded-F1 candidate panel
2021cicX11218968,2021cicX11218968,fAulAsc150,F1_B2_1,sequenced_individual,F1,F1,B2,M,LATENT_G0_SHARED,LATENT_G0_B2_SPECIFIC,LATENT_G0_SHARED,LATENT_G0_B2_SPECIFIC,LATENT_G0_SHARED,LATENT_G0_B2_SPECIFIC,LATENT_G0_SHARED,LATENT_G0_B2_SPECIFIC,two_abstract_parents,metadata_brood_plus_three_founder_topology,0.0,Topology is identifiable only up to founder relabelling; individual G0 identities are unknown,,,,,,,,,,,,,,,,tier_B,,False,
2021cicX11218969,2021cicX11218969,fAulAsc151,F1_B2_2,sequenced_individual,F1,F1,B2,M,LATENT_G0_SHARED,LATENT_G0_B2_SPECIFIC,LATENT_G0_SHARED,LATENT_G0_B2_SPECIFIC,LATENT_G0_SHARED,LATENT_G0_B2_SPECIFIC,LATENT_G0_SHARED,LATENT_G0_B2_SPECIFIC,two_abstract_parents,metadata_brood_plus_three_founder_topology,0.0,Topology is identifiable only up to founder relabelling; individual G0 identities are unknown,,,,,,,,,,,,,,,,tier_B,,False,
2021cicX11218970,2021cicX11218970,fAulAsc152,F1_B2_3,sequenced_individual,F1,F1,B2,M,LATENT_G0_SHARED,LATENT_G0_B2_SPECIFIC,LATENT_G0_SHARED,LATENT_G0_B2_SPECIFIC,LATENT_G0_SHARED,LATENT_G0_B2_SPECIFIC,LATENT_G0_SHARED,LATENT_G0_B2_SPECIFIC,two_abstract_parents,metadata_brood_plus_three_founder_topology,0.0,Topology is identifiable only up to founder relabelling; individual G0 identities are unknown,,,,,,,,,,,,,,,,tier_B,,False,
2021cicX11218971,2021cicX11218971,fAulAsc153,F1_B2_4,sequenced_individual,F1,F1,B2,F,LATENT_G0_SHARED,LATENT_G0_B2_SPECIFIC,LATENT_G0_SHARED,LATENT_G0_B2_SPECIFIC,LATENT_G0_SHARED,LATENT_G0_B2_SPECIFIC,LATENT_G0_SHARED,LATENT_G0_B2_SPECIFIC,two_abstract_parents,metadata_brood_plus_three_founder_topology,0.0,Topology is identifiable only up to founder relabelling; individual G0 identities are unknown,,,,,,,,,,,,,,,,tier_B,,False,
2021cicX11218972,2021cicX11218972,fAulAsc154,F1_B2_5,sequenced_individual,F1,F1,B2,F,LATENT_G0_SHARED,LATENT_G0_B2_SPECIFIC,LATENT_G0_SHARED,LATENT_G0_B2_SPECIFIC,LATENT_G0_SHARED,LATENT_G0_B2_SPECIFIC,LATENT_G0_SHARED,LATENT_G0_B2_SPECIFIC,two_abstract_parents,metadata_brood_plus_three_founder_topology,0.0,Topology is identifiable only up to founder relabelling; individual G0 identities are unknown,,,,,,,,,,,,,,,,tier_B,,False,
2021cicX11218973,2021cicX11218973,fAulAsc155,F1_B2_6,sequenced_individual,F1,F1,B2,M,LATENT_G0_SHARED,LATENT_G0_B2_SPECIFIC,LATENT_G0_SHARED,LATENT_G0_B2_SPECIFIC,LATENT_G0_SHARED,LATENT_G0_B2_SPECIFIC,LATENT_G0_SHARED,LATENT_G0_B2_SPECIFIC,two_abstract_parents,metadata_brood_plus_three_founder_topology,0.0,Topology is identifiable only up to founder relabelling; individual G0 identities are unknown,,,,,,,,,,,,,,,,tier_B,,False,
2021cicX11218974,2021cicX11218974,fAulAsc156,F1_B2_7,sequenced_individual,F1,F1,B2,M,LATENT_G0_SHARED,LATENT_G0_B2_SPECIFIC,LATENT_G0_SHARED,LATENT_G0_B2_SPECIFIC,LATENT_G0_SHARED,LATENT_G0_B2_SPECIFIC,LATENT_G0_SHARED,LATENT_G0_B2_SPECIFIC,two_abstract_parents,metadata_brood_plus_three_founder_topology,0.0,Topology is identifiable only up to founder relabelling; individual G0 identities are unknown,,,,,,,,,,,,,,,,tier_B,,False,
2021cicX11218975,2021cicX11218975,fAulAsc157,F1_B1_1,sequenced_individual,F1,F1,B1,M,LATENT_G0_SHARED,LATENT_G0_B1_SPECIFIC,LATENT_G0_SHARED,LATENT_G0_B1_SPECIFIC,LATENT_G0_SHARED,LATENT_G0_B1_SPECIFIC,LATENT_G0_SHARED,LATENT_G0_B1_SPECIFIC,two_abstract_parents,metadata_brood_plus_three_founder_topology,0.0,Topology is identifiable only up to founder relabelling; individual G0 identities are unknown,,,,,,,,,,,,,,,,tier_B,,False,
2021cicX11218976,2021cicX11218976,fAulAsc158,F1_B1_2,sequenced_individual,F1,F1,B1,M,LATENT_G0_SHARED,LATENT_G0_B1_SPECIFIC,LATENT_G0_SHARED,LATENT_G0_B1_SPECIFIC,LATENT_G0_SHARED,LATENT_G0_B1_SPECIFIC,LATENT_G0_SHARED,LATENT_G0_B1_SPECIFIC,two_abstract_parents,metadata_brood_plus_three_founder_topology,0.0,Topology is identifiable only up to founder relabelling; individual G0 identities are unknown,,,,,,,,,,,,,,,,tier_B,,False,
2021cicX11218981,2021cicX11218981,fAstCal32,2.5b,sequenced_individual,G0,G0_candidate,,M,,,,,,,,,unlinked_G0_labelled_sample,related_to_F1_not_supported_as_direct_parent,0.0,"Relatedness signal to the F1 cohort is present, but direct parent-offspring and one-parent models are not supported; retained as a sequenced candidate and not assigned to an abstract cross-founder identity",,,,,,,,,,,,,,,,tier_B,,False,
2021cicX11218982,2021cicX11218982,fAstCal33,2.6b,sequenced_individual,G0,G0_candidate,,F,,,,,,,,,unlinked_G0_labelled_sample,not_supported_as_direct_F1_parent,0.0,Most consistent with unrelated to the F1 cohort in this analysis; retained as a sequenced candidate and not assigned to an abstract cross-founder identity,,,,,,,,,,,,,,,,tier_B,,False,
2021cicX13178912,2021cicX13178912,fAulAsc159,AA149,sequenced_individual,F3,F3,,M,,,,,2021cicX11218846,,fAulAsc52,,observed_F2_parent_identity_unresolved,C_complete_working_hypothesis,1.0,"No real individual-level trio ground truth is available; tier labels describe relative identity stability conditional on the eligible candidate panel, not absolute parent presence. Blank fields mean unresolved or unsequenced rather than biological absence.",all_marker_phase_invariant_plus_reset_aware_linkage_parent_GL_conditioned,tier_B_or_better,C_complete_working_hypothesis,C,unsequenced,,,,,fAulAsc52:0.329;fAulAsc6:0.248;fAulAsc14:0.116;fAulAsc59:0.088;fAulAsc11:0.075;fAulAsc64:0.072;fAulAsc10:0.031,,one_observed_parent,True,1.0,0.3285,tier_B,,False,observed F2 father identity unresolved
2021cicX13178913,2021cicX13178913,fAulAsc170,AA150,sequenced_individual,F3,F3,,M,,,,,2021cicX11218924,,fAulAsc106,,observed_F2_parent_identity_unresolved,C_complete_working_hypothesis,1.0,"No real individual-level trio ground truth is available; tier labels describe relative identity stability conditional on the eligible candidate panel, not absolute parent presence. Blank fields mean unresolved or unsequenced rather than biological absence.",all_marker_phase_invariant_plus_reset_aware_linkage_parent_GL_conditioned,tier_B_or_better,C_complete_working_hypothesis,C,unsequenced,,,,,fAulAsc38:0.195;fAulAsc128:0.168;fAulAsc106:0.157;fAulAsc86:0.148;fAulAsc29:0.117;fAulAsc11:0.102;fAulAsc3:0.052;fAulAsc10:0.022,,one_observed_parent,True,1.0,0.15725,tier_B,,False,observed F2 father identity unresolved
2021cicX13178914,2021cicX13178914,fAulAsc181,AA151,sequenced_individual,F3,F3,,M,,,,,2021cicX11218846,,fAulAsc52,,observed_F2_parent_identity_unresolved,C_complete_working_hypothesis,1.0,"No real individual-level trio ground truth is available; tier labels describe relative identity stability conditional on the eligible candidate panel, not absolute parent presence. Blank fields mean unresolved or unsequenced rather than biological absence.",all_marker_phase_invariant_plus_reset_aware_linkage_parent_GL_conditioned,tier_B_or_better,C_complete_working_hypothesis,C,unsequenced,,,,,fAulAsc19:0.247;fAulAsc27:0.188;fAulAsc52:0.143;fAulAsc47:0.142;fAulAsc126:0.115;fAulAsc106:0.048;fAulAsc44:0.028;fAulAsc124:0.017;fAulAsc53:0.015;fAulAsc11:0.013,,one_observed_parent,True,1.0,0.14275,tier_B,,False,observed F2 father identity unresolved
2021cicX13178915,2021cicX13178915,fAulAsc192,AA152,sequenced_individual,F3,F3,,M,,,,,2021cicX11218803,,fAulAsc9,,observed_F2_parent_identity_unresolved,C_complete_working_hypothesis,1.0,"No real individual-level trio ground truth is available; tier labels describe relative identity stability conditional on the eligible candidate panel, not absolute parent presence. Blank fields mean unresolved or unsequenced rather than biological absence.",all_marker_phase_invariant_plus_reset_aware_linkage_parent_GL_conditioned,tier_B_or_better,C_complete_working_hypothesis,C,unsequenced,,,,,fAulAsc9:0.289;fAulAsc94:0.197;fAulAsc86:0.109;fAulAsc56:0.100;fAulAsc34:0.059;fAulAsc79:0.057;fAulAsc87:0.045;fAulAsc149:0.034;fAulAsc123:0.023;fAulAsc128:0.018;fAulAsc148:0.017;fAulAsc126:0.015,,one_observed_parent,True,1.0,0.289,tier_B,,False,observed F2 father identity unresolved
2021cicX13178916,2021cicX13178916,fAulAsc203,AA153,sequenced_individual,F3,F3,,M,2021cicX11218872,,fAulAsc78,,2021cicX11218872,,fAulAsc78,,one_observed_F2_parent_plus_unsequenced_mate,B_observed_F2_parent,1.0,"No real individual-level trio ground truth is available; tier labels describe relative identity stability conditional on the eligible candidate panel, not absolute parent presence. Blank fields mean unresolved or unsequenced rather than biological absence.",all_marker_phase_invariant_plus_reset_aware_linkage_parent_GL_conditioned,tier_B_or_better,B_observed_F2_parent,B,unsequenced,,,,,fAulAsc78:0.783;fAulAsc85:0.157;fAulAsc123:0.053,,one_observed_parent,True,0.0,0.78325,tier_B,,False,one observed F2 father identity plus an unsequenced biological mate
2021cicX13178917,2021cicX13178917,fAulAsc214,AA154,sequenced_individual,F3,F3,,M,2021cicX11218872,,fAulAsc78,,2021cicX11218872,,fAulAsc78,,one_observed_F2_parent_plus_unsequenced_mate,B_observed_F2_parent,1.0,"No real individual-level trio ground truth is available; tier labels describe relative identity stability conditional on the eligible candidate panel, not absolute parent presence. Blank fields mean unresolved or unsequenced rather than biological absence.",all_marker_phase_invariant_plus_reset_aware_linkage_parent_GL_conditioned,tier_B_or_better,B_observed_F2_parent,B,unsequenced,,,,,fAulAsc78:0.752;fAulAsc28:0.172;fAulAsc25:0.068,,one_observed_parent,True,0.0,0.7525,tier_B,,False,one observed F2 father identity plus an unsequenced biological mate
2021cicX13178918,2021cicX13178918,fAulAsc225,AA155,sequenced_individual,F3,F3,,M,2021cicX11218826,,fAulAsc32,,2021cicX11218826,,fAulAsc32,,one_observed_F2_parent_plus_unsequenced_mate,B_observed_F2_parent,1.0,"No real individual-level trio ground truth is available; tier labels describe relative identity stability conditional on the eligible candidate panel, not absolute parent presence. Blank fields mean unresolved or unsequenced rather than biological absence.",all_marker_phase_invariant_plus_reset_aware_linkage_parent_GL_conditioned,tier_B_or_better,B_observed_F2_parent,B,unsequenced,,,,,fAulAsc32:0.582;fAulAsc9:0.107;fAulAsc21:0.079;fAulAsc56:0.057;fAulAsc28:0.057;fAulAsc6:0.045;fAulAsc45:0.027,,one_observed_parent,True,0.0,0.58175,tier_B,,False,one observed F2 father identity plus an unsequenced biological mate
2021cicX13178919,2021cicX13178919,fAulAsc235,AA156,sequenced_individual,F3,F3,,M,2021cicX11218832,,fAulAsc38,,2021cicX11218832,,fAulAsc38,,one_observed_F2_parent_plus_unsequenced_mate,A_observed_F2_parent,1.0,"No real individual-level trio ground truth is available; tier labels describe relative identity stability conditional on the eligible candidate panel, not absolute parent presence. Blank fields mean unresolved or unsequenced rather than biological absence.",all_marker_phase_invariant_plus_reset_aware_linkage_parent_GL_conditioned,tier_B_or_better,A_observed_F2_parent,A,unsequenced,,,,,fAulAsc38:0.972,,one_observed_parent,True,0.0,0.972,tier_B,,False,one observed F2 father identity plus an unsequenced biological mate
2021cicX13178920,2021cicX13178920,fAulAsc162,AA157,sequenced_individual,F3,F3,,M,,,,,2021cicX11218924,,fAulAsc106,,observed_F2_parent_identity_unresolved,C_complete_working_hypothesis,1.0,"No real individual-level trio ground truth is available; tier labels describe relative identity stability conditional on the eligible candidate panel, not absolute parent presence. Blank fields mean unresolved or unsequenced rather than biological absence.",all_marker_phase_invariant_plus_reset_aware_linkage_parent_GL_conditioned,tier_B_or_better,C_complete_working_hypothesis,C,unsequenced,,,,,fAulAsc106:0.476;fAulAsc19:0.160;fAulAsc128:0.151;fAulAsc11:0.070;fAulAsc29:0.040;fAulAsc9:0.033;fAulAsc6:0.032,,one_observed_parent,True,1.0,0.47575,tier_B,,False,observed F2 father identity unresolved
2021cicX13178921,2021cicX13178921,fAulAsc173,AA158,sequenced_individual,F3,F3,,M,,,,,2021cicX11218831,,fAulAsc37,,observed_F2_parent_identity_unresolved,C_complete_working_hypothesis,1.0,"No real individual-level trio ground truth is available; tier labels describe relative identity stability conditional on the eligible candidate panel, not absolute parent presence. Blank fields mean unresolved or unsequenced rather than biological absence.",all_marker_phase_invariant_plus_reset_aware_linkage_parent_GL_conditioned,tier_B_or_better,C_complete_working_hypothesis,C,unsequenced,,,,,fAulAsc37:0.325;fAulAsc52:0.221;fAulAsc106:0.155;fAulAsc26:0.097;fAulAsc126:0.062;fAulAsc6:0.048;fAulAsc11:0.035;fAulAsc105:0.027,,one_observed_parent,True,1.0,0.32475,tier_B,,False,observed F2 father identity unresolved
2021cicX13178922,2021cicX13178922,fAulAsc184,AA159,sequenced_individual,F3,F3,,M,2021cicX11218924,,fAulAsc106,,2021cicX11218924,,fAulAsc106,,one_observed_F2_parent_plus_unsequenced_mate,B_observed_F2_parent,1.0,"No real individual-level trio ground truth is available; tier labels describe relative identity stability conditional on the eligible candidate panel, not absolute parent presence. Blank fields mean unresolved or unsequenced rather than biological absence.",all_marker_phase_invariant_plus_reset_aware_linkage_parent_GL_conditioned,tier_B_or_better,B_observed_F2_parent,B,unsequenced,,,,,fAulAsc106:0.741;fAulAsc22:0.168;fAulAsc11:0.066,,one_observed_parent,True,0.0,0.741,tier_B,,False,one observed F2 father identity plus an unsequenced biological mate
2021cicX13178923,2021cicX13178923,fAulAsc195,AA160,sequenced_individual,F3,F3,,M,,,,,2021cicX11218828,,fAulAsc34,,observed_F2_parent_identity_unresolved,C_complete_working_hypothesis,1.0,"No real individual-level trio ground truth is available; tier labels describe relative identity stability conditional on the eligible candidate panel, not absolute parent presence. Blank fields mean unresolved or unsequenced rather than biological absence.",all_marker_phase_invariant_plus_reset_aware_linkage_parent_GL_conditioned,tier_B_or_better,C_complete_working_hypothesis,C,unsequenced,,,,,fAulAsc34:0.246;fAulAsc127:0.183;fAulAsc76:0.145;fAulAsc23:0.093;fAulAsc82:0.085;fAulAsc60:0.064;fAulAsc21:0.053;fAulAsc12:0.031;fAulAsc54:0.025;fAulAsc10:0.018;fAulAsc86:0.009,,one_observed_parent,True,1.0,0.246,tier_B,,False,observed F2 father identity unresolved
2021cicX13178924,2021cicX13178924,fAulAsc206,AA161,sequenced_individual,F3,F3,,M,2021cicX11218846,,fAulAsc52,,2021cicX11218846,,fAulAsc52,,one_observed_F2_parent_plus_unsequenced_mate,B_observed_F2_parent,1.0,"No real individual-level trio ground truth is available; tier labels describe relative identity stability conditional on the eligible candidate panel, not absolute parent presence. Blank fields mean unresolved or unsequenced rather than biological absence.",all_marker_phase_invariant_plus_reset_aware_linkage_parent_GL_conditioned,tier_B_or_better,B_observed_F2_parent,B,unsequenced,,,,,fAulAsc52:0.519;fAulAsc141:0.153;fAulAsc10:0.126;fAulAsc62:0.123;fAulAsc126:0.024;fAulAsc54:0.016,,one_observed_parent,True,0.0,0.51925,tier_B,,False,one observed F2 father identity plus an unsequenced biological mate
2021cicX13178925,2021cicX13178925,fAulAsc217,AA162,sequenced_individual,F3,F3,,M,2021cicX11218921,,fAulAsc103,,2021cicX11218921,,fAulAsc103,,one_observed_F2_parent_plus_unsequenced_mate,B_observed_F2_parent,1.0,"No real individual-level trio ground truth is available; tier labels describe relative identity stability conditional on the eligible candidate panel, not absolute parent presence. Blank fields mean unresolved or unsequenced rather than biological absence.",all_marker_phase_invariant_plus_reset_aware_linkage_parent_GL_conditioned,tier_B_or_better,B_observed_F2_parent,B,unsequenced,,,,,fAulAsc103:0.627;fAulAsc56:0.104;fAulAsc29:0.100;fAulAsc85:0.060;fAulAsc77:0.050;fAulAsc81:0.028,,one_observed_parent,True,0.0,0.62725,tier_B,,False,one observed F2 father identity plus an unsequenced biological mate
2021cicX13178926,2021cicX13178926,fAulAsc227,AA163,sequenced_individual,F3,F3,,M,2021cicX11218924,,fAulAsc106,,2021cicX11218924,,fAulAsc106,,one_observed_F2_parent_plus_unsequenced_mate,B_observed_F2_parent,1.0,"No real individual-level trio ground truth is available; tier labels describe relative identity stability conditional on the eligible candidate panel, not absolute parent presence. Blank fields mean unresolved or unsequenced rather than biological absence.",all_marker_phase_invariant_plus_reset_aware_linkage_parent_GL_conditioned,tier_B_or_better,B_observed_F2_parent,B,unsequenced,,,,,fAulAsc106:0.676;fAulAsc38:0.118;fAulAsc3:0.067;fAulAsc11:0.067;fAulAsc62:0.035,,one_observed_parent,True,0.0,0.6765,tier_B,,False,one observed F2 father identity plus an unsequenced biological mate
2021cicX13178927,2021cicX13178927,fAulAsc237,AA164,sequenced_individual,F3,F3,,M,,,,,2021cicX11218915,,fAulAsc97,,observed_F2_parent_identity_unresolved,C_complete_working_hypothesis,1.0,"No real individual-level trio ground truth is available; tier labels describe relative identity stability conditional on the eligible candidate panel, not absolute parent presence. Blank fields mean unresolved or unsequenced rather than biological absence.",all_marker_phase_invariant_plus_reset_aware_linkage_parent_GL_conditioned,tier_B_or_better,C_complete_working_hypothesis,C,unsequenced,,,,,fAulAsc97:0.563;fAulAsc60:0.120;fAulAsc28:0.102;fAulAsc85:0.101;fAulAsc81:0.030;fAulAsc79:0.022;fAulAsc148:0.020,,one_observed_parent,True,1.0,0.56325,tier_B,,False,observed F2 father identity unresolved
2021cicX13178928,2021cicX13178928,fAulAsc163,AA165,sequenced_individual,F3,F3,,M,,,,,2021cicX11218846,,fAulAsc52,,observed_F2_parent_identity_unresolved,C_complete_working_hypothesis,1.0,"No real individual-level trio ground truth is available; tier labels describe relative identity stability conditional on the eligible candidate panel, not absolute parent presence. Blank fields mean unresolved or unsequenced rather than biological absence.",all_marker_phase_invariant_plus_reset_aware_linkage_parent_GL_conditioned,tier_B_or_better,C_complete_working_hypothesis,C,unsequenced,,,,,fAulAsc52:0.431;fAulAsc6:0.337;fAulAsc125:0.110;fAulAsc105:0.048;fAulAsc19:0.027,,one_observed_parent,True,1.0,0.431,tier_B,,False,observed F2 father identity unresolved
2021cicX13178929,2021cicX13178929,fAulAsc174,AA166,sequenced_individual,F3,F3,,M,2021cicX11218872,,fAulAsc78,,2021cicX11218872,,fAulAsc78,,one_observed_F2_parent_plus_unsequenced_mate,B_observed_F2_parent,1.0,"No real individual-level trio ground truth is available; tier labels describe relative identity stability conditional on the eligible candidate panel, not absolute parent presence. Blank fields mean unresolved or unsequenced rather than biological absence.",all_marker_phase_invariant_plus_reset_aware_linkage_parent_GL_conditioned,tier_B_or_better,B_observed_F2_parent,B,unsequenced,,,,,fAulAsc78:0.821;fAulAsc210:0.048;fAulAsc33:0.045;fAulAsc133:0.038,,one_observed_parent,True,0.0,0.82125,tier_B,,False,one observed F2 father identity plus an unsequenced biological mate
2021cicX13178930,2021cicX13178930,fAulAsc185,AA167,sequenced_individual,F3,F3,,M,,,,,2021cicX11218946,,fAulAsc128,,observed_F2_parent_identity_unresolved,C_complete_working_hypothesis,1.0,"No real individual-level trio ground truth is available; tier labels describe relative identity stability conditional on the eligible candidate panel, not absolute parent presence. Blank fields mean unresolved or unsequenced rather than biological absence.",all_marker_phase_invariant_plus_reset_aware_linkage_parent_GL_conditioned,tier_B_or_better,C_complete_working_hypothesis,C,unsequenced,,,,,fAulAsc128:0.412;fAulAsc106:0.319;fAulAsc9:0.096;fAulAsc29:0.055;fAulAsc30:0.037;fAulAsc89:0.028;fAulAsc78:0.015,,one_observed_parent,True,1.0,0.412,tier_B,,False,observed F2 father identity unresolved
2021cicX13178931,2021cicX13178931,fAulAsc196,AA168,sequenced_individual,F3,F3,,M,,,,,2021cicX11218812,,fAulAsc18,,observed_F2_parent_identity_unresolved,C_complete_working_hypothesis,1.0,"No real individual-level trio ground truth is available; tier labels describe relative identity stability conditional on the eligible candidate panel, not absolute parent presence. Blank fields mean unresolved or unsequenced rather than biological absence.",all_marker_phase_invariant_plus_reset_aware_linkage_parent_GL_conditioned,tier_B_or_better,C_complete_working_hypothesis,C,unsequenced,,,,,fAulAsc26:0.234;fAulAsc93:0.218;fAulAsc18:0.120;fAulAsc2:0.103;fAulAsc32:0.084;fAulAsc87:0.062;fAulAsc17:0.051;fAulAsc15:0.033;fAulAsc36:0.025;fAulAsc129:0.018;fAulAsc95:0.015,,one_observed_parent,True,1.0,0.1205,tier_B,,False,observed F2 father identity unresolved
2021cicX13178932,2021cicX13178932,fAulAsc207,AA169,sequenced_individual,F3,F3,,M,,,,,2021cicX11218846,,fAulAsc52,,observed_F2_parent_identity_unresolved,C_complete_working_hypothesis,1.0,"No real individual-level trio ground truth is available; tier labels describe relative identity stability conditional on the eligible candidate panel, not absolute parent presence. Blank fields mean unresolved or unsequenced rather than biological absence.",all_marker_phase_invariant_plus_reset_aware_linkage_parent_GL_conditioned,tier_B_or_better,C_complete_working_hypothesis,C,unsequenced,,,,,fAulAsc52:0.468;fAulAsc141:0.170;fAulAsc82:0.083;fAulAsc28:0.073;fAulAsc199:0.061;fAulAsc34:0.029;fAulAsc1:0.028;fAulAsc86:0.019;fAulAsc21:0.017;fAulAsc35:0.015,,one_observed_parent,True,1.0,0.4675,tier_B,,False,observed F2 father identity unresolved
2021cicX13178933,2021cicX13178933,fAulAsc218,AA170,sequenced_individual,F3,F3,,M,2021cicX11218924,,fAulAsc106,,2021cicX11218924,,fAulAsc106,,one_observed_F2_parent_plus_unsequenced_mate,B_observed_F2_parent,1.0,"No real individual-level trio ground truth is available; tier labels describe relative identity stability conditional on the eligible candidate panel, not absolute parent presence. Blank fields mean unresolved or unsequenced rather than biological absence.",all_marker_phase_invariant_plus_reset_aware_linkage_parent_GL_conditioned,tier_B_or_better,B_observed_F2_parent,B,unsequenced,,,,,fAulAsc106:0.557;fAulAsc38:0.186;fAulAsc133:0.077;fAulAsc30:0.059;fAulAsc128:0.024;fAulAsc28:0.019;fAulAsc57:0.011;fAulAsc86:0.011;fAulAsc56:0.010,,one_observed_parent,True,0.0,0.557,tier_B,,False,one observed F2 father identity plus an unsequenced biological mate
2021cicX13178934,2021cicX13178934,fAulAsc228,AA171,sequenced_individual,F3,F3,,M,,,,,2021cicX11218946,,fAulAsc128,,observed_F2_parent_identity_unresolved,C_complete_working_hypothesis,1.0,"No real individual-level trio ground truth is available; tier labels describe relative identity stability conditional on the eligible candidate panel, not absolute parent presence. Blank fields mean unresolved or unsequenced rather than biological absence.",all_marker_phase_invariant_plus_reset_aware_linkage_parent_GL_conditioned,tier_B_or_better,C_complete_working_hypothesis,C,unsequenced,,,,,fAulAsc128:0.640;fAulAsc78:0.143;fAulAsc81:0.060;fAulAsc33:0.054;fAulAsc210:0.052,,one_observed_parent,True,1.0,0.6405,tier_B,,False,observed F2 father identity unresolved
2021cicX13178935,2021cicX13178935,fAulAsc238,AA172,sequenced_individual,F3,F3,,M,,,,,2021cicX11218846,,fAulAsc52,,observed_F2_parent_identity_unresolved,C_complete_working_hypothesis,1.0,"No real individual-level trio ground truth is available; tier labels describe relative identity stability conditional on the eligible candidate panel, not absolute parent presence. Blank fields mean unresolved or unsequenced rather than biological absence.",all_marker_phase_invariant_plus_reset_aware_linkage_parent_GL_conditioned,tier_B_or_better,C_complete_working_hypothesis,C,unsequenced,,,,,fAulAsc47:0.191;fAulAsc38:0.137;fAulAsc148:0.127;fAulAsc15:0.124;fAulAsc133:0.114;fAulAsc13:0.079;fAulAsc52:0.072;fAulAsc87:0.025;fAulAsc94:0.025;fAulAsc56:0.022;fAulAsc23:0.018;fAulAsc126:0.017;fAulAsc128:0.016,,one_observed_parent,True,1.0,0.0725,tier_B,,False,observed F2 father identity unresolved
2021cicX13178936,2021cicX13178936,fAulAsc164,AA173,sequenced_individual,F3,F3,,M,2021cicX11218872,,fAulAsc78,,2021cicX11218872,,fAulAsc78,,one_observed_F2_parent_plus_unsequenced_mate,B_observed_F2_parent,1.0,"No real individual-level trio ground truth is available; tier labels describe relative identity stability conditional on the eligible candidate panel, not absolute parent presence. Blank fields mean unresolved or unsequenced rather than biological absence.",all_marker_phase_invariant_plus_reset_aware_linkage_parent_GL_conditioned,tier_B_or_better,B_observed_F2_parent,B,unsequenced,,,,,fAulAsc78:0.743;fAulAsc128:0.198;fAulAsc26:0.036,,one_observed_parent,True,0.0,0.74325,tier_B,,False,one observed F2 father identity plus an unsequenced biological mate
2021cicX13178937,2021cicX13178937,fAulAsc175,AA174,sequenced_individual,F3,F3,,M,,,,,2021cicX11218940,,fAulAsc122,,observed_F2_parent_identity_unresolved,C_complete_working_hypothesis,1.0,"No real individual-level trio ground truth is available; tier labels describe relative identity stability conditional on the eligible candidate panel, not absolute parent presence. Blank fields mean unresolved or unsequenced rather than biological absence.",all_marker_phase_invariant_plus_reset_aware_linkage_parent_GL_conditioned,tier_B_or_better,C_complete_working_hypothesis,C,unsequenced,,,,,fAulAsc122:0.184;fAulAsc2:0.183;fAulAsc33:0.141;fAulAsc3:0.090;fAulAsc142:0.080;fAulAsc31:0.080;fAulAsc96:0.078;fAulAsc125:0.055;fAulAsc95:0.038;fAulAsc15:0.031,,one_observed_parent,True,1.0,0.1845,tier_B,,False,observed F2 father identity unresolved
2021cicX13178938,2021cicX13178938,fAulAsc186,AA175,sequenced_individual,F3,F3,,M,,,,,2021cicX11218800,,fAulAsc6,,observed_F2_parent_identity_unresolved,C_complete_working_hypothesis,1.0,"No real individual-level trio ground truth is available; tier labels describe relative identity stability conditional on the eligible candidate panel, not absolute parent presence. Blank fields mean unresolved or unsequenced rather than biological absence.",all_marker_phase_invariant_plus_reset_aware_linkage_parent_GL_conditioned,tier_B_or_better,C_complete_working_hypothesis,C,unsequenced,,,,,fAulAsc6:0.446;fAulAsc52:0.371;fAulAsc125:0.121;fAulAsc17:0.020,,one_observed_parent,True,1.0,0.44625,tier_B,,False,observed F2 father identity unresolved
2021cicX13178939,2021cicX13178939,fAulAsc197,AA176,sequenced_individual,F3,F3,,M,2021cicX11218846,,fAulAsc52,,2021cicX11218846,,fAulAsc52,,one_observed_F2_parent_plus_unsequenced_mate,B_observed_F2_parent,1.0,"No real individual-level trio ground truth is available; tier labels describe relative identity stability conditional on the eligible candidate panel, not absolute parent presence. Blank fields mean unresolved or unsequenced rather than biological absence.",all_marker_phase_invariant_plus_reset_aware_linkage_parent_GL_conditioned,tier_B_or_better,B_observed_F2_parent,B,unsequenced,,,,,fAulAsc52:0.584;fAulAsc9:0.124;fAulAsc10:0.111;fAulAsc71:0.053;fAulAsc47:0.046;fAulAsc141:0.027;fAulAsc82:0.025,,one_observed_parent,True,0.0,0.584,tier_B,,False,one observed F2 father identity plus an unsequenced biological mate
2021cicX13178940,2021cicX13178940,fAulAsc208,AA177,sequenced_individual,F3,F3,,M,,,,,2021cicX11218872,,fAulAsc78,,observed_F2_parent_identity_unresolved,C_complete_working_hypothesis,1.0,"No real individual-level trio ground truth is available; tier labels describe relative identity stability conditional on the eligible candidate panel, not absolute parent presence. Blank fields mean unresolved or unsequenced rather than biological absence.",all_marker_phase_invariant_plus_reset_aware_linkage_parent_GL_conditioned,tier_B_or_better,C_complete_working_hypothesis,C,unsequenced,,,,,fAulAsc128:0.406;fAulAsc78:0.398;fAulAsc94:0.106;fAulAsc2:0.058,,one_observed_parent,True,1.0,0.3975,tier_B,,False,observed F2 father identity unresolved
2021cicX13178941,2021cicX13178941,fAulAsc219,AA178,sequenced_individual,F3,F3,,M,,,,,2021cicX11218846,,fAulAsc52,,observed_F2_parent_identity_unresolved,C_complete_working_hypothesis,1.0,"No real individual-level trio ground truth is available; tier labels describe relative identity stability conditional on the eligible candidate panel, not absolute parent presence. Blank fields mean unresolved or unsequenced rather than biological absence.",all_marker_phase_invariant_plus_reset_aware_linkage_parent_GL_conditioned,tier_B_or_better,C_complete_working_hypothesis,C,unsequenced,,,,,fAulAsc52:0.472;fAulAsc27:0.197;fAulAsc11:0.140;fAulAsc53:0.091;fAulAsc44:0.025;fAulAsc126:0.022;fAulAsc33:0.017,,one_observed_parent,True,1.0,0.47225,tier_B,,False,observed F2 father identity unresolved
2021cicX13178942,2021cicX13178942,fAulAsc229,AA179,sequenced_individual,F3,F3,,M,2021cicX11218872,,fAulAsc78,,2021cicX11218872,,fAulAsc78,,one_observed_F2_parent_plus_unsequenced_mate,B_observed_F2_parent,1.0,"No real individual-level trio ground truth is available; tier labels describe relative identity stability conditional on the eligible candidate panel, not absolute parent presence. Blank fields mean unresolved or unsequenced rather than biological absence.",all_marker_phase_invariant_plus_reset_aware_linkage_parent_GL_conditioned,tier_B_or_better,B_observed_F2_parent,B,unsequenced,,,,,fAulAsc78:0.852;fAulAsc77:0.046;fAulAsc94:0.037;fAulAsc126:0.034,,one_observed_parent,True,0.0,0.852,tier_B,,False,one observed F2 father identity plus an unsequenced biological mate
2021cicX13178943,2021cicX13178943,fAulAsc239,AA180,sequenced_individual,F3,F3,,M,,,,,2021cicX11218832,,fAulAsc38,,observed_F2_parent_identity_unresolved,C_complete_working_hypothesis,1.0,"No real individual-level trio ground truth is available; tier labels describe relative identity stability conditional on the eligible candidate panel, not absolute parent presence. Blank fields mean unresolved or unsequenced rather than biological absence.",all_marker_phase_invariant_plus_reset_aware_linkage_parent_GL_conditioned,tier_B_or_better,C_complete_working_hypothesis,C,unsequenced,,,,,fAulAsc38:0.260;fAulAsc14:0.248;fAulAsc60:0.152;fAulAsc56:0.109;fAulAsc49:0.075;fAulAsc127:0.028;fAulAsc13:0.024;fAulAsc62:0.021;fAulAsc124:0.018;fAulAsc9:0.017,,one_observed_parent,True,1.0,0.26,tier_B,,False,observed F2 father identity unresolved
2021cicX13178944,2021cicX13178944,fAulAsc165,AA181,sequenced_individual,F3,F3,,M,2021cicX11218872,,fAulAsc78,,2021cicX11218872,,fAulAsc78,,one_observed_F2_parent_plus_unsequenced_mate,B_observed_F2_parent,1.0,"No real individual-level trio ground truth is available; tier labels describe relative identity stability conditional on the eligible candidate panel, not absolute parent presence. Blank fields mean unresolved or unsequenced rather than biological absence.",all_marker_phase_invariant_plus_reset_aware_linkage_parent_GL_conditioned,tier_B_or_better,B_observed_F2_parent,B,unsequenced,,,,,fAulAsc78:0.814;fAulAsc71:0.062;fAulAsc1:0.048;fAulAsc85:0.020;fAulAsc141:0.016,,one_observed_parent,True,0.0,0.814,tier_B,,False,one observed F2 father identity plus an unsequenced biological mate
2021cicX13178945,2021cicX13178945,fAulAsc176,AA182,sequenced_individual,F3,F3,,M,2021cicX11218924,,fAulAsc106,,2021cicX11218924,,fAulAsc106,,one_observed_F2_parent_plus_unsequenced_mate,B_observed_F2_parent,1.0,"No real individual-level trio ground truth is available; tier labels describe relative identity stability conditional on the eligible candidate panel, not absolute parent presence. Blank fields mean unresolved or unsequenced rather than biological absence.",all_marker_phase_invariant_plus_reset_aware_linkage_parent_GL_conditioned,tier_B_or_better,B_observed_F2_parent,B,unsequenced,,,,,fAulAsc106:0.501;fAulAsc128:0.257;fAulAsc38:0.130;fAulAsc107:0.030;fAulAsc89:0.015;fAulAsc30:0.015;fAulAsc11:0.013,,one_observed_parent,True,0.0,0.501,tier_B,,False,one observed F2 father identity plus an unsequenced biological mate
2021cicX13178946,2021cicX13178946,fAulAsc187,AA183,sequenced_individual,F3,F3,,M,,,,,2021cicX11218865,,fAulAsc71,,observed_F2_parent_identity_unresolved,C_complete_working_hypothesis,1.0,"No real individual-level trio ground truth is available; tier labels describe relative identity stability conditional on the eligible candidate panel, not absolute parent presence. Blank fields mean unresolved or unsequenced rather than biological absence.",all_marker_phase_invariant_plus_reset_aware_linkage_parent_GL_conditioned,tier_B_or_better,C_complete_working_hypothesis,C,unsequenced,,,,,fAulAsc71:0.433;fAulAsc97:0.162;fAulAsc3:0.105;fAulAsc34:0.105;fAulAsc8:0.067;fAulAsc28:0.045;fAulAsc53:0.029;fAulAsc27:0.013,,one_observed_parent,True,1.0,0.4335,tier_B,,False,observed F2 father identity unresolved
2021cicX13178947,2021cicX13178947,fAulAsc198,AA184,sequenced_individual,F3,F3,,M,,,,,2021cicX11218872,,fAulAsc78,,observed_F2_parent_identity_unresolved,C_complete_working_hypothesis,1.0,"No real individual-level trio ground truth is available; tier labels describe relative identity stability conditional on the eligible candidate panel, not absolute parent presence. Blank fields mean unresolved or unsequenced rather than biological absence.",all_marker_phase_invariant_plus_reset_aware_linkage_parent_GL_conditioned,tier_B_or_better,C_complete_working_hypothesis,C,unsequenced,,,,,fAulAsc78:0.358;fAulAsc123:0.286;fAulAsc71:0.136;fAulAsc107:0.049;fAulAsc38:0.042;fAulAsc82:0.038;fAulAsc141:0.038;fAulAsc128:0.025,,one_observed_parent,True,1.0,0.3585,tier_B,,False,observed F2 father identity unresolved
2021cicX13178948,2021cicX13178948,fAulAsc209,AA185,sequenced_individual,F3,F3,,M,,,,,2021cicX11218832,,fAulAsc38,,observed_F2_parent_identity_unresolved,C_complete_working_hypothesis,1.0,"No real individual-level trio ground truth is available; tier labels describe relative identity stability conditional on the eligible candidate panel, not absolute parent presence. Blank fields mean unresolved or unsequenced rather than biological absence.",all_marker_phase_invariant_plus_reset_aware_linkage_parent_GL_conditioned,tier_B_or_better,C_complete_working_hypothesis,C,unsequenced,,,,,fAulAsc38:0.579;fAulAsc49:0.150;fAulAsc58:0.126;fAulAsc21:0.052;fAulAsc89:0.041;fAulAsc45:0.018,,one_observed_parent,True,1.0,0.579,tier_B,,False,observed F2 father identity unresolved
2021cicX13178949,2021cicX13178949,fAulAsc220,AA186,sequenced_individual,F3,F3,,M,,,,,2021cicX11218875,,fAulAsc81,,observed_F2_parent_identity_unresolved,C_complete_working_hypothesis,1.0,"No real individual-level trio ground truth is available; tier labels describe relative identity stability conditional on the eligible candidate panel, not absolute parent presence. Blank fields mean unresolved or unsequenced rather than biological absence.",all_marker_phase_invariant_plus_reset_aware_linkage_parent_GL_conditioned,tier_B_or_better,C_complete_working_hypothesis,C,unsequenced,,,,,fAulAsc81:0.201;fAulAsc11:0.182;fAulAsc60:0.143;fAulAsc104:0.100;fAulAsc9:0.074;fAulAsc78:0.074;fAulAsc58:0.065;fAulAsc56:0.032;fAulAsc21:0.027;fAulAsc29:0.022;fAulAsc6:0.019;fAulAsc28:0.015,,one_observed_parent,True,1.0,0.20075,tier_B,,False,observed F2 father identity unresolved
2021cicX13178950,2021cicX13178950,fAulAsc230,AA187,sequenced_individual,F3,F3,,M,,,,,2021cicX11218807,,fAulAsc13,,observed_F2_parent_identity_unresolved,C_complete_working_hypothesis,1.0,"No real individual-level trio ground truth is available; tier labels describe relative identity stability conditional on the eligible candidate panel, not absolute parent presence. Blank fields mean unresolved or unsequenced rather than biological absence.",all_marker_phase_invariant_plus_reset_aware_linkage_parent_GL_conditioned,tier_B_or_better,C_complete_working_hypothesis,C,unsequenced,,,,,fAulAsc13:0.317;fAulAsc49:0.221;fAulAsc56:0.181;fAulAsc80:0.082;fAulAsc10:0.062;fAulAsc40:0.045;fAulAsc60:0.030;fAulAsc90:0.018,,one_observed_parent,True,1.0,0.3165,tier_B,,False,observed F2 father identity unresolved
2021cicX13178951,2021cicX13178951,fAulAsc240,AA188,sequenced_individual,F3,F3,,M,2021cicX11218924,,fAulAsc106,,2021cicX11218924,,fAulAsc106,,one_observed_F2_parent_plus_unsequenced_mate,B_observed_F2_parent,1.0,"No real individual-level trio ground truth is available; tier labels describe relative identity stability conditional on the eligible candidate panel, not absolute parent presence. Blank fields mean unresolved or unsequenced rather than biological absence.",all_marker_phase_invariant_plus_reset_aware_linkage_parent_GL_conditioned,tier_B_or_better,B_observed_F2_parent,B,unsequenced,,,,,fAulAsc106:0.725;fAulAsc11:0.089;fAulAsc59:0.050;fAulAsc19:0.043;fAulAsc86:0.028;fAulAsc62:0.017,,one_observed_parent,True,0.0,0.72475,tier_B,,False,one observed F2 father identity plus an unsequenced biological mate
2021cicX13178952,2021cicX13178952,fAulAsc166,AA189,sequenced_individual,F3,F3,,M,,,,,2021cicX11218915,,fAulAsc97,,observed_F2_parent_identity_unresolved,C_complete_working_hypothesis,1.0,"No real individual-level trio ground truth is available; tier labels describe relative identity stability conditional on the eligible candidate panel, not absolute parent presence. Blank fields mean unresolved or unsequenced rather than biological absence.",all_marker_phase_invariant_plus_reset_aware_linkage_parent_GL_conditioned,tier_B_or_better,C_complete_working_hypothesis,C,unsequenced,,,,,fAulAsc97:0.636;fAulAsc134:0.126;fAulAsc77:0.101;fAulAsc98:0.035;fAulAsc199:0.021;fAulAsc76:0.020;fAulAsc129:0.020,,one_observed_parent,True,1.0,0.636,tier_B,,False,observed F2 father identity unresolved
2021cicX13178953,2021cicX13178953,fAulAsc177,AA190,sequenced_individual,F2,F2,,M,,2021cicX11218972,,fAulAsc154,2021cicX11218975,2021cicX11218972,fAulAsc157,fAulAsc154,one_observed_parent_reported,B_one_parent_identity,,"No real individual-level trio ground truth is available; tier labels describe relative identity stability conditional on the eligible candidate panel, not absolute parent presence. Blank fields mean unresolved or unsequenced rather than biological absence.",all_marker_phase_invariant_plus_reset_aware_linkage_parent_GL_conditioned,tier_B_or_better,B_one_parent_identity,C,B,0.46025,0.46025,0.871,fAulAsc157+fAulAsc154:0.460;fAulAsc158+fAulAsc154:0.411;fAulAsc158+fAulAsc153:0.129,fAulAsc158:0.540;fAulAsc157:0.460,fAulAsc154:0.871;fAulAsc153:0.129,zero_parent,False,1.0,,tier_B,independently_supplied_by_cross_users,False,parent identities ranked within an independently guaranteed complete 14-pair recorded-F1 candidate panel
2021cicX13178954,2021cicX13178954,fAulAsc188,AA191,sequenced_individual,F2,F2,,M,2021cicX11218976,2021cicX11218971,fAulAsc158,fAulAsc153,2021cicX11218976,2021cicX11218971,fAulAsc158,fAulAsc153,two_observed_parent_working_hypothesis,B_exact_pair,,"No real individual-level trio ground truth is available; tier labels describe relative identity stability conditional on the eligible candidate panel, not absolute parent presence. Blank fields mean unresolved or unsequenced rather than biological absence.",all_marker_phase_invariant_plus_reset_aware_linkage_parent_GL_conditioned,tier_B_or_better,B_exact_pair,B,B,0.56475,0.83925,0.7244999999999999,fAulAsc158+fAulAsc153:0.565;fAulAsc158+fAulAsc154:0.275;fAulAsc157+fAulAsc153:0.149,fAulAsc158:0.839;fAulAsc157:0.149,fAulAsc153:0.724;fAulAsc154:0.276,zero_parent,False,0.0,,tier_B,independently_supplied_by_cross_users,False,parent identities ranked within an independently guaranteed complete 14-pair recorded-F1 candidate panel
2021cicX13178955,2021cicX13178955,fAulAsc199,AA192,sequenced_individual,F2,F2,,M,,,,,2021cicX11218975,2021cicX11218971,fAulAsc157,fAulAsc153,observed_parent_identity_unresolved,C_complete_working_hypothesis,,"No real individual-level trio ground truth is available; tier labels describe relative identity stability conditional on the eligible candidate panel, not absolute parent presence. Blank fields mean unresolved or unsequenced rather than biological absence.",all_marker_phase_invariant_plus_reset_aware_linkage_parent_GL_conditioned,tier_B_or_better,C_complete_working_hypothesis,C,C,0.3615,0.4735,0.531,fAulAsc157+fAulAsc153:0.361;fAulAsc158+fAulAsc154:0.357;fAulAsc158+fAulAsc153:0.170;fAulAsc157+fAulAsc154:0.112,fAulAsc158:0.526;fAulAsc157:0.473,fAulAsc153:0.531;fAulAsc154:0.469,zero_parent,False,2.0,,tier_B,independently_supplied_by_cross_users,False,parent identities ranked within an independently guaranteed complete 14-pair recorded-F1 candidate panel
2021cicX13178956,2021cicX13178956,fAulAsc210,AA193,sequenced_individual,F2,F2,,M,2021cicX11218976,2021cicX11218972,fAulAsc158,fAulAsc154,2021cicX11218976,2021cicX11218972,fAulAsc158,fAulAsc154,two_observed_parent_working_hypothesis,B_exact_pair,,"No real individual-level trio ground truth is available; tier labels describe relative identity stability conditional on the eligible candidate panel, not absolute parent presence. Blank fields mean unresolved or unsequenced rather than biological absence.",all_marker_phase_invariant_plus_reset_aware_linkage_parent_GL_conditioned,tier_B_or_better,B_exact_pair,B,B,0.596,0.60625,0.9095,fAulAsc158+fAulAsc154:0.596;fAulAsc157+fAulAsc154:0.314;fAulAsc157+fAulAsc153:0.080,fAulAsc158:0.606;fAulAsc157:0.394,fAulAsc154:0.909;fAulAsc153:0.090,zero_parent,False,0.0,,tier_B,independently_supplied_by_cross_users,False,parent identities ranked within an independently guaranteed complete 14-pair recorded-F1 candidate panel
2021cicX13178957,2021cicX13178957,fAulAsc221,AA194,sequenced_individual,F3,F3,,M,,,,,2021cicX11218924,,fAulAsc106,,observed_F2_parent_identity_unresolved,C_complete_working_hypothesis,1.0,"No real individual-level trio ground truth is available; tier labels describe relative identity stability conditional on the eligible candidate panel, not absolute parent presence. Blank fields mean unresolved or unsequenced rather than biological absence.",all_marker_phase_invariant_plus_reset_aware_linkage_parent_GL_conditioned,tier_B_or_better,C_complete_working_hypothesis,C,unsequenced,,,,,fAulAsc106:0.497;fAulAsc30:0.212;fAulAsc128:0.178;fAulAsc141:0.044;fAulAsc3:0.035,,one_observed_parent,True,1.0,0.49725,tier_B,,False,observed F2 father identity unresolved
2021cicX13178958,2021cicX13178958,fAulAsc231,AA195,sequenced_individual,F3,F3,,M,2021cicX11218872,,fAulAsc78,,2021cicX11218872,,fAulAsc78,,one_observed_F2_parent_plus_unsequenced_mate,B_observed_F2_parent,1.0,"No real individual-level trio ground truth is available; tier labels describe relative identity stability conditional on the eligible candidate panel, not absolute parent presence. Blank fields mean unresolved or unsequenced rather than biological absence.",all_marker_phase_invariant_plus_reset_aware_linkage_parent_GL_conditioned,tier_B_or_better,B_observed_F2_parent,B,unsequenced,,,,,fAulAsc78:0.544;fAulAsc91:0.290;fAulAsc123:0.053;fAulAsc128:0.053;fAulAsc141:0.048,,one_observed_parent,True,0.0,0.54375,tier_B,,False,one observed F2 father identity plus an unsequenced biological mate
2021cicX13178959,2021cicX13178959,fAulAsc241,AA196,sequenced_individual,F3,F3,,M,,,,,2021cicX11218920,,fAulAsc102,,observed_F2_parent_identity_unresolved,C_complete_working_hypothesis,1.0,"No real individual-level trio ground truth is available; tier labels describe relative identity stability conditional on the eligible candidate panel, not absolute parent presence. Blank fields mean unresolved or unsequenced rather than biological absence.",all_marker_phase_invariant_plus_reset_aware_linkage_parent_GL_conditioned,tier_B_or_better,C_complete_working_hypothesis,C,unsequenced,,,,,fAulAsc102:0.434;fAulAsc16:0.135;fAulAsc47:0.119;fAulAsc53:0.104;fAulAsc11:0.089;fAulAsc93:0.042;fAulAsc22:0.033,,one_observed_parent,True,1.0,0.4345,tier_B,,False,observed F2 father identity unresolved
2021cicX13178960,2021cicX13178960,fAulAsc167,AA197,sequenced_individual,F3,F3,,M,2021cicX11218924,,fAulAsc106,,2021cicX11218924,,fAulAsc106,,one_observed_F2_parent_plus_unsequenced_mate,B_observed_F2_parent,1.0,"No real individual-level trio ground truth is available; tier labels describe relative identity stability conditional on the eligible candidate panel, not absolute parent presence. Blank fields mean unresolved or unsequenced rather than biological absence.",all_marker_phase_invariant_plus_reset_aware_linkage_parent_GL_conditioned,tier_B_or_better,B_observed_F2_parent,B,unsequenced,,,,,fAulAsc106:0.519;fAulAsc94:0.095;fAulAsc22:0.084;fAulAsc38:0.080;fAulAsc17:0.068;fAulAsc11:0.063;fAulAsc10:0.027;fAulAsc86:0.013,,one_observed_parent,True,0.0,0.5195,tier_B,,False,one observed F2 father identity plus an unsequenced biological mate
2021cicX13178961,2021cicX13178961,fAulAsc178,AA198,sequenced_individual,F3,F3,,M,2021cicX11218852,,fAulAsc58,,2021cicX11218852,,fAulAsc58,,one_observed_F2_parent_plus_unsequenced_mate,B_observed_F2_parent,1.0,"No real individual-level trio ground truth is available; tier labels describe relative identity stability conditional on the eligible candidate panel, not absolute parent presence. Blank fields mean unresolved or unsequenced rather than biological absence.",all_marker_phase_invariant_plus_reset_aware_linkage_parent_GL_conditioned,tier_B_or_better,B_observed_F2_parent,B,unsequenced,,,,,fAulAsc58:0.697;fAulAsc102:0.121;fAulAsc142:0.059;fAulAsc32:0.025;fAulAsc97:0.024;fAulAsc19:0.015;fAulAsc26:0.015,,one_observed_parent,True,0.0,0.697,tier_B,,False,one observed F2 father identity plus an unsequenced biological mate
2021cicX13178962,2021cicX13178962,fAulAsc189,AA199,sequenced_individual,F3,F3,,M,,,,,2021cicX11218846,,fAulAsc52,,observed_F2_parent_identity_unresolved,C_complete_working_hypothesis,1.0,"No real individual-level trio ground truth is available; tier labels describe relative identity stability conditional on the eligible candidate panel, not absolute parent presence. Blank fields mean unresolved or unsequenced rather than biological absence.",all_marker_phase_invariant_plus_reset_aware_linkage_parent_GL_conditioned,tier_B_or_better,C_complete_working_hypothesis,C,unsequenced,,,,,fAulAsc52:0.225;fAulAsc6:0.182;fAulAsc43:0.177;fAulAsc31:0.149;fAulAsc53:0.108;fAulAsc19:0.069;fAulAsc131:0.028;fAulAsc35:0.021,,one_observed_parent,True,1.0,0.225,tier_B,,False,observed F2 father identity unresolved
2021cicX13178963,2021cicX13178963,fAulAsc200,AA200,sequenced_individual,F3,F3,,M,,,,,2021cicX11218846,,fAulAsc52,,observed_F2_parent_identity_unresolved,C_complete_working_hypothesis,1.0,"No real individual-level trio ground truth is available; tier labels describe relative identity stability conditional on the eligible candidate panel, not absolute parent presence. Blank fields mean unresolved or unsequenced rather than biological absence.",all_marker_phase_invariant_plus_reset_aware_linkage_parent_GL_conditioned,tier_B_or_better,C_complete_working_hypothesis,C,unsequenced,,,,,fAulAsc52:0.404;fAulAsc27:0.276;fAulAsc53:0.072;fAulAsc87:0.066;fAulAsc108:0.050;fAulAsc51:0.049;fAulAsc126:0.047,,one_observed_parent,True,1.0,0.404,tier_B,,False,observed F2 father identity unresolved
2021cicX13178964,2021cicX13178964,fAulAsc211,AA201,sequenced_individual,F3,F3,,M,,,,,2021cicX11218811,,fAulAsc17,,observed_F2_parent_identity_unresolved,C_complete_working_hypothesis,1.0,"No real individual-level trio ground truth is available; tier labels describe relative identity stability conditional on the eligible candidate panel, not absolute parent presence. Blank fields mean unresolved or unsequenced rather than biological absence.",all_marker_phase_invariant_plus_reset_aware_linkage_parent_GL_conditioned,tier_B_or_better,C_complete_working_hypothesis,C,unsequenced,,,,,fAulAsc17:0.300;fAulAsc11:0.263;fAulAsc52:0.193;fAulAsc37:0.109;fAulAsc15:0.026;fAulAsc43:0.025;fAulAsc16:0.024;fAulAsc32:0.021,,one_observed_parent,True,1.0,0.3005,tier_B,,False,observed F2 father identity unresolved
2021cicX13178965,2021cicX13178965,fAulAsc222,AA202,sequenced_individual,F3,F3,,M,,,,,2021cicX11218815,,fAulAsc21,,observed_F2_parent_identity_unresolved,C_complete_working_hypothesis,1.0,"No real individual-level trio ground truth is available; tier labels describe relative identity stability conditional on the eligible candidate panel, not absolute parent presence. Blank fields mean unresolved or unsequenced rather than biological absence.",all_marker_phase_invariant_plus_reset_aware_linkage_parent_GL_conditioned,tier_B_or_better,C_complete_working_hypothesis,C,unsequenced,,,,,fAulAsc21:0.211;fAulAsc71:0.205;fAulAsc10:0.184;fAulAsc82:0.101;fAulAsc100:0.076;fAulAsc58:0.069;fAulAsc45:0.035;fAulAsc1:0.034;fAulAsc135:0.028;fAulAsc79:0.026,,one_observed_parent,True,1.0,0.2115,tier_B,,False,observed F2 father identity unresolved
2021cicX13178966,2021cicX13178966,fAulAsc232,AA203,sequenced_individual,F3,F3,,M,,,,,2021cicX11218804,,fAulAsc10,,observed_F2_parent_identity_unresolved,C_complete_working_hypothesis,1.0,"No real individual-level trio ground truth is available; tier labels describe relative identity stability conditional on the eligible candidate panel, not absolute parent presence. Blank fields mean unresolved or unsequenced rather than biological absence.",all_marker_phase_invariant_plus_reset_aware_linkage_parent_GL_conditioned,tier_B_or_better,C_complete_working_hypothesis,C,unsequenced,,,,,fAulAsc10:0.271;fAulAsc85:0.225;fAulAsc14:0.176;fAulAsc16:0.074;fAulAsc9:0.073;fAulAsc87:0.060;fAulAsc45:0.041;fAulAsc62:0.035,,one_observed_parent,True,1.0,0.2705,tier_B,,False,observed F2 father identity unresolved
2021cicX13178967,2021cicX13178967,fAulAsc242,AA204,sequenced_individual,F3,F3,,M,2021cicX11218846,,fAulAsc52,,2021cicX11218846,,fAulAsc52,,one_observed_F2_parent_plus_unsequenced_mate,B_observed_F2_parent,1.0,"No real individual-level trio ground truth is available; tier labels describe relative identity stability conditional on the eligible candidate panel, not absolute parent presence. Blank fields mean unresolved or unsequenced rather than biological absence.",all_marker_phase_invariant_plus_reset_aware_linkage_parent_GL_conditioned,tier_B_or_better,B_observed_F2_parent,B,unsequenced,,,,,fAulAsc52:0.581;fAulAsc25:0.173;fAulAsc126:0.123;fAulAsc6:0.025;fAulAsc37:0.025;fAulAsc2:0.023;fAulAsc15:0.018,,one_observed_parent,True,0.0,0.58075,tier_B,,False,one observed F2 father identity plus an unsequenced biological mate
2021cicX13178968,2021cicX13178968,fAulAsc168,AA205,sequenced_individual,F3,F3,,M,,,,,2021cicX11218854,,fAulAsc60,,observed_F2_parent_identity_unresolved,C_complete_working_hypothesis,1.0,"No real individual-level trio ground truth is available; tier labels describe relative identity stability conditional on the eligible candidate panel, not absolute parent presence. Blank fields mean unresolved or unsequenced rather than biological absence.",all_marker_phase_invariant_plus_reset_aware_linkage_parent_GL_conditioned,tier_B_or_better,C_complete_working_hypothesis,C,unsequenced,,,,,fAulAsc60:0.408;fAulAsc97:0.351;fAulAsc76:0.070;fAulAsc71:0.069;fAulAsc34:0.043;fAulAsc81:0.030,,one_observed_parent,True,1.0,0.40825,tier_B,,False,observed F2 father identity unresolved
2021cicX13178969,2021cicX13178969,fAulAsc179,AA206,sequenced_individual,F3,F3,,M,,,,,2021cicX11218858,,fAulAsc64,,observed_F2_parent_identity_unresolved,C_complete_working_hypothesis,1.0,"No real individual-level trio ground truth is available; tier labels describe relative identity stability conditional on the eligible candidate panel, not absolute parent presence. Blank fields mean unresolved or unsequenced rather than biological absence.",all_marker_phase_invariant_plus_reset_aware_linkage_parent_GL_conditioned,tier_B_or_better,C_complete_working_hypothesis,C,unsequenced,,,,,fAulAsc64:0.286;fAulAsc21:0.157;fAulAsc98:0.111;fAulAsc82:0.100;fAulAsc49:0.090;fAulAsc58:0.078;fAulAsc14:0.073;fAulAsc93:0.039;fAulAsc29:0.030,,one_observed_parent,True,1.0,0.2865,tier_B,,False,observed F2 father identity unresolved
2021cicX13178970,2021cicX13178970,fAulAsc190,AA207,sequenced_individual,F3,F3,,M,,,,,2021cicX11218946,,fAulAsc128,,observed_F2_parent_identity_unresolved,C_complete_working_hypothesis,1.0,"No real individual-level trio ground truth is available; tier labels describe relative identity stability conditional on the eligible candidate panel, not absolute parent presence. Blank fields mean unresolved or unsequenced rather than biological absence.",all_marker_phase_invariant_plus_reset_aware_linkage_parent_GL_conditioned,tier_B_or_better,C_complete_working_hypothesis,C,unsequenced,,,,,fAulAsc128:0.592;fAulAsc123:0.181;fAulAsc78:0.136;fAulAsc26:0.030;fAulAsc22:0.021,,one_observed_parent,True,1.0,0.59175,tier_B,,False,observed F2 father identity unresolved
2021cicX13178971,2021cicX13178971,fAulAsc201,AA208,sequenced_individual,F3,F3,,M,,,,,2021cicX11218865,,fAulAsc71,,observed_F2_parent_identity_unresolved,C_complete_working_hypothesis,1.0,"No real individual-level trio ground truth is available; tier labels describe relative identity stability conditional on the eligible candidate panel, not absolute parent presence. Blank fields mean unresolved or unsequenced rather than biological absence.",all_marker_phase_invariant_plus_reset_aware_linkage_parent_GL_conditioned,tier_B_or_better,C_complete_working_hypothesis,C,unsequenced,,,,,fAulAsc64:0.206;fAulAsc82:0.175;fAulAsc71:0.141;fAulAsc38:0.140;fAulAsc98:0.102;fAulAsc49:0.072;fAulAsc1:0.066;fAulAsc58:0.028;fAulAsc45:0.022,,one_observed_parent,True,1.0,0.1405,tier_B,,False,observed F2 father identity unresolved
2021cicX13178972,2021cicX13178972,fAulAsc212,AA209,sequenced_individual,F3,F3,,M,2021cicX11218846,,fAulAsc52,,2021cicX11218846,,fAulAsc52,,one_observed_F2_parent_plus_unsequenced_mate,B_observed_F2_parent,1.0,"No real individual-level trio ground truth is available; tier labels describe relative identity stability conditional on the eligible candidate panel, not absolute parent presence. Blank fields mean unresolved or unsequenced rather than biological absence.",all_marker_phase_invariant_plus_reset_aware_linkage_parent_GL_conditioned,tier_B_or_better,B_observed_F2_parent,B,unsequenced,,,,,fAulAsc52:0.785;fAulAsc11:0.061;fAulAsc25:0.049;fAulAsc53:0.033;fAulAsc6:0.031,,one_observed_parent,True,0.0,0.78475,tier_B,,False,one observed F2 father identity plus an unsequenced biological mate
2021cicX13178973,2021cicX13178973,fAulAsc223,AA210,sequenced_individual,F3,F3,,M,,,,,2021cicX11218879,,fAulAsc85,,observed_F2_parent_identity_unresolved,C_complete_working_hypothesis,1.0,"No real individual-level trio ground truth is available; tier labels describe relative identity stability conditional on the eligible candidate panel, not absolute parent presence. Blank fields mean unresolved or unsequenced rather than biological absence.",all_marker_phase_invariant_plus_reset_aware_linkage_parent_GL_conditioned,tier_B_or_better,C_complete_working_hypothesis,C,unsequenced,,,,,fAulAsc85:0.555;fAulAsc102:0.205;fAulAsc79:0.063;fAulAsc38:0.061;fAulAsc61:0.027;fAulAsc11:0.015;fAulAsc24:0.015;fAulAsc19:0.014,,one_observed_parent,True,1.0,0.55525,tier_B,,False,observed F2 father identity unresolved
2021cicX13178974,2021cicX13178974,fAulAsc233,AA211,sequenced_individual,F3,F3,,M,,,,,2021cicX11218800,,fAulAsc6,,observed_F2_parent_identity_unresolved,C_complete_working_hypothesis,1.0,"No real individual-level trio ground truth is available; tier labels describe relative identity stability conditional on the eligible candidate panel, not absolute parent presence. Blank fields mean unresolved or unsequenced rather than biological absence.",all_marker_phase_invariant_plus_reset_aware_linkage_parent_GL_conditioned,tier_B_or_better,C_complete_working_hypothesis,C,unsequenced,,,,,fAulAsc6:0.607;fAulAsc106:0.161;fAulAsc52:0.123;fAulAsc36:0.045;fAulAsc124:0.024,,one_observed_parent,True,1.0,0.60725,tier_B,,False,observed F2 father identity unresolved
2021cicX13178975,2021cicX13178975,fAulAsc243,AA212,sequenced_individual,F3,F3,,M,2021cicX11218924,,fAulAsc106,,2021cicX11218924,,fAulAsc106,,one_observed_F2_parent_plus_unsequenced_mate,B_observed_F2_parent,1.0,"No real individual-level trio ground truth is available; tier labels describe relative identity stability conditional on the eligible candidate panel, not absolute parent presence. Blank fields mean unresolved or unsequenced rather than biological absence.",all_marker_phase_invariant_plus_reset_aware_linkage_parent_GL_conditioned,tier_B_or_better,B_observed_F2_parent,B,unsequenced,,,,,fAulAsc106:0.523;fAulAsc97:0.096;fAulAsc61:0.095;fAulAsc91:0.081;fAulAsc107:0.058;fAulAsc34:0.051;fAulAsc123:0.048,,one_observed_parent,True,0.0,0.5235,tier_B,,False,one observed F2 father identity plus an unsequenced biological mate
2021cicX13178976,2021cicX13178976,fAulAsc169,AA213,sequenced_individual,F3,F3,,M,2021cicX11218846,,fAulAsc52,,2021cicX11218846,,fAulAsc52,,one_observed_F2_parent_plus_unsequenced_mate,B_observed_F2_parent,1.0,"No real individual-level trio ground truth is available; tier labels describe relative identity stability conditional on the eligible candidate panel, not absolute parent presence. Blank fields mean unresolved or unsequenced rather than biological absence.",all_marker_phase_invariant_plus_reset_aware_linkage_parent_GL_conditioned,tier_B_or_better,B_observed_F2_parent,B,unsequenced,,,,,fAulAsc52:0.626;fAulAsc6:0.104;fAulAsc11:0.079;fAulAsc19:0.076;fAulAsc102:0.068,,one_observed_parent,True,0.0,0.62575,tier_B,,False,one observed F2 father identity plus an unsequenced biological mate
2021cicX13178977,2021cicX13178977,fAulAsc180,AA214,sequenced_individual,F3,F3,,M,,,,,2021cicX11218854,,fAulAsc60,,observed_F2_parent_identity_unresolved,C_complete_working_hypothesis,1.0,"No real individual-level trio ground truth is available; tier labels describe relative identity stability conditional on the eligible candidate panel, not absolute parent presence. Blank fields mean unresolved or unsequenced rather than biological absence.",all_marker_phase_invariant_plus_reset_aware_linkage_parent_GL_conditioned,tier_B_or_better,C_complete_working_hypothesis,C,unsequenced,,,,,fAulAsc60:0.273;fAulAsc34:0.205;fAulAsc94:0.118;fAulAsc93:0.105;fAulAsc59:0.103;fAulAsc12:0.065;fAulAsc53:0.063;fAulAsc3:0.032,,one_observed_parent,True,1.0,0.27275,tier_B,,False,observed F2 father identity unresolved
2021cicX13178978,2021cicX13178978,fAulAsc191,AA215,sequenced_individual,F3,F3,,M,2021cicX11218854,,fAulAsc60,,2021cicX11218854,,fAulAsc60,,one_observed_F2_parent_plus_unsequenced_mate,B_observed_F2_parent,1.0,"No real individual-level trio ground truth is available; tier labels describe relative identity stability conditional on the eligible candidate panel, not absolute parent presence. Blank fields mean unresolved or unsequenced rather than biological absence.",all_marker_phase_invariant_plus_reset_aware_linkage_parent_GL_conditioned,tier_B_or_better,B_observed_F2_parent,B,unsequenced,,,,,fAulAsc60:0.642;fAulAsc10:0.082;fAulAsc8:0.066;fAulAsc38:0.048;fAulAsc64:0.047;fAulAsc76:0.039;fAulAsc33:0.020;fAulAsc54:0.012,,one_observed_parent,True,0.0,0.64175,tier_B,,False,one observed F2 father identity plus an unsequenced biological mate
2021cicX13178979,2021cicX13178979,fAulAsc202,AA216,sequenced_individual,F3,F3,,M,2021cicX11218872,,fAulAsc78,,2021cicX11218872,,fAulAsc78,,one_observed_F2_parent_plus_unsequenced_mate,B_observed_F2_parent,1.0,"No real individual-level trio ground truth is available; tier labels describe relative identity stability conditional on the eligible candidate panel, not absolute parent presence. Blank fields mean unresolved or unsequenced rather than biological absence.",all_marker_phase_invariant_plus_reset_aware_linkage_parent_GL_conditioned,tier_B_or_better,B_observed_F2_parent,B,unsequenced,,,,,fAulAsc78:0.892;fAulAsc90:0.062,,one_observed_parent,True,0.0,0.8925,tier_B,,False,one observed F2 father identity plus an unsequenced biological mate
2021cicX13178980,2021cicX13178980,fAulAsc213,AA217,sequenced_individual,F3,F3,,M,,,,,2021cicX11218924,,fAulAsc106,,observed_F2_parent_identity_unresolved,C_complete_working_hypothesis,1.0,"No real individual-level trio ground truth is available; tier labels describe relative identity stability conditional on the eligible candidate panel, not absolute parent presence. Blank fields mean unresolved or unsequenced rather than biological absence.",all_marker_phase_invariant_plus_reset_aware_linkage_parent_GL_conditioned,tier_B_or_better,C_complete_working_hypothesis,C,unsequenced,,,,,fAulAsc106:0.347;fAulAsc86:0.275;fAulAsc94:0.139;fAulAsc21:0.061;fAulAsc3:0.038;fAulAsc54:0.035;fAulAsc6:0.035;fAulAsc30:0.023,,one_observed_parent,True,1.0,0.34725,tier_B,,False,observed F2 father identity unresolved
2021cicX13178981,2021cicX13178981,fAulAsc224,AA218,sequenced_individual,F3,F3,,M,2021cicX11218872,,fAulAsc78,,2021cicX11218872,,fAulAsc78,,one_observed_F2_parent_plus_unsequenced_mate,B_observed_F2_parent,1.0,"No real individual-level trio ground truth is available; tier labels describe relative identity stability conditional on the eligible candidate panel, not absolute parent presence. Blank fields mean unresolved or unsequenced rather than biological absence.",all_marker_phase_invariant_plus_reset_aware_linkage_parent_GL_conditioned,tier_B_or_better,B_observed_F2_parent,B,unsequenced,,,,,fAulAsc78:0.649;fAulAsc25:0.113;fAulAsc26:0.097;fAulAsc188:0.051;fAulAsc52:0.025;fAulAsc20:0.021,,one_observed_parent,True,0.0,0.64925,tier_B,,False,one observed F2 father identity plus an unsequenced biological mate
2021cicX13178982,2021cicX13178982,fAulAsc234,AA219,sequenced_individual,F3,F3,,M,,,,,2021cicX11218805,,fAulAsc11,,observed_F2_parent_identity_unresolved,C_complete_working_hypothesis,1.0,"No real individual-level trio ground truth is available; tier labels describe relative identity stability conditional on the eligible candidate panel, not absolute parent presence. Blank fields mean unresolved or unsequenced rather than biological absence.",all_marker_phase_invariant_plus_reset_aware_linkage_parent_GL_conditioned,tier_B_or_better,C_complete_working_hypothesis,C,unsequenced,,,,,fAulAsc11:0.316;fAulAsc26:0.226;fAulAsc55:0.133;fAulAsc41:0.111;fAulAsc8:0.110;fAulAsc89:0.043;fAulAsc122:0.025,,one_observed_parent,True,1.0,0.31575,tier_B,,False,observed F2 father identity unresolved
2021cicX13178983,2021cicX13178983,fAulAsc244,AA220,sequenced_individual,F3,F3,,M,,,,,2021cicX11218924,,fAulAsc106,,observed_F2_parent_identity_unresolved,C_complete_working_hypothesis,1.0,"No real individual-level trio ground truth is available; tier labels describe relative identity stability conditional on the eligible candidate panel, not absolute parent presence. Blank fields mean unresolved or unsequenced rather than biological absence.",all_marker_phase_invariant_plus_reset_aware_linkage_parent_GL_conditioned,tier_B_or_better,C_complete_working_hypothesis,C,unsequenced,,,,,fAulAsc106:0.217;fAulAsc9:0.197;fAulAsc19:0.123;fAulAsc128:0.074;fAulAsc24:0.067;fAulAsc38:0.051;fAulAsc148:0.050;fAulAsc6:0.047;fAulAsc62:0.044;fAulAsc44:0.029;fAulAsc49:0.028;fAulAsc86:0.015;fAulAsc122:0.015,,one_observed_parent,True,1.0,0.21725,tier_B,,False,observed F2 father identity unresolved
2021cicX13178984,2021cicX13178984,fAulAsc160,AA221,sequenced_individual,F3,F3,,M,2021cicX11218872,,fAulAsc78,,2021cicX11218872,,fAulAsc78,,one_observed_F2_parent_plus_unsequenced_mate,B_observed_F2_parent,1.0,"No real individual-level trio ground truth is available; tier labels describe relative identity stability conditional on the eligible candidate panel, not absolute parent presence. Blank fields mean unresolved or unsequenced rather than biological absence.",all_marker_phase_invariant_plus_reset_aware_linkage_parent_GL_conditioned,tier_B_or_better,B_observed_F2_parent,B,unsequenced,,,,,fAulAsc78:0.636;fAulAsc29:0.134;fAulAsc123:0.133;fAulAsc149:0.048,,one_observed_parent,True,0.0,0.636,tier_B,,False,one observed F2 father identity plus an unsequenced biological mate
2021cicX13178985,2021cicX13178985,fAulAsc171,AA222,sequenced_individual,F3,F3,,M,2021cicX11218924,,fAulAsc106,,2021cicX11218924,,fAulAsc106,,one_observed_F2_parent_plus_unsequenced_mate,B_observed_F2_parent,1.0,"No real individual-level trio ground truth is available; tier labels describe relative identity stability conditional on the eligible candidate panel, not absolute parent presence. Blank fields mean unresolved or unsequenced rather than biological absence.",all_marker_phase_invariant_plus_reset_aware_linkage_parent_GL_conditioned,tier_B_or_better,B_observed_F2_parent,B,unsequenced,,,,,fAulAsc106:0.757;fAulAsc9:0.183;fAulAsc10:0.015,,one_observed_parent,True,0.0,0.75725,tier_B,,False,one observed F2 father identity plus an unsequenced biological mate
2021cicX13178986,2021cicX13178986,fAulAsc182,AA223,sequenced_individual,F3,F3,,M,2021cicX11218872,,fAulAsc78,,2021cicX11218872,,fAulAsc78,,one_observed_F2_parent_plus_unsequenced_mate,B_observed_F2_parent,1.0,"No real individual-level trio ground truth is available; tier labels describe relative identity stability conditional on the eligible candidate panel, not absolute parent presence. Blank fields mean unresolved or unsequenced rather than biological absence.",all_marker_phase_invariant_plus_reset_aware_linkage_parent_GL_conditioned,tier_B_or_better,B_observed_F2_parent,B,unsequenced,,,,,fAulAsc78:0.935;fAulAsc77:0.037,,one_observed_parent,True,0.0,0.935,tier_B,,False,one observed F2 father identity plus an unsequenced biological mate
2021cicX13178987,2021cicX13178987,fAulAsc193,AA224,sequenced_individual,F3,F3,,M,2021cicX11218920,,fAulAsc102,,2021cicX11218920,,fAulAsc102,,one_observed_F2_parent_plus_unsequenced_mate,B_observed_F2_parent,1.0,"No real individual-level trio ground truth is available; tier labels describe relative identity stability conditional on the eligible candidate panel, not absolute parent presence. Blank fields mean unresolved or unsequenced rather than biological absence.",all_marker_phase_invariant_plus_reset_aware_linkage_parent_GL_conditioned,tier_B_or_better,B_observed_F2_parent,B,unsequenced,,,,,fAulAsc102:0.514;fAulAsc26:0.170;fAulAsc137:0.119;fAulAsc6:0.056;fAulAsc58:0.039;fAulAsc25:0.025;fAulAsc32:0.017;fAulAsc2:0.012,,one_observed_parent,True,0.0,0.514,tier_B,,False,one observed F2 father identity plus an unsequenced biological mate
2021cicX13178988,2021cicX13178988,fAulAsc204,AA225,sequenced_individual,F3,F3,,M,2021cicX11218920,,fAulAsc102,,2021cicX11218920,,fAulAsc102,,one_observed_F2_parent_plus_unsequenced_mate,B_observed_F2_parent,1.0,"No real individual-level trio ground truth is available; tier labels describe relative identity stability conditional on the eligible candidate panel, not absolute parent presence. Blank fields mean unresolved or unsequenced rather than biological absence.",all_marker_phase_invariant_plus_reset_aware_linkage_parent_GL_conditioned,tier_B_or_better,B_observed_F2_parent,B,unsequenced,,,,,fAulAsc102:0.906;fAulAsc6:0.035;fAulAsc26:0.032,,one_observed_parent,True,0.0,0.9065,tier_B,,False,one observed F2 father identity plus an unsequenced biological mate
2021cicX13178989,2021cicX13178989,fAulAsc215,AA226,sequenced_individual,F3,F3,,M,2021cicX11218924,,fAulAsc106,,2021cicX11218924,,fAulAsc106,,one_observed_F2_parent_plus_unsequenced_mate,B_observed_F2_parent,1.0,"No real individual-level trio ground truth is available; tier labels describe relative identity stability conditional on the eligible candidate panel, not absolute parent presence. Blank fields mean unresolved or unsequenced rather than biological absence.",all_marker_phase_invariant_plus_reset_aware_linkage_parent_GL_conditioned,tier_B_or_better,B_observed_F2_parent,B,unsequenced,,,,,fAulAsc106:0.684;fAulAsc22:0.097;fAulAsc6:0.069;fAulAsc19:0.062;fAulAsc8:0.036;fAulAsc16:0.035,,one_observed_parent,True,0.0,0.684,tier_B,,False,one observed F2 father identity plus an unsequenced biological mate
2021cicX13178990,2021cicX13178990,fAulAsc226,AA227,sequenced_individual,F3,F3,,M,,,,,2021cicX11218872,,fAulAsc78,,observed_F2_parent_identity_unresolved,C_complete_working_hypothesis,1.0,"No real individual-level trio ground truth is available; tier labels describe relative identity stability conditional on the eligible candidate panel, not absolute parent presence. Blank fields mean unresolved or unsequenced rather than biological absence.",all_marker_phase_invariant_plus_reset_aware_linkage_parent_GL_conditioned,tier_B_or_better,C_complete_working_hypothesis,C,unsequenced,,,,,fAulAsc78:0.412;fAulAsc46:0.194;fAulAsc28:0.175;fAulAsc31:0.055;fAulAsc128:0.036;fAulAsc61:0.026;fAulAsc104:0.019;fAulAsc22:0.018;fAulAsc77:0.017,,one_observed_parent,True,1.0,0.4125,tier_B,,False,observed F2 father identity unresolved
2021cicX13178991,2021cicX13178991,fAulAsc236,AA228,sequenced_individual,F3,F3,,M,,,,,2021cicX11218846,,fAulAsc52,,observed_F2_parent_identity_unresolved,C_complete_working_hypothesis,1.0,"No real individual-level trio ground truth is available; tier labels describe relative identity stability conditional on the eligible candidate panel, not absolute parent presence. Blank fields mean unresolved or unsequenced rather than biological absence.",all_marker_phase_invariant_plus_reset_aware_linkage_parent_GL_conditioned,tier_B_or_better,C_complete_working_hypothesis,C,unsequenced,,,,,fAulAsc52:0.392;fAulAsc79:0.166;fAulAsc210:0.111;fAulAsc141:0.102;fAulAsc19:0.097;fAulAsc86:0.090,,one_observed_parent,True,1.0,0.39175,tier_B,,False,observed F2 father identity unresolved
2021cicX13178992,2021cicX13178992,fAulAsc161,AA229,sequenced_individual,F3,F3,,M,,,,,2021cicX11218846,,fAulAsc52,,observed_F2_parent_identity_unresolved,C_complete_working_hypothesis,1.0,"No real individual-level trio ground truth is available; tier labels describe relative identity stability conditional on the eligible candidate panel, not absolute parent presence. Blank fields mean unresolved or unsequenced rather than biological absence.",all_marker_phase_invariant_plus_reset_aware_linkage_parent_GL_conditioned,tier_B_or_better,C_complete_working_hypothesis,C,unsequenced,,,,,fAulAsc52:0.359;fAulAsc2:0.143;fAulAsc14:0.141;fAulAsc126:0.127;fAulAsc47:0.070;fAulAsc16:0.044;fAulAsc86:0.034;fAulAsc11:0.019;fAulAsc33:0.014,,one_observed_parent,True,1.0,0.35925,tier_B,,False,observed F2 father identity unresolved
2021cicX13178993,2021cicX13178993,fAulAsc172,AA230,sequenced_individual,F3,F3,,M,,,,,2021cicX11218805,,fAulAsc11,,observed_F2_parent_identity_unresolved,C_complete_working_hypothesis,1.0,"No real individual-level trio ground truth is available; tier labels describe relative identity stability conditional on the eligible candidate panel, not absolute parent presence. Blank fields mean unresolved or unsequenced rather than biological absence.",all_marker_phase_invariant_plus_reset_aware_linkage_parent_GL_conditioned,tier_B_or_better,C_complete_working_hypothesis,C,unsequenced,,,,,fAulAsc11:0.717;fAulAsc20:0.049;fAulAsc124:0.046;fAulAsc73:0.031;fAulAsc60:0.029;fAulAsc41:0.029;fAulAsc16:0.028;fAulAsc62:0.020;fAulAsc2:0.012,,one_observed_parent,True,1.0,0.71675,tier_B,,False,observed F2 father identity unresolved
2021cicX13178994,2021cicX13178994,fAulAsc183,AA231,sequenced_individual,F3,F3,,M,,,,,2021cicX11218850,,fAulAsc56,,observed_F2_parent_identity_unresolved,C_complete_working_hypothesis,1.0,"No real individual-level trio ground truth is available; tier labels describe relative identity stability conditional on the eligible candidate panel, not absolute parent presence. Blank fields mean unresolved or unsequenced rather than biological absence.",all_marker_phase_invariant_plus_reset_aware_linkage_parent_GL_conditioned,tier_B_or_better,C_complete_working_hypothesis,C,unsequenced,,,,,fAulAsc56:0.415;fAulAsc58:0.203;fAulAsc38:0.097;fAulAsc45:0.082;fAulAsc64:0.051;fAulAsc188:0.033;fAulAsc82:0.032;fAulAsc94:0.028;fAulAsc126:0.019,,one_observed_parent,True,1.0,0.41525,tier_B,,False,observed F2 father identity unresolved
2021cicX13178995,2021cicX13178995,fAulAsc194,AA232,sequenced_individual,F3,F3,,M,,,,,2021cicX11218924,,fAulAsc106,,observed_F2_parent_identity_unresolved,C_complete_working_hypothesis,1.0,"No real individual-level trio ground truth is available; tier labels describe relative identity stability conditional on the eligible candidate panel, not absolute parent presence. Blank fields mean unresolved or unsequenced rather than biological absence.",all_marker_phase_invariant_plus_reset_aware_linkage_parent_GL_conditioned,tier_B_or_better,C_complete_working_hypothesis,C,unsequenced,,,,,fAulAsc94:0.180;fAulAsc106:0.178;fAulAsc6:0.170;fAulAsc11:0.110;fAulAsc82:0.101;fAulAsc54:0.051;fAulAsc21:0.049;fAulAsc23:0.043;fAulAsc148:0.042;fAulAsc13:0.018;fAulAsc64:0.017,,one_observed_parent,True,1.0,0.17825,tier_B,,False,observed F2 father identity unresolved
2021cicX13178996,2021cicX13178996,fAulAsc205,AA233,sequenced_individual,F3,F3,,M,2021cicX11218924,,fAulAsc106,,2021cicX11218924,,fAulAsc106,,one_observed_F2_parent_plus_unsequenced_mate,B_observed_F2_parent,1.0,"No real individual-level trio ground truth is available; tier labels describe relative identity stability conditional on the eligible candidate panel, not absolute parent presence. Blank fields mean unresolved or unsequenced rather than biological absence.",all_marker_phase_invariant_plus_reset_aware_linkage_parent_GL_conditioned,tier_B_or_better,B_observed_F2_parent,B,unsequenced,,,,,fAulAsc106:0.531;fAulAsc28:0.202;fAulAsc13:0.121;fAulAsc11:0.070;fAulAsc56:0.027,,one_observed_parent,True,0.0,0.531,tier_B,,False,one observed F2 father identity plus an unsequenced biological mate
2021cicX13178997,2021cicX13178997,fAulAsc216,AA234,sequenced_individual,F3,F3,,M,,,,,2021cicX11218876,,fAulAsc82,,observed_F2_parent_identity_unresolved,C_complete_working_hypothesis,1.0,"No real individual-level trio ground truth is available; tier labels describe relative identity stability conditional on the eligible candidate panel, not absolute parent presence. Blank fields mean unresolved or unsequenced rather than biological absence.",all_marker_phase_invariant_plus_reset_aware_linkage_parent_GL_conditioned,tier_B_or_better,C_complete_working_hypothesis,C,unsequenced,,,,,fAulAsc82:0.466;fAulAsc29:0.147;fAulAsc52:0.106;fAulAsc141:0.105;fAulAsc56:0.092;fAulAsc59:0.013;fAulAsc148:0.009;fAulAsc19:0.008;fAulAsc106:0.007,,one_observed_parent,True,1.0,0.46625,tier_B,,False,observed F2 father identity unresolved
2021cicX13611510,2021cicX13611510,fAulAsc248,AA235,sequenced_individual,F3,F3,,M,,,,,2021cicX11218854,,fAulAsc60,,observed_F2_parent_identity_unresolved,C_complete_working_hypothesis,1.0,"No real individual-level trio ground truth is available; tier labels describe relative identity stability conditional on the eligible candidate panel, not absolute parent presence. Blank fields mean unresolved or unsequenced rather than biological absence.",all_marker_phase_invariant_plus_reset_aware_linkage_parent_GL_conditioned,tier_B_or_better,C_complete_working_hypothesis,C,unsequenced,,,,,fAulAsc60:0.431;fAulAsc8:0.108;fAulAsc81:0.088;fAulAsc24:0.071;fAulAsc21:0.054;fAulAsc53:0.052;fAulAsc93:0.048;fAulAsc97:0.043;fAulAsc38:0.041;fAulAsc77:0.019,,one_observed_parent,True,1.0,0.4315,tier_B,,False,observed F2 father identity unresolved
2021cicX13611511,2021cicX13611511,fAulAsc249,AA236,sequenced_individual,F3,F3,,M,,,,,2021cicX11218924,,fAulAsc106,,observed_F2_parent_identity_unresolved,C_complete_working_hypothesis,1.0,"No real individual-level trio ground truth is available; tier labels describe relative identity stability conditional on the eligible candidate panel, not absolute parent presence. Blank fields mean unresolved or unsequenced rather than biological absence.",all_marker_phase_invariant_plus_reset_aware_linkage_parent_GL_conditioned,tier_B_or_better,C_complete_working_hypothesis,C,unsequenced,,,,,fAulAsc106:0.449;fAulAsc10:0.231;fAulAsc94:0.062;fAulAsc54:0.061;fAulAsc30:0.044;fAulAsc21:0.034;fAulAsc17:0.026;fAulAsc13:0.025;fAulAsc9:0.023,,one_observed_parent,True,1.0,0.449,tier_B,,False,observed F2 father identity unresolved
2021cicX13611512,2021cicX13611512,fAulAsc250,AA237,sequenced_individual,F3,F3,,M,,,,,2021cicX11218920,,fAulAsc102,,observed_F2_parent_identity_unresolved,C_complete_working_hypothesis,1.0,"No real individual-level trio ground truth is available; tier labels describe relative identity stability conditional on the eligible candidate panel, not absolute parent presence. Blank fields mean unresolved or unsequenced rather than biological absence.",all_marker_phase_invariant_plus_reset_aware_linkage_parent_GL_conditioned,tier_B_or_better,C_complete_working_hypothesis,C,unsequenced,,,,,fAulAsc102:0.493;fAulAsc9:0.112;fAulAsc85:0.105;fAulAsc21:0.079;fAulAsc53:0.049;fAulAsc99:0.044;fAulAsc61:0.044;fAulAsc74:0.029,,one_observed_parent,True,1.0,0.493,tier_B,,False,observed F2 father identity unresolved
2021cicX13611513,2021cicX13611513,fAulAsc251,AA238,sequenced_individual,F3,F3,,M,,,,,2021cicX11218823,,fAulAsc29,,observed_F2_parent_identity_unresolved,C_complete_working_hypothesis,1.0,"No real individual-level trio ground truth is available; tier labels describe relative identity stability conditional on the eligible candidate panel, not absolute parent presence. Blank fields mean unresolved or unsequenced rather than biological absence.",all_marker_phase_invariant_plus_reset_aware_linkage_parent_GL_conditioned,tier_B_or_better,C_complete_working_hypothesis,C,unsequenced,,,,,fAulAsc29:0.359;fAulAsc1:0.141;fAulAsc97:0.124;fAulAsc60:0.114;fAulAsc22:0.095;fAulAsc130:0.059;fAulAsc71:0.047;fAulAsc23:0.015,,one_observed_parent,True,1.0,0.359,tier_B,,False,observed F2 father identity unresolved
2021cicX13611514,2021cicX13611514,fAulAsc245,AA239,sequenced_individual,F3,F3,,M,2021cicX11218920,,fAulAsc102,,2021cicX11218920,,fAulAsc102,,one_observed_F2_parent_plus_unsequenced_mate,B_observed_F2_parent,1.0,"No real individual-level trio ground truth is available; tier labels describe relative identity stability conditional on the eligible candidate panel, not absolute parent presence. Blank fields mean unresolved or unsequenced rather than biological absence.",all_marker_phase_invariant_plus_reset_aware_linkage_parent_GL_conditioned,tier_B_or_better,B_observed_F2_parent,B,unsequenced,,,,,fAulAsc102:0.673;fAulAsc26:0.148;fAulAsc32:0.083;fAulAsc137:0.041;fAulAsc6:0.030,,one_observed_parent,True,0.0,0.673,tier_B,,False,one observed F2 father identity plus an unsequenced biological mate
2021cicX13611515,2021cicX13611515,fAulAsc246,AA240,sequenced_individual,F3,F3,,M,2021cicX11218924,,fAulAsc106,,2021cicX11218924,,fAulAsc106,,one_observed_F2_parent_plus_unsequenced_mate,B_observed_F2_parent,1.0,"No real individual-level trio ground truth is available; tier labels describe relative identity stability conditional on the eligible candidate panel, not absolute parent presence. Blank fields mean unresolved or unsequenced rather than biological absence.",all_marker_phase_invariant_plus_reset_aware_linkage_parent_GL_conditioned,tier_B_or_better,B_observed_F2_parent,B,unsequenced,,,,,fAulAsc106:0.840;fAulAsc11:0.082;fAulAsc126:0.028,,one_observed_parent,True,0.0,0.84,tier_B,,False,one observed F2 father identity plus an unsequenced biological mate
2021cicX13611516,2021cicX13611516,fAulAsc247,AA241,sequenced_individual,F3,F3,,M,,,,,2021cicX11218875,,fAulAsc81,,observed_F2_parent_identity_unresolved,C_complete_working_hypothesis,1.0,"No real individual-level trio ground truth is available; tier labels describe relative identity stability conditional on the eligible candidate panel, not absolute parent presence. Blank fields mean unresolved or unsequenced rather than biological absence.",all_marker_phase_invariant_plus_reset_aware_linkage_parent_GL_conditioned,tier_B_or_better,C_complete_working_hypothesis,C,unsequenced,,,,,fAulAsc79:0.232;fAulAsc81:0.203;fAulAsc141:0.106;fAulAsc91:0.084;fAulAsc142:0.083;fAulAsc9:0.062;fAulAsc56:0.045;fAulAsc27:0.042;fAulAsc101:0.036;fAulAsc29:0.028;fAulAsc97:0.025;fAulAsc1:0.010,,one_observed_parent,True,1.0,0.20275,tier_B,,False,observed F2 father identity unresolved
2021cicX13611517,2021cicX13611517,fAulAsc252,AA242,sequenced_individual,F3,F3,,M,,,,,2021cicX11218823,,fAulAsc29,,observed_F2_parent_identity_unresolved,C_complete_working_hypothesis,1.0,"No real individual-level trio ground truth is available; tier labels describe relative identity stability conditional on the eligible candidate panel, not absolute parent presence. Blank fields mean unresolved or unsequenced rather than biological absence.",all_marker_phase_invariant_plus_reset_aware_linkage_parent_GL_conditioned,tier_B_or_better,C_complete_working_hypothesis,C,unsequenced,,,,,fAulAsc29:0.285;fAulAsc10:0.209;fAulAsc71:0.190;fAulAsc107:0.061;fAulAsc28:0.042;fAulAsc34:0.038;fAulAsc99:0.026;fAulAsc38:0.026;fAulAsc97:0.025;fAulAsc129:0.023;fAulAsc82:0.017;fAulAsc17:0.016,,one_observed_parent,True,1.0,0.28475,tier_B,,False,observed F2 father identity unresolved
2021cicX13611518,2021cicX13611518,fAulAsc262,AA243,sequenced_individual,F3,F3,,M,2021cicX11218920,,fAulAsc102,,2021cicX11218920,,fAulAsc102,,one_observed_F2_parent_plus_unsequenced_mate,B_observed_F2_parent,1.0,"No real individual-level trio ground truth is available; tier labels describe relative identity stability conditional on the eligible candidate panel, not absolute parent presence. Blank fields mean unresolved or unsequenced rather than biological absence.",all_marker_phase_invariant_plus_reset_aware_linkage_parent_GL_conditioned,tier_B_or_better,B_observed_F2_parent,B,unsequenced,,,,,fAulAsc102:0.666;fAulAsc26:0.154;fAulAsc52:0.048;fAulAsc100:0.035;fAulAsc125:0.023;fAulAsc138:0.021;fAulAsc90:0.010,,one_observed_parent,True,0.0,0.666,tier_B,,False,one observed F2 father identity plus an unsequenced biological mate
2021cicX13611519,2021cicX13611519,fAulAsc265,AA244,sequenced_individual,F3,F3,,M,,,,,2021cicX11218804,,fAulAsc10,,observed_F2_parent_identity_unresolved,C_complete_working_hypothesis,1.0,"No real individual-level trio ground truth is available; tier labels describe relative identity stability conditional on the eligible candidate panel, not absolute parent presence. Blank fields mean unresolved or unsequenced rather than biological absence.",all_marker_phase_invariant_plus_reset_aware_linkage_parent_GL_conditioned,tier_B_or_better,C_complete_working_hypothesis,C,unsequenced,,,,,fAulAsc10:0.418;fAulAsc60:0.166;fAulAsc56:0.108;fAulAsc23:0.073;fAulAsc86:0.066;fAulAsc82:0.048;fAulAsc58:0.042;fAulAsc64:0.024;fAulAsc21:0.009,,one_observed_parent,True,1.0,0.41825,tier_B,,False,observed F2 father identity unresolved
2021cicX13611520,2021cicX13611520,fAulAsc268,AA245,sequenced_individual,F3,F3,,M,2021cicX11218846,,fAulAsc52,,2021cicX11218846,,fAulAsc52,,one_observed_F2_parent_plus_unsequenced_mate,B_observed_F2_parent,1.0,"No real individual-level trio ground truth is available; tier labels describe relative identity stability conditional on the eligible candidate panel, not absolute parent presence. Blank fields mean unresolved or unsequenced rather than biological absence.",all_marker_phase_invariant_plus_reset_aware_linkage_parent_GL_conditioned,tier_B_or_better,B_observed_F2_parent,B,unsequenced,,,,,fAulAsc52:0.544;fAulAsc6:0.193;fAulAsc2:0.079;fAulAsc25:0.071;fAulAsc100:0.069,,one_observed_parent,True,0.0,0.54375,tier_B,,False,one observed F2 father identity plus an unsequenced biological mate
2021cicX13611521,2021cicX13611521,fAulAsc271,AA246,sequenced_individual,F3,F3,,M,,,,,2021cicX11218940,,fAulAsc122,,observed_F2_parent_identity_unresolved,C_complete_working_hypothesis,1.0,"No real individual-level trio ground truth is available; tier labels describe relative identity stability conditional on the eligible candidate panel, not absolute parent presence. Blank fields mean unresolved or unsequenced rather than biological absence.",all_marker_phase_invariant_plus_reset_aware_linkage_parent_GL_conditioned,tier_B_or_better,C_complete_working_hypothesis,C,unsequenced,,,,,fAulAsc122:0.423;fAulAsc28:0.197;fAulAsc94:0.117;fAulAsc128:0.046;fAulAsc19:0.038;fAulAsc138:0.037;fAulAsc24:0.034;fAulAsc123:0.033;fAulAsc59:0.024;fAulAsc13:0.014,,one_observed_parent,True,1.0,0.4235,tier_B,,False,observed F2 father identity unresolved
2021cicX13611522,2021cicX13611522,fAulAsc254,AA247,sequenced_individual,F3,F3,,M,,,,,2021cicX11218890,,fAulAsc96,,observed_F2_parent_identity_unresolved,C_complete_working_hypothesis,1.0,"No real individual-level trio ground truth is available; tier labels describe relative identity stability conditional on the eligible candidate panel, not absolute parent presence. Blank fields mean unresolved or unsequenced rather than biological absence.",all_marker_phase_invariant_plus_reset_aware_linkage_parent_GL_conditioned,tier_B_or_better,C_complete_working_hypothesis,C,unsequenced,,,,,fAulAsc96:0.374;fAulAsc30:0.145;fAulAsc101:0.129;fAulAsc84:0.088;fAulAsc41:0.073;fAulAsc97:0.051;fAulAsc210:0.046;fAulAsc77:0.041;fAulAsc102:0.025,,one_observed_parent,True,1.0,0.374,tier_B,,False,observed F2 father identity unresolved
2021cicX13611523,2021cicX13611523,fAulAsc256,AA248,sequenced_individual,F3,F3,,M,,,,,2021cicX11218960,,fAulAsc142,,observed_F2_parent_identity_unresolved,C_complete_working_hypothesis,1.0,"No real individual-level trio ground truth is available; tier labels describe relative identity stability conditional on the eligible candidate panel, not absolute parent presence. Blank fields mean unresolved or unsequenced rather than biological absence.",all_marker_phase_invariant_plus_reset_aware_linkage_parent_GL_conditioned,tier_B_or_better,C_complete_working_hypothesis,C,unsequenced,,,,,fAulAsc91:0.273;fAulAsc142:0.154;fAulAsc62:0.106;fAulAsc32:0.093;fAulAsc123:0.085;fAulAsc52:0.080;fAulAsc125:0.032;fAulAsc29:0.032;fAulAsc53:0.026;fAulAsc100:0.023;fAulAsc107:0.020;fAulAsc86:0.019;fAulAsc24:0.013,,one_observed_parent,True,1.0,0.15375,tier_B,,False,observed F2 father identity unresolved
2021cicX13611524,2021cicX13611524,fAulAsc258,AA249,sequenced_individual,F3,F3,,M,,,,,2021cicX11218803,,fAulAsc9,,observed_F2_parent_identity_unresolved,C_complete_working_hypothesis,1.0,"No real individual-level trio ground truth is available; tier labels describe relative identity stability conditional on the eligible candidate panel, not absolute parent presence. Blank fields mean unresolved or unsequenced rather than biological absence.",all_marker_phase_invariant_plus_reset_aware_linkage_parent_GL_conditioned,tier_B_or_better,C_complete_working_hypothesis,C,unsequenced,,,,,fAulAsc9:0.564;fAulAsc14:0.097;fAulAsc71:0.092;fAulAsc141:0.090;fAulAsc52:0.045;fAulAsc6:0.028;fAulAsc62:0.015;fAulAsc74:0.012;fAulAsc19:0.009,,one_observed_parent,True,1.0,0.56375,tier_B,,False,observed F2 father identity unresolved
2021cicX13611525,2021cicX13611525,fAulAsc260,AA250,sequenced_individual,F3,F3,,M,,,,,2021cicX11218852,,fAulAsc58,,observed_F2_parent_identity_unresolved,C_complete_working_hypothesis,1.0,"No real individual-level trio ground truth is available; tier labels describe relative identity stability conditional on the eligible candidate panel, not absolute parent presence. Blank fields mean unresolved or unsequenced rather than biological absence.",all_marker_phase_invariant_plus_reset_aware_linkage_parent_GL_conditioned,tier_B_or_better,C_complete_working_hypothesis,C,unsequenced,,,,,fAulAsc58:0.440;fAulAsc60:0.157;fAulAsc32:0.113;fAulAsc15:0.063;fAulAsc104:0.059;fAulAsc108:0.045;fAulAsc142:0.031;fAulAsc31:0.023;fAulAsc96:0.017;fAulAsc103:0.011,,one_observed_parent,True,1.0,0.4395,tier_B,,False,observed F2 father identity unresolved
2021cicX13611526,2021cicX13611526,fAulAsc263,AA251,sequenced_individual,F3,F3,,M,,,,,2021cicX11218852,,fAulAsc58,,observed_F2_parent_identity_unresolved,C_complete_working_hypothesis,1.0,"No real individual-level trio ground truth is available; tier labels describe relative identity stability conditional on the eligible candidate panel, not absolute parent presence. Blank fields mean unresolved or unsequenced rather than biological absence.",all_marker_phase_invariant_plus_reset_aware_linkage_parent_GL_conditioned,tier_B_or_better,C_complete_working_hypothesis,C,unsequenced,,,,,fAulAsc14:0.194;fAulAsc94:0.163;fAulAsc100:0.160;fAulAsc58:0.151;fAulAsc82:0.100;fAulAsc141:0.085;fAulAsc38:0.080;fAulAsc71:0.017;fAulAsc64:0.014,,one_observed_parent,True,1.0,0.1515,tier_B,,False,observed F2 father identity unresolved
2021cicX13611527,2021cicX13611527,fAulAsc266,AA252,sequenced_individual,F3,F3,,M,,,,,2021cicX11218865,,fAulAsc71,,observed_F2_parent_identity_unresolved,C_complete_working_hypothesis,1.0,"No real individual-level trio ground truth is available; tier labels describe relative identity stability conditional on the eligible candidate panel, not absolute parent presence. Blank fields mean unresolved or unsequenced rather than biological absence.",all_marker_phase_invariant_plus_reset_aware_linkage_parent_GL_conditioned,tier_B_or_better,C_complete_working_hypothesis,C,unsequenced,,,,,fAulAsc71:0.325;fAulAsc58:0.223;fAulAsc56:0.136;fAulAsc60:0.122;fAulAsc38:0.092;fAulAsc29:0.025;fAulAsc59:0.025;fAulAsc123:0.018,,one_observed_parent,True,1.0,0.3245,tier_B,,False,observed F2 father identity unresolved
2021cicX13611528,2021cicX13611528,fAulAsc269,AA253,sequenced_individual,F3,F3,,M,,,,,2021cicX11218924,,fAulAsc106,,observed_F2_parent_identity_unresolved,C_complete_working_hypothesis,1.0,"No real individual-level trio ground truth is available; tier labels describe relative identity stability conditional on the eligible candidate panel, not absolute parent presence. Blank fields mean unresolved or unsequenced rather than biological absence.",all_marker_phase_invariant_plus_reset_aware_linkage_parent_GL_conditioned,tier_B_or_better,C_complete_working_hypothesis,C,unsequenced,,,,,fAulAsc106:0.319;fAulAsc59:0.248;fAulAsc10:0.111;fAulAsc62:0.083;fAulAsc128:0.059;fAulAsc26:0.054;fAulAsc23:0.048;fAulAsc28:0.023;fAulAsc11:0.022,,one_observed_parent,True,1.0,0.31875,tier_B,,False,observed F2 father identity unresolved
2021cicX13611529,2021cicX13611529,fAulAsc272,AA254,sequenced_individual,F3,F3,,M,2021cicX11218920,,fAulAsc102,,2021cicX11218920,,fAulAsc102,,one_observed_F2_parent_plus_unsequenced_mate,B_observed_F2_parent,1.0,"No real individual-level trio ground truth is available; tier labels describe relative identity stability conditional on the eligible candidate panel, not absolute parent presence. Blank fields mean unresolved or unsequenced rather than biological absence.",all_marker_phase_invariant_plus_reset_aware_linkage_parent_GL_conditioned,tier_B_or_better,B_observed_F2_parent,B,unsequenced,,,,,fAulAsc102:0.602;fAulAsc26:0.114;fAulAsc80:0.107;fAulAsc104:0.079;fAulAsc88:0.039;fAulAsc100:0.016,,one_observed_parent,True,0.0,0.60225,tier_B,,False,one observed F2 father identity plus an unsequenced biological mate
2021cicX13611530,2021cicX13611530,fAulAsc253,AA255,sequenced_individual,F3,F3,,M,,,,,2021cicX11218804,,fAulAsc10,,observed_F2_parent_identity_unresolved,C_complete_working_hypothesis,1.0,"No real individual-level trio ground truth is available; tier labels describe relative identity stability conditional on the eligible candidate panel, not absolute parent presence. Blank fields mean unresolved or unsequenced rather than biological absence.",all_marker_phase_invariant_plus_reset_aware_linkage_parent_GL_conditioned,tier_B_or_better,C_complete_working_hypothesis,C,unsequenced,,,,,fAulAsc10:0.298;fAulAsc29:0.230;fAulAsc38:0.179;fAulAsc97:0.070;fAulAsc142:0.060;fAulAsc34:0.057;fAulAsc88:0.030;fAulAsc64:0.026;fAulAsc199:0.016,,one_observed_parent,True,1.0,0.298,tier_B,,False,observed F2 father identity unresolved
2021cicX13611531,2021cicX13611531,fAulAsc255,AA256,sequenced_individual,F3,F3,,M,,,,,2021cicX11218854,,fAulAsc60,,observed_F2_parent_identity_unresolved,C_complete_working_hypothesis,1.0,"No real individual-level trio ground truth is available; tier labels describe relative identity stability conditional on the eligible candidate panel, not absolute parent presence. Blank fields mean unresolved or unsequenced rather than biological absence.",all_marker_phase_invariant_plus_reset_aware_linkage_parent_GL_conditioned,tier_B_or_better,C_complete_working_hypothesis,C,unsequenced,,,,,fAulAsc60:0.327;fAulAsc34:0.297;fAulAsc38:0.171;fAulAsc30:0.043;fAulAsc126:0.033;fAulAsc88:0.026;fAulAsc97:0.026;fAulAsc9:0.026,,one_observed_parent,True,1.0,0.327,tier_B,,False,observed F2 father identity unresolved
2021cicX13611532,2021cicX13611532,fAulAsc257,AA257,sequenced_individual,F3,F3,,M,2021cicX11218920,,fAulAsc102,,2021cicX11218920,,fAulAsc102,,one_observed_F2_parent_plus_unsequenced_mate,B_observed_F2_parent,1.0,"No real individual-level trio ground truth is available; tier labels describe relative identity stability conditional on the eligible candidate panel, not absolute parent presence. Blank fields mean unresolved or unsequenced rather than biological absence.",all_marker_phase_invariant_plus_reset_aware_linkage_parent_GL_conditioned,tier_B_or_better,B_observed_F2_parent,B,unsequenced,,,,,fAulAsc102:0.780;fAulAsc6:0.102;fAulAsc26:0.049;fAulAsc32:0.037,,one_observed_parent,True,0.0,0.78025,tier_B,,False,one observed F2 father identity plus an unsequenced biological mate
2021cicX13611533,2021cicX13611533,fAulAsc259,AA258,sequenced_individual,F3,F3,,M,2021cicX11218854,,fAulAsc60,,2021cicX11218854,,fAulAsc60,,one_observed_F2_parent_plus_unsequenced_mate,B_observed_F2_parent,1.0,"No real individual-level trio ground truth is available; tier labels describe relative identity stability conditional on the eligible candidate panel, not absolute parent presence. Blank fields mean unresolved or unsequenced rather than biological absence.",all_marker_phase_invariant_plus_reset_aware_linkage_parent_GL_conditioned,tier_B_or_better,B_observed_F2_parent,B,unsequenced,,,,,fAulAsc60:0.551;fAulAsc38:0.152;fAulAsc1:0.132;fAulAsc29:0.057;fAulAsc21:0.039;fAulAsc74:0.027,,one_observed_parent,True,0.0,0.55075,tier_B,,False,one observed F2 father identity plus an unsequenced biological mate
2021cicX13611534,2021cicX13611534,fAulAsc261,AA259,sequenced_individual,F3,F3,,M,,,,,2021cicX11218924,,fAulAsc106,,observed_F2_parent_identity_unresolved,C_complete_working_hypothesis,1.0,"No real individual-level trio ground truth is available; tier labels describe relative identity stability conditional on the eligible candidate panel, not absolute parent presence. Blank fields mean unresolved or unsequenced rather than biological absence.",all_marker_phase_invariant_plus_reset_aware_linkage_parent_GL_conditioned,tier_B_or_better,C_complete_working_hypothesis,C,unsequenced,,,,,fAulAsc106:0.442;fAulAsc28:0.250;fAulAsc27:0.144;fAulAsc11:0.103;fAulAsc85:0.014,,one_observed_parent,True,1.0,0.442,tier_B,,False,observed F2 father identity unresolved
2021cicX13611535,2021cicX13611535,fAulAsc264,AA260,sequenced_individual,F3,F3,,M,,,,,2021cicX11218840,,fAulAsc46,,observed_F2_parent_identity_unresolved,C_complete_working_hypothesis,1.0,"No real individual-level trio ground truth is available; tier labels describe relative identity stability conditional on the eligible candidate panel, not absolute parent presence. Blank fields mean unresolved or unsequenced rather than biological absence.",all_marker_phase_invariant_plus_reset_aware_linkage_parent_GL_conditioned,tier_B_or_better,C_complete_working_hypothesis,C,unsequenced,,,,,fAulAsc46:0.334;fAulAsc11:0.177;fAulAsc129:0.134;fAulAsc102:0.110;fAulAsc27:0.100;fAulAsc130:0.057;fAulAsc6:0.046,,one_observed_parent,True,1.0,0.33425,tier_B,,False,observed F2 father identity unresolved
2021cicX13611536,2021cicX13611536,fAulAsc267,AA261,sequenced_individual,F3,F3,,M,2021cicX11218920,,fAulAsc102,,2021cicX11218920,,fAulAsc102,,one_observed_F2_parent_plus_unsequenced_mate,B_observed_F2_parent,1.0,"No real individual-level trio ground truth is available; tier labels describe relative identity stability conditional on the eligible candidate panel, not absolute parent presence. Blank fields mean unresolved or unsequenced rather than biological absence.",all_marker_phase_invariant_plus_reset_aware_linkage_parent_GL_conditioned,tier_B_or_better,B_observed_F2_parent,B,unsequenced,,,,,fAulAsc102:0.540;fAulAsc12:0.103;fAulAsc123:0.092;fAulAsc46:0.081;fAulAsc9:0.062;fAulAsc86:0.047;fAulAsc96:0.042,,one_observed_parent,True,0.0,0.5405,tier_B,,False,one observed F2 father identity plus an unsequenced biological mate
2021cicX13611537,2021cicX13611537,fAulAsc270,AA262,sequenced_individual,F3,F3,,M,2021cicX11218885,,fAulAsc91,,2021cicX11218885,,fAulAsc91,,one_observed_F2_parent_plus_unsequenced_mate,B_observed_F2_parent,1.0,"No real individual-level trio ground truth is available; tier labels describe relative identity stability conditional on the eligible candidate panel, not absolute parent presence. Blank fields mean unresolved or unsequenced rather than biological absence.",all_marker_phase_invariant_plus_reset_aware_linkage_parent_GL_conditioned,tier_B_or_better,B_observed_F2_parent,B,unsequenced,,,,,fAulAsc91:0.632;fAulAsc6:0.145;fAulAsc53:0.120;fAulAsc81:0.060,,one_observed_parent,True,0.0,0.6325,tier_B,,False,one observed F2 father identity plus an unsequenced biological mate
2021cicX13611538,2021cicX13611538,fAulAsc273,AA263,sequenced_individual,F3,F3,,M,,,,,2021cicX11218921,,fAulAsc103,,observed_F2_parent_identity_unresolved,C_complete_working_hypothesis,1.0,"No real individual-level trio ground truth is available; tier labels describe relative identity stability conditional on the eligible candidate panel, not absolute parent presence. Blank fields mean unresolved or unsequenced rather than biological absence.",all_marker_phase_invariant_plus_reset_aware_linkage_parent_GL_conditioned,tier_B_or_better,C_complete_working_hypothesis,C,unsequenced,,,,,fAulAsc103:0.256;fAulAsc77:0.192;fAulAsc81:0.182;fAulAsc5:0.119;fAulAsc76:0.072;fAulAsc34:0.038;fAulAsc141:0.038;fAulAsc30:0.036;fAulAsc64:0.018,,one_observed_parent,True,1.0,0.25625,tier_B,,False,observed F2 father identity unresolved
2021cicX13611539,2021cicX13611539,fAulAsc275,AA264,sequenced_individual,F3,F3,,M,,,,,2021cicX11218846,,fAulAsc52,,observed_F2_parent_identity_unresolved,C_complete_working_hypothesis,1.0,"No real individual-level trio ground truth is available; tier labels describe relative identity stability conditional on the eligible candidate panel, not absolute parent presence. Blank fields mean unresolved or unsequenced rather than biological absence.",all_marker_phase_invariant_plus_reset_aware_linkage_parent_GL_conditioned,tier_B_or_better,C_complete_working_hypothesis,C,unsequenced,,,,,fAulAsc52:0.239;fAulAsc33:0.171;fAulAsc17:0.145;fAulAsc122:0.125;fAulAsc22:0.081;fAulAsc16:0.072;fAulAsc100:0.067;fAulAsc27:0.041;fAulAsc188:0.037,,one_observed_parent,True,1.0,0.239,tier_B,,False,observed F2 father identity unresolved
2021cicX13611540,2021cicX13611540,fAulAsc277,AA265,sequenced_individual,F3,F3,,M,2021cicX11218920,,fAulAsc102,,2021cicX11218920,,fAulAsc102,,one_observed_F2_parent_plus_unsequenced_mate,B_observed_F2_parent,1.0,"No real individual-level trio ground truth is available; tier labels describe relative identity stability conditional on the eligible candidate panel, not absolute parent presence. Blank fields mean unresolved or unsequenced rather than biological absence.",all_marker_phase_invariant_plus_reset_aware_linkage_parent_GL_conditioned,tier_B_or_better,B_observed_F2_parent,B,unsequenced,,,,,fAulAsc102:0.611;fAulAsc6:0.102;fAulAsc3:0.093;fAulAsc26:0.067;fAulAsc25:0.048;fAulAsc52:0.028;fAulAsc131:0.022,,one_observed_parent,True,0.0,0.61075,tier_B,,False,one observed F2 father identity plus an unsequenced biological mate
2021cicX13611541,2021cicX13611541,fAulAsc279,AA266,sequenced_individual,F3,F3,,M,2021cicX13178953,,fAulAsc177,,2021cicX13178953,,fAulAsc177,,one_observed_F2_parent_plus_unsequenced_mate,B_observed_F2_parent,1.0,"No real individual-level trio ground truth is available; tier labels describe relative identity stability conditional on the eligible candidate panel, not absolute parent presence. Blank fields mean unresolved or unsequenced rather than biological absence.",all_marker_phase_invariant_plus_reset_aware_linkage_parent_GL_conditioned,tier_B_or_better,B_observed_F2_parent,B,unsequenced,,,,,fAulAsc177:0.565;fAulAsc97:0.139;fAulAsc210:0.117;fAulAsc131:0.035;fAulAsc93:0.030;fAulAsc104:0.030;fAulAsc31:0.018;fAulAsc40:0.017,,one_observed_parent,True,0.0,0.565,tier_B,,False,one observed F2 father identity plus an unsequenced biological mate
2021cicX13611542,2021cicX13611542,fAulAsc281,AA267,sequenced_individual,F3,F3,,M,2021cicX11218920,,fAulAsc102,,2021cicX11218920,,fAulAsc102,,one_observed_F2_parent_plus_unsequenced_mate,B_observed_F2_parent,1.0,"No real individual-level trio ground truth is available; tier labels describe relative identity stability conditional on the eligible candidate panel, not absolute parent presence. Blank fields mean unresolved or unsequenced rather than biological absence.",all_marker_phase_invariant_plus_reset_aware_linkage_parent_GL_conditioned,tier_B_or_better,B_observed_F2_parent,B,unsequenced,,,,,fAulAsc102:0.898;fAulAsc33:0.088,,one_observed_parent,True,0.0,0.8985,tier_B,,False,one observed F2 father identity plus an unsequenced biological mate
2021cicX13611543,2021cicX13611543,fAulAsc283,AA268,sequenced_individual,F3,F3,,M,,,,,2021cicX11218945,,fAulAsc127,,observed_F2_parent_identity_unresolved,C_complete_working_hypothesis,1.0,"No real individual-level trio ground truth is available; tier labels describe relative identity stability conditional on the eligible candidate panel, not absolute parent presence. Blank fields mean unresolved or unsequenced rather than biological absence.",all_marker_phase_invariant_plus_reset_aware_linkage_parent_GL_conditioned,tier_B_or_better,C_complete_working_hypothesis,C,unsequenced,,,,,fAulAsc127:0.260;fAulAsc94:0.191;fAulAsc56:0.180;fAulAsc45:0.129;fAulAsc38:0.114;fAulAsc60:0.071;fAulAsc123:0.023,,one_observed_parent,True,1.0,0.2595,tier_B,,False,observed F2 father identity unresolved
2021cicX13611544,2021cicX13611544,fAulAsc285,AA269,sequenced_individual,F3,F3,,M,,,,,2021cicX11218820,,fAulAsc26,,observed_F2_parent_identity_unresolved,C_complete_working_hypothesis,1.0,"No real individual-level trio ground truth is available; tier labels describe relative identity stability conditional on the eligible candidate panel, not absolute parent presence. Blank fields mean unresolved or unsequenced rather than biological absence.",all_marker_phase_invariant_plus_reset_aware_linkage_parent_GL_conditioned,tier_B_or_better,C_complete_working_hypothesis,C,unsequenced,,,,,fAulAsc11:0.271;fAulAsc26:0.260;fAulAsc21:0.067;fAulAsc10:0.066;fAulAsc71:0.060;fAulAsc62:0.056;fAulAsc99:0.038;fAulAsc13:0.034;fAulAsc32:0.024;fAulAsc106:0.022;fAulAsc9:0.020;fAulAsc55:0.017;fAulAsc8:0.017,,one_observed_parent,True,1.0,0.26025,tier_B,,False,observed F2 father identity unresolved
2021cicX13611545,2021cicX13611545,fAulAsc287,AA270,sequenced_individual,F3,F3,,M,,,,,2021cicX13178953,,fAulAsc177,,observed_F2_parent_identity_unresolved,C_complete_working_hypothesis,1.0,"No real individual-level trio ground truth is available; tier labels describe relative identity stability conditional on the eligible candidate panel, not absolute parent presence. Blank fields mean unresolved or unsequenced rather than biological absence.",all_marker_phase_invariant_plus_reset_aware_linkage_parent_GL_conditioned,tier_B_or_better,C_complete_working_hypothesis,C,unsequenced,,,,,fAulAsc177:0.413;fAulAsc90:0.190;fAulAsc103:0.152;fAulAsc76:0.051;fAulAsc60:0.045;fAulAsc136:0.038;fAulAsc188:0.020;fAulAsc6:0.018;fAulAsc80:0.018;fAulAsc97:0.015,,one_observed_parent,True,1.0,0.41275,tier_B,,False,observed F2 father identity unresolved
2021cicX13611546,2021cicX13611546,fAulAsc274,AA271,sequenced_individual,F3,F3,,M,2021cicX11218924,,fAulAsc106,,2021cicX11218924,,fAulAsc106,,one_observed_F2_parent_plus_unsequenced_mate,B_observed_F2_parent,1.0,"No real individual-level trio ground truth is available; tier labels describe relative identity stability conditional on the eligible candidate panel, not absolute parent presence. Blank fields mean unresolved or unsequenced rather than biological absence.",all_marker_phase_invariant_plus_reset_aware_linkage_parent_GL_conditioned,tier_B_or_better,B_observed_F2_parent,B,unsequenced,,,,,fAulAsc106:0.582;fAulAsc22:0.143;fAulAsc10:0.061;fAulAsc19:0.053;fAulAsc82:0.049;fAulAsc11:0.036;fAulAsc86:0.034,,one_observed_parent,True,0.0,0.5815,tier_B,,False,one observed F2 father identity plus an unsequenced biological mate
2021cicX13611547,2021cicX13611547,fAulAsc276,AA272,sequenced_individual,F3,F3,,M,,,,,2021cicX11218854,,fAulAsc60,,observed_F2_parent_identity_unresolved,C_complete_working_hypothesis,1.0,"No real individual-level trio ground truth is available; tier labels describe relative identity stability conditional on the eligible candidate panel, not absolute parent presence. Blank fields mean unresolved or unsequenced rather than biological absence.",all_marker_phase_invariant_plus_reset_aware_linkage_parent_GL_conditioned,tier_B_or_better,C_complete_working_hypothesis,C,unsequenced,,,,,fAulAsc60:0.457;fAulAsc10:0.227;fAulAsc122:0.083;fAulAsc50:0.054;fAulAsc82:0.051;fAulAsc38:0.040;fAulAsc81:0.029;fAulAsc107:0.020,,one_observed_parent,True,1.0,0.45725,tier_B,,False,observed F2 father identity unresolved
2021cicX13611548,2021cicX13611548,fAulAsc278,AA273,sequenced_individual,F3,F3,,M,,,,,2021cicX11218804,,fAulAsc10,,observed_F2_parent_identity_unresolved,C_complete_working_hypothesis,1.0,"No real individual-level trio ground truth is available; tier labels describe relative identity stability conditional on the eligible candidate panel, not absolute parent presence. Blank fields mean unresolved or unsequenced rather than biological absence.",all_marker_phase_invariant_plus_reset_aware_linkage_parent_GL_conditioned,tier_B_or_better,C_complete_working_hypothesis,C,unsequenced,,,,,fAulAsc10:0.370;fAulAsc62:0.195;fAulAsc82:0.137;fAulAsc14:0.109;fAulAsc60:0.069;fAulAsc64:0.043;fAulAsc21:0.039,,one_observed_parent,True,1.0,0.37,tier_B,,False,observed F2 father identity unresolved
2021cicX13611549,2021cicX13611549,fAulAsc280,AA274,sequenced_individual,F3,F3,,M,,,,,2021cicX11218873,,fAulAsc79,,observed_F2_parent_identity_unresolved,C_complete_working_hypothesis,1.0,"No real individual-level trio ground truth is available; tier labels describe relative identity stability conditional on the eligible candidate panel, not absolute parent presence. Blank fields mean unresolved or unsequenced rather than biological absence.",all_marker_phase_invariant_plus_reset_aware_linkage_parent_GL_conditioned,tier_B_or_better,C_complete_working_hypothesis,C,unsequenced,,,,,fAulAsc79:0.423;fAulAsc52:0.318;fAulAsc11:0.134;fAulAsc14:0.030;fAulAsc38:0.026;fAulAsc53:0.025,,one_observed_parent,True,1.0,0.42325,tier_B,,False,observed F2 father identity unresolved
2021cicX13611550,2021cicX13611550,fAulAsc282,AA275,sequenced_individual,F3,F3,,M,,,,,2021cicX11218940,,fAulAsc122,,observed_F2_parent_identity_unresolved,C_complete_working_hypothesis,1.0,"No real individual-level trio ground truth is available; tier labels describe relative identity stability conditional on the eligible candidate panel, not absolute parent presence. Blank fields mean unresolved or unsequenced rather than biological absence.",all_marker_phase_invariant_plus_reset_aware_linkage_parent_GL_conditioned,tier_B_or_better,C_complete_working_hypothesis,C,unsequenced,,,,,fAulAsc28:0.209;fAulAsc61:0.190;fAulAsc94:0.155;fAulAsc88:0.141;fAulAsc122:0.113;fAulAsc51:0.043;fAulAsc78:0.038;fAulAsc81:0.022;fAulAsc104:0.019;fAulAsc23:0.018;fAulAsc123:0.015,,one_observed_parent,True,1.0,0.11325,tier_B,,False,observed F2 father identity unresolved
2021cicX13611551,2021cicX13611551,fAulAsc284,AA276,sequenced_individual,F3,F3,,M,2021cicX11218920,,fAulAsc102,,2021cicX11218920,,fAulAsc102,,one_observed_F2_parent_plus_unsequenced_mate,B_observed_F2_parent,1.0,"No real individual-level trio ground truth is available; tier labels describe relative identity stability conditional on the eligible candidate panel, not absolute parent presence. Blank fields mean unresolved or unsequenced rather than biological absence.",all_marker_phase_invariant_plus_reset_aware_linkage_parent_GL_conditioned,tier_B_or_better,B_observed_F2_parent,B,unsequenced,,,,,fAulAsc102:0.549;fAulAsc26:0.191;fAulAsc32:0.136;fAulAsc101:0.080,,one_observed_parent,True,0.0,0.54925,tier_B,,False,one observed F2 father identity plus an unsequenced biological mate
2021cicX13611552,2021cicX13611552,fAulAsc286,AA277,sequenced_individual,F3,F3,,M,,,,,2021cicX11218920,,fAulAsc102,,observed_F2_parent_identity_unresolved,C_complete_working_hypothesis,1.0,"No real individual-level trio ground truth is available; tier labels describe relative identity stability conditional on the eligible candidate panel, not absolute parent presence. Blank fields mean unresolved or unsequenced rather than biological absence.",all_marker_phase_invariant_plus_reset_aware_linkage_parent_GL_conditioned,tier_B_or_better,C_complete_working_hypothesis,C,unsequenced,,,,,fAulAsc102:0.273;fAulAsc129:0.204;fAulAsc46:0.175;fAulAsc101:0.130;fAulAsc210:0.099;fAulAsc6:0.024;fAulAsc126:0.023;fAulAsc104:0.020;fAulAsc62:0.016,,one_observed_parent,True,1.0,0.27275,tier_B,,False,observed F2 father identity unresolved
2021cicX13611553,2021cicX13611553,fAulAsc288,AA278,sequenced_individual,F3,F3,,M,2021cicX11218846,,fAulAsc52,,2021cicX11218846,,fAulAsc52,,one_observed_F2_parent_plus_unsequenced_mate,B_observed_F2_parent,1.0,"No real individual-level trio ground truth is available; tier labels describe relative identity stability conditional on the eligible candidate panel, not absolute parent presence. Blank fields mean unresolved or unsequenced rather than biological absence.",all_marker_phase_invariant_plus_reset_aware_linkage_parent_GL_conditioned,tier_B_or_better,B_observed_F2_parent,B,unsequenced,,,,,fAulAsc52:0.889;fAulAsc6:0.034;fAulAsc53:0.032,,one_observed_parent,True,0.0,0.889,tier_B,,False,one observed F2 father identity plus an unsequenced biological mate
