ParentIndividualID,ParentProjectEntityID,ParentRole,ParentSex,ParentGeneration,ChildIndividualID,ChildProjectEntityID,ChildGeneration,EdgeEvidenceClass,IncludedInTierA,IncludedInTierB,IncludedInTierC,IncludedInComplete,FirstIncludedView,ForcedCompleteOnly,EdgeBootstrapFraction,EdgeVariantFraction,EdgeLeaveOneChromosomeFraction,EdgeAlternatives95,PairBootstrapFraction,PairVariantFraction,PairLeaveOneChromosomeFraction,PairAlternatives95,ParentCountMAPState,ParentCountStateBootstrapFraction,ParentCountStateLeaveOneChromosomeFraction,ParentCountStatePriorFraction,EdgeInclusionReason,Caveat
fAulAsc151,2021cicX11218969,father,M,F1,fAulAsc1,2021cicX11218795,F2,Tier_B_additional_identity,False,True,True,True,tier_B,False,0.7330000000000001,1.0,1.0,fAulAsc151:0.733;fAulAsc155:0.191;fAulAsc150:0.038,0.455,1.0,0.9545454545454546,fAulAsc151+fAulAsc153:0.455;fAulAsc151+fAulAsc154:0.278;fAulAsc155+fAulAsc153:0.179;fAulAsc150+fAulAsc153:0.038,mother_only,0.0,0.0,0.0,Tier B chromosome-resampling identity stability,Internal stability or leading rank is not breeding-record ground truth; Tier C identity is explicitly uncertain.
fAulAsc153,2021cicX11218971,mother,F,F1,fAulAsc1,2021cicX11218795,F2,Tier_B_additional_identity,False,True,True,True,tier_B,False,0.7105,1.0,0.9545454545454546,fAulAsc153:0.711;fAulAsc154:0.290,0.455,1.0,0.9545454545454546,fAulAsc151+fAulAsc153:0.455;fAulAsc151+fAulAsc154:0.278;fAulAsc155+fAulAsc153:0.179;fAulAsc150+fAulAsc153:0.038,mother_only,0.0,0.0,0.0,Tier B chromosome-resampling identity stability,Internal stability or leading rank is not breeding-record ground truth; Tier C identity is explicitly uncertain.
fAulAsc157,2021cicX11218975,father,M,F1,fAulAsc2,2021cicX11218796,F2,Tier_A_strict_identity,True,True,True,True,tier_A,False,0.95275,1.0,1.0,fAulAsc157:0.953,0.82375,1.0,1.0,fAulAsc157+fAulAsc154:0.824;fAulAsc157+fAulAsc153:0.129,zero_parent,0.0,0.0,0.0,strict chromosome-resampling identity stability,Internal stability or leading rank is not breeding-record ground truth; Tier C identity is explicitly uncertain.
fAulAsc154,2021cicX11218972,mother,F,F1,fAulAsc2,2021cicX11218796,F2,Tier_B_additional_identity,False,True,True,True,tier_B,False,0.8694999999999999,1.0,1.0,fAulAsc154:0.869;fAulAsc153:0.131,0.82375,1.0,1.0,fAulAsc157+fAulAsc154:0.824;fAulAsc157+fAulAsc153:0.129,zero_parent,0.0,0.0,0.0,Tier B chromosome-resampling identity stability,Internal stability or leading rank is not breeding-record ground truth; Tier C identity is explicitly uncertain.
fAulAsc157,2021cicX11218975,father,M,F1,fAulAsc3,2021cicX11218797,F2,Tier_B_additional_identity,False,True,True,True,tier_B,False,0.8135,1.0,1.0,fAulAsc157:0.814;fAulAsc158:0.182,0.474,1.0,0.8636363636363636,fAulAsc157+fAulAsc154:0.474;fAulAsc157+fAulAsc153:0.340;fAulAsc158+fAulAsc154:0.104;fAulAsc158+fAulAsc153:0.079,zero_parent,0.0,0.0,0.0,Tier B chromosome-resampling identity stability,Internal stability or leading rank is not breeding-record ground truth; Tier C identity is explicitly uncertain.
fAulAsc154,2021cicX11218972,mother,F,F1,fAulAsc3,2021cicX11218797,F2,Tier_B_additional_identity,False,True,True,True,tier_B,False,0.5812499999999999,1.0,0.8636363636363636,fAulAsc154:0.581;fAulAsc153:0.419,0.474,1.0,0.8636363636363636,fAulAsc157+fAulAsc154:0.474;fAulAsc157+fAulAsc153:0.340;fAulAsc158+fAulAsc154:0.104;fAulAsc158+fAulAsc153:0.079,zero_parent,0.0,0.0,0.0,Tier B chromosome-resampling identity stability,Internal stability or leading rank is not breeding-record ground truth; Tier C identity is explicitly uncertain.
fAulAsc157,2021cicX11218975,father,M,F1,fAulAsc4,2021cicX11218798,F2,Tier_B_additional_identity,False,True,True,True,tier_B,False,0.8407499999999999,1.0,1.0,fAulAsc157:0.841;fAulAsc158:0.159,0.691,1.0,1.0,fAulAsc157+fAulAsc153:0.691;fAulAsc157+fAulAsc154:0.150;fAulAsc158+fAulAsc153:0.090;fAulAsc158+fAulAsc154:0.069,father_only,0.0015,0.0,0.0,Tier B chromosome-resampling identity stability,Internal stability or leading rank is not breeding-record ground truth; Tier C identity is explicitly uncertain.
fAulAsc153,2021cicX11218971,mother,F,F1,fAulAsc4,2021cicX11218798,F2,Tier_B_additional_identity,False,True,True,True,tier_B,False,0.78125,1.0,1.0,fAulAsc153:0.781;fAulAsc154:0.219,0.691,1.0,1.0,fAulAsc157+fAulAsc153:0.691;fAulAsc157+fAulAsc154:0.150;fAulAsc158+fAulAsc153:0.090;fAulAsc158+fAulAsc154:0.069,father_only,0.0015,0.0,0.0,Tier B chromosome-resampling identity stability,Internal stability or leading rank is not breeding-record ground truth; Tier C identity is explicitly uncertain.
fAulAsc158,2021cicX11218976,father,M,F1,fAulAsc7,2021cicX11218801,F2,Tier_B_additional_identity,False,True,True,True,tier_B,False,0.8875,1.0,1.0,fAulAsc158:0.887;fAulAsc157:0.112,0.8115,1.0,1.0,fAulAsc158+fAulAsc153:0.811;fAulAsc157+fAulAsc154:0.111;fAulAsc158+fAulAsc154:0.076,zero_parent,0.0,0.0,0.0,Tier B chromosome-resampling identity stability,Internal stability or leading rank is not breeding-record ground truth; Tier C identity is explicitly uncertain.
fAulAsc153,2021cicX11218971,mother,F,F1,fAulAsc7,2021cicX11218801,F2,Tier_B_additional_identity,False,True,True,True,tier_B,False,0.81275,1.0,1.0,fAulAsc153:0.813;fAulAsc154:0.187,0.8115,1.0,1.0,fAulAsc158+fAulAsc153:0.811;fAulAsc157+fAulAsc154:0.111;fAulAsc158+fAulAsc154:0.076,zero_parent,0.0,0.0,0.0,Tier B chromosome-resampling identity stability,Internal stability or leading rank is not breeding-record ground truth; Tier C identity is explicitly uncertain.
fAulAsc158,2021cicX11218976,father,M,F1,fAulAsc8,2021cicX11218802,F2,Tier_A_strict_identity,True,True,True,True,tier_A,False,0.99075,1.0,1.0,fAulAsc158:0.991,0.74425,1.0,1.0,fAulAsc158+fAulAsc154:0.744;fAulAsc158+fAulAsc153:0.246,zero_parent,0.0,0.0,0.0,strict chromosome-resampling identity stability,Internal stability or leading rank is not breeding-record ground truth; Tier C identity is explicitly uncertain.
fAulAsc154,2021cicX11218972,mother,F,F1,fAulAsc8,2021cicX11218802,F2,Tier_B_additional_identity,False,True,True,True,tier_B,False,0.748,1.0,1.0,fAulAsc154:0.748;fAulAsc153:0.252,0.74425,1.0,1.0,fAulAsc158+fAulAsc154:0.744;fAulAsc158+fAulAsc153:0.246,zero_parent,0.0,0.0,0.0,Tier B chromosome-resampling identity stability,Internal stability or leading rank is not breeding-record ground truth; Tier C identity is explicitly uncertain.
fAulAsc151,2021cicX11218969,father,M,F1,fAulAsc9,2021cicX11218803,F2,Tier_A_strict_identity,True,True,True,True,tier_A,False,0.9895,1.0,1.0,fAulAsc151:0.990,0.8025,1.0,1.0,fAulAsc151+fAulAsc154:0.802;fAulAsc151+fAulAsc153:0.187,father_only,0.0005,0.0,0.0,strict chromosome-resampling identity stability,Internal stability or leading rank is not breeding-record ground truth; Tier C identity is explicitly uncertain.
fAulAsc154,2021cicX11218972,mother,F,F1,fAulAsc9,2021cicX11218803,F2,Tier_B_additional_identity,False,True,True,True,tier_B,False,0.813,1.0,1.0,fAulAsc154:0.813;fAulAsc153:0.187,0.8025,1.0,1.0,fAulAsc151+fAulAsc154:0.802;fAulAsc151+fAulAsc153:0.187,father_only,0.0005,0.0,0.0,Tier B chromosome-resampling identity stability,Internal stability or leading rank is not breeding-record ground truth; Tier C identity is explicitly uncertain.
fAulAsc151,2021cicX11218969,father,M,F1,fAulAsc10,2021cicX11218804,F2,Tier_A_strict_identity,True,True,True,True,tier_A,False,0.97375,1.0,1.0,fAulAsc151:0.974,0.94725,1.0,1.0,fAulAsc151+fAulAsc154:0.947;fAulAsc151+fAulAsc153:0.026,father_only,0.0,0.0,0.0,strict chromosome-resampling identity stability,Internal stability or leading rank is not breeding-record ground truth; Tier C identity is explicitly uncertain.
fAulAsc154,2021cicX11218972,mother,F,F1,fAulAsc10,2021cicX11218804,F2,Tier_A_strict_identity,True,True,True,True,tier_A,False,0.96375,1.0,1.0,fAulAsc154:0.964,0.94725,1.0,1.0,fAulAsc151+fAulAsc154:0.947;fAulAsc151+fAulAsc153:0.026,father_only,0.0,0.0,0.0,strict chromosome-resampling identity stability,Internal stability or leading rank is not breeding-record ground truth; Tier C identity is explicitly uncertain.
fAulAsc151,2021cicX11218969,father,M,F1,fAulAsc12,2021cicX11218806,F2,Tier_A_strict_identity,True,True,True,True,tier_A,False,0.98425,1.0,1.0,fAulAsc151:0.984,0.68625,1.0,1.0,fAulAsc151+fAulAsc154:0.686;fAulAsc151+fAulAsc153:0.298,zero_parent,0.00825,0.0,0.0,strict chromosome-resampling identity stability,Internal stability or leading rank is not breeding-record ground truth; Tier C identity is explicitly uncertain.
fAulAsc154,2021cicX11218972,mother,F,F1,fAulAsc12,2021cicX11218806,F2,Tier_B_additional_identity,False,True,True,True,tier_B,False,0.6985,1.0,1.0,fAulAsc154:0.699;fAulAsc153:0.301,0.68625,1.0,1.0,fAulAsc151+fAulAsc154:0.686;fAulAsc151+fAulAsc153:0.298,zero_parent,0.00825,0.0,0.0,Tier B chromosome-resampling identity stability,Internal stability or leading rank is not breeding-record ground truth; Tier C identity is explicitly uncertain.
fAulAsc151,2021cicX11218969,father,M,F1,fAulAsc13,2021cicX11218807,F2,Tier_A_strict_identity,True,True,True,True,tier_A,False,0.98475,1.0,1.0,fAulAsc151:0.985,0.98475,1.0,1.0,fAulAsc151+fAulAsc153:0.985,father_only,0.01625,0.0,0.0,strict chromosome-resampling identity stability,Internal stability or leading rank is not breeding-record ground truth; Tier C identity is explicitly uncertain.
fAulAsc153,2021cicX11218971,mother,F,F1,fAulAsc13,2021cicX11218807,F2,Tier_A_strict_identity,True,True,True,True,tier_A,False,0.99975,1.0,1.0,fAulAsc153:1.000,0.98475,1.0,1.0,fAulAsc151+fAulAsc153:0.985,father_only,0.01625,0.0,0.0,strict chromosome-resampling identity stability,Internal stability or leading rank is not breeding-record ground truth; Tier C identity is explicitly uncertain.
fAulAsc151,2021cicX11218969,father,M,F1,fAulAsc14,2021cicX11218808,F2,Tier_A_strict_identity,True,True,True,True,tier_A,False,0.97025,1.0,1.0,fAulAsc151:0.970,0.55225,0.1428571428571428,0.7727272727272727,fAulAsc151+fAulAsc153:0.552;fAulAsc151+fAulAsc154:0.418,father_only,0.00025,0.0,0.0,strict chromosome-resampling identity stability,Internal stability or leading rank is not breeding-record ground truth; Tier C identity is explicitly uncertain.
fAulAsc154,2021cicX11218972,mother,F,F1,fAulAsc15,2021cicX11218809,F2,Tier_A_strict_identity,True,True,True,True,tier_A,False,0.96375,1.0,1.0,fAulAsc154:0.964,0.5025,1.0,0.5909090909090909,fAulAsc157+fAulAsc154:0.502;fAulAsc158+fAulAsc154:0.461,zero_parent,0.00075,0.0,0.0,strict chromosome-resampling identity stability,Internal stability or leading rank is not breeding-record ground truth; Tier C identity is explicitly uncertain.
fAulAsc158,2021cicX11218976,father,M,F1,fAulAsc16,2021cicX11218810,F2,Tier_B_additional_identity,False,True,True,True,tier_B,False,0.65125,1.0,1.0,fAulAsc158:0.651;fAulAsc157:0.349,0.48275,1.0,1.0,fAulAsc158+fAulAsc154:0.483;fAulAsc157+fAulAsc154:0.228;fAulAsc158+fAulAsc153:0.169;fAulAsc157+fAulAsc153:0.120,zero_parent,0.0,0.0,0.0,Tier B chromosome-resampling identity stability,Internal stability or leading rank is not breeding-record ground truth; Tier C identity is explicitly uncertain.
fAulAsc154,2021cicX11218972,mother,F,F1,fAulAsc16,2021cicX11218810,F2,Tier_B_additional_identity,False,True,True,True,tier_B,False,0.71075,1.0,1.0,fAulAsc154:0.711;fAulAsc153:0.289,0.48275,1.0,1.0,fAulAsc158+fAulAsc154:0.483;fAulAsc157+fAulAsc154:0.228;fAulAsc158+fAulAsc153:0.169;fAulAsc157+fAulAsc153:0.120,zero_parent,0.0,0.0,0.0,Tier B chromosome-resampling identity stability,Internal stability or leading rank is not breeding-record ground truth; Tier C identity is explicitly uncertain.
fAulAsc157,2021cicX11218975,father,M,F1,fAulAsc17,2021cicX11218811,F2,Tier_B_additional_identity,False,True,True,True,tier_B,False,0.74075,1.0,1.0,fAulAsc157:0.741;fAulAsc158:0.259,0.53,0.2857142857142857,1.0,fAulAsc157+fAulAsc154:0.530;fAulAsc157+fAulAsc153:0.211;fAulAsc158+fAulAsc154:0.181;fAulAsc158+fAulAsc153:0.078,zero_parent,0.0,0.0,0.0,Tier B chromosome-resampling identity stability,Internal stability or leading rank is not breeding-record ground truth; Tier C identity is explicitly uncertain.
fAulAsc157,2021cicX11218975,father,M,F1,fAulAsc19,2021cicX11218813,F2,Tier_B_additional_identity,False,True,True,True,tier_B,False,0.5612499999999999,1.0,0.8181818181818182,fAulAsc157:0.561;fAulAsc158:0.439,0.56075,1.0,0.8181818181818182,fAulAsc157+fAulAsc154:0.561;fAulAsc158+fAulAsc154:0.321;fAulAsc158+fAulAsc153:0.117,zero_parent,0.0,0.0,0.0,Tier B chromosome-resampling identity stability,Internal stability or leading rank is not breeding-record ground truth; Tier C identity is explicitly uncertain.
fAulAsc154,2021cicX11218972,mother,F,F1,fAulAsc19,2021cicX11218813,F2,Tier_B_additional_identity,False,True,True,True,tier_B,False,0.8819999999999999,1.0,1.0,fAulAsc154:0.882;fAulAsc153:0.118,0.56075,1.0,0.8181818181818182,fAulAsc157+fAulAsc154:0.561;fAulAsc158+fAulAsc154:0.321;fAulAsc158+fAulAsc153:0.117,zero_parent,0.0,0.0,0.0,Tier B chromosome-resampling identity stability,Internal stability or leading rank is not breeding-record ground truth; Tier C identity is explicitly uncertain.
fAulAsc154,2021cicX11218972,mother,F,F1,fAulAsc20,2021cicX11218814,F2,Tier_B_additional_identity,False,True,True,True,tier_B,False,0.82975,1.0,1.0,fAulAsc154:0.830;fAulAsc153:0.170,0.44925,1.0,0.5909090909090909,fAulAsc157+fAulAsc154:0.449;fAulAsc158+fAulAsc154:0.381;fAulAsc158+fAulAsc153:0.168,zero_parent,0.0,0.0,0.0,Tier B chromosome-resampling identity stability,Internal stability or leading rank is not breeding-record ground truth; Tier C identity is explicitly uncertain.
fAulAsc151,2021cicX11218969,father,M,F1,fAulAsc21,2021cicX11218815,F2,Tier_B_additional_identity,False,True,True,True,tier_B,False,0.85225,1.0,1.0,fAulAsc151:0.852;fAulAsc152:0.076;fAulAsc155:0.035,0.699,1.0,1.0,fAulAsc151+fAulAsc154:0.699;fAulAsc151+fAulAsc153:0.153;fAulAsc152+fAulAsc153:0.075;fAulAsc155+fAulAsc154:0.035,zero_parent,0.001,0.0,0.0,Tier B chromosome-resampling identity stability,Internal stability or leading rank is not breeding-record ground truth; Tier C identity is explicitly uncertain.
fAulAsc154,2021cicX11218972,mother,F,F1,fAulAsc21,2021cicX11218815,F2,Tier_B_additional_identity,False,True,True,True,tier_B,False,0.7579999999999999,1.0,1.0,fAulAsc154:0.758;fAulAsc153:0.242,0.699,1.0,1.0,fAulAsc151+fAulAsc154:0.699;fAulAsc151+fAulAsc153:0.153;fAulAsc152+fAulAsc153:0.075;fAulAsc155+fAulAsc154:0.035,zero_parent,0.001,0.0,0.0,Tier B chromosome-resampling identity stability,Internal stability or leading rank is not breeding-record ground truth; Tier C identity is explicitly uncertain.
fAulAsc158,2021cicX11218976,father,M,F1,fAulAsc22,2021cicX11218816,F2,Tier_B_additional_identity,False,True,True,True,tier_B,False,0.60775,1.0,1.0,fAulAsc158:0.608;fAulAsc157:0.392,0.3565,0.1428571428571428,0.8181818181818182,fAulAsc158+fAulAsc154:0.356;fAulAsc158+fAulAsc153:0.251;fAulAsc157+fAulAsc153:0.249;fAulAsc157+fAulAsc154:0.143,zero_parent,0.0,0.0,0.0,Tier B chromosome-resampling identity stability,Internal stability or leading rank is not breeding-record ground truth; Tier C identity is explicitly uncertain.
fAulAsc151,2021cicX11218969,father,M,F1,fAulAsc23,2021cicX11218817,F2,Tier_A_strict_identity,True,True,True,True,tier_A,False,1.0,1.0,1.0,fAulAsc151:1.000,1.0,1.0,1.0,fAulAsc151+fAulAsc154:1.000,two_parent,1.0,1.0,1.0,strict chromosome-resampling identity stability,Internal stability or leading rank is not breeding-record ground truth; Tier C identity is explicitly uncertain.
fAulAsc154,2021cicX11218972,mother,F,F1,fAulAsc23,2021cicX11218817,F2,Tier_A_strict_identity,True,True,True,True,tier_A,False,1.0,1.0,1.0,fAulAsc154:1.000,1.0,1.0,1.0,fAulAsc151+fAulAsc154:1.000,two_parent,1.0,1.0,1.0,strict chromosome-resampling identity stability,Internal stability or leading rank is not breeding-record ground truth; Tier C identity is explicitly uncertain.
fAulAsc151,2021cicX11218969,father,M,F1,fAulAsc24,2021cicX11218818,F2,Tier_B_additional_identity,False,True,True,True,tier_B,False,0.7222500000000001,1.0,1.0,fAulAsc151:0.722;fAulAsc155:0.196;fAulAsc152:0.043,0.44125,1.0,0.9090909090909092,fAulAsc151+fAulAsc153:0.441;fAulAsc151+fAulAsc154:0.281;fAulAsc155+fAulAsc154:0.184;fAulAsc152+fAulAsc153:0.043;fAulAsc158+fAulAsc153:0.022,zero_parent,0.0005,0.0,0.0,Tier B chromosome-resampling identity stability,Internal stability or leading rank is not breeding-record ground truth; Tier C identity is explicitly uncertain.
fAulAsc153,2021cicX11218971,mother,F,F1,fAulAsc24,2021cicX11218818,F2,Tier_B_additional_identity,False,True,True,True,tier_B,False,0.5185,1.0,0.9090909090909092,fAulAsc153:0.518;fAulAsc154:0.481,0.44125,1.0,0.9090909090909092,fAulAsc151+fAulAsc153:0.441;fAulAsc151+fAulAsc154:0.281;fAulAsc155+fAulAsc154:0.184;fAulAsc152+fAulAsc153:0.043;fAulAsc158+fAulAsc153:0.022,zero_parent,0.0005,0.0,0.0,Tier B chromosome-resampling identity stability,Internal stability or leading rank is not breeding-record ground truth; Tier C identity is explicitly uncertain.
fAulAsc158,2021cicX11218976,father,M,F1,fAulAsc25,2021cicX11218819,F2,Tier_B_additional_identity,False,True,True,True,tier_B,False,0.94775,1.0,1.0,fAulAsc158:0.948;fAulAsc157:0.052,0.628,1.0,1.0,fAulAsc158+fAulAsc153:0.628;fAulAsc158+fAulAsc154:0.320;fAulAsc157+fAulAsc154:0.052,zero_parent,0.0,0.0,0.0,Tier B chromosome-resampling identity stability,Internal stability or leading rank is not breeding-record ground truth; Tier C identity is explicitly uncertain.
fAulAsc153,2021cicX11218971,mother,F,F1,fAulAsc25,2021cicX11218819,F2,Tier_B_additional_identity,False,True,True,True,tier_B,False,0.628,1.0,1.0,fAulAsc153:0.628;fAulAsc154:0.372,0.628,1.0,1.0,fAulAsc158+fAulAsc153:0.628;fAulAsc158+fAulAsc154:0.320;fAulAsc157+fAulAsc154:0.052,zero_parent,0.0,0.0,0.0,Tier B chromosome-resampling identity stability,Internal stability or leading rank is not breeding-record ground truth; Tier C identity is explicitly uncertain.
fAulAsc158,2021cicX11218976,father,M,F1,fAulAsc26,2021cicX11218820,F2,Tier_B_additional_identity,False,True,True,True,tier_B,False,0.8654999999999999,1.0,1.0,fAulAsc158:0.865;fAulAsc157:0.124,0.5365,1.0,0.8636363636363636,fAulAsc158+fAulAsc153:0.536;fAulAsc158+fAulAsc154:0.329;fAulAsc157+fAulAsc154:0.119,zero_parent,0.0,0.0,0.0,Tier B chromosome-resampling identity stability,Internal stability or leading rank is not breeding-record ground truth; Tier C identity is explicitly uncertain.
fAulAsc153,2021cicX11218971,mother,F,F1,fAulAsc26,2021cicX11218820,F2,Tier_B_additional_identity,False,True,True,True,tier_B,False,0.5435,1.0,0.8636363636363636,fAulAsc153:0.543;fAulAsc154:0.457,0.5365,1.0,0.8636363636363636,fAulAsc158+fAulAsc153:0.536;fAulAsc158+fAulAsc154:0.329;fAulAsc157+fAulAsc154:0.119,zero_parent,0.0,0.0,0.0,Tier B chromosome-resampling identity stability,Internal stability or leading rank is not breeding-record ground truth; Tier C identity is explicitly uncertain.
fAulAsc154,2021cicX11218972,mother,F,F1,fAulAsc27,2021cicX11218821,F2,Tier_B_additional_identity,False,True,True,True,tier_B,False,0.93325,1.0,1.0,fAulAsc154:0.933;fAulAsc153:0.067,0.549,0.1428571428571428,0.8181818181818182,fAulAsc157+fAulAsc154:0.549;fAulAsc158+fAulAsc154:0.384;fAulAsc158+fAulAsc153:0.064,zero_parent,0.00075,0.0,0.0,Tier B chromosome-resampling identity stability,Internal stability or leading rank is not breeding-record ground truth; Tier C identity is explicitly uncertain.
fAulAsc151,2021cicX11218969,father,M,F1,fAulAsc28,2021cicX11218822,F2,Tier_B_additional_identity,False,True,True,True,tier_B,False,0.94,1.0,1.0,fAulAsc151:0.940;fAulAsc150:0.057,0.48675,0.2857142857142857,0.6818181818181818,fAulAsc151+fAulAsc153:0.487;fAulAsc151+fAulAsc154:0.453;fAulAsc150+fAulAsc154:0.057,father_only,0.0,0.0,0.0,Tier B chromosome-resampling identity stability,Internal stability or leading rank is not breeding-record ground truth; Tier C identity is explicitly uncertain.
fAulAsc150,2021cicX11218968,father,M,F1,fAulAsc29,2021cicX11218823,F2,Tier_A_strict_identity,True,True,True,True,tier_A,False,1.0,1.0,1.0,fAulAsc150:1.000,0.96175,1.0,1.0,fAulAsc150+fAulAsc154:0.962,father_only,0.00275,0.0,0.0,strict chromosome-resampling identity stability,Internal stability or leading rank is not breeding-record ground truth; Tier C identity is explicitly uncertain.
fAulAsc154,2021cicX11218972,mother,F,F1,fAulAsc29,2021cicX11218823,F2,Tier_A_strict_identity,True,True,True,True,tier_A,False,0.96175,1.0,1.0,fAulAsc154:0.962,0.96175,1.0,1.0,fAulAsc150+fAulAsc154:0.962,father_only,0.00275,0.0,0.0,strict chromosome-resampling identity stability,Internal stability or leading rank is not breeding-record ground truth; Tier C identity is explicitly uncertain.
fAulAsc154,2021cicX11218972,mother,F,F1,fAulAsc30,2021cicX11218824,F2,Tier_B_additional_identity,False,True,True,True,tier_B,False,0.7372500000000001,1.0,1.0,fAulAsc154:0.737;fAulAsc153:0.263,0.51275,0.1428571428571428,1.0,fAulAsc158+fAulAsc154:0.513;fAulAsc158+fAulAsc153:0.246;fAulAsc157+fAulAsc154:0.225,zero_parent,0.0,0.0,0.0,Tier B chromosome-resampling identity stability,Internal stability or leading rank is not breeding-record ground truth; Tier C identity is explicitly uncertain.
fAulAsc157,2021cicX11218975,father,M,F1,fAulAsc32,2021cicX11218826,F2,Tier_B_additional_identity,False,True,True,True,tier_B,False,0.8005,1.0,1.0,fAulAsc157:0.800;fAulAsc158:0.199,0.7785,1.0,1.0,fAulAsc157+fAulAsc154:0.778;fAulAsc158+fAulAsc154:0.124;fAulAsc158+fAulAsc153:0.075,zero_parent,0.0,0.0,0.0,Tier B chromosome-resampling identity stability,Internal stability or leading rank is not breeding-record ground truth; Tier C identity is explicitly uncertain.
fAulAsc154,2021cicX11218972,mother,F,F1,fAulAsc32,2021cicX11218826,F2,Tier_B_additional_identity,False,True,True,True,tier_B,False,0.90325,1.0,1.0,fAulAsc154:0.903;fAulAsc153:0.097,0.7785,1.0,1.0,fAulAsc157+fAulAsc154:0.778;fAulAsc158+fAulAsc154:0.124;fAulAsc158+fAulAsc153:0.075,zero_parent,0.0,0.0,0.0,Tier B chromosome-resampling identity stability,Internal stability or leading rank is not breeding-record ground truth; Tier C identity is explicitly uncertain.
fAulAsc154,2021cicX11218972,mother,F,F1,fAulAsc33,2021cicX11218827,F2,Tier_B_additional_identity,False,True,True,True,tier_B,False,0.753,1.0,1.0,fAulAsc154:0.753;fAulAsc153:0.247,0.4115,1.0,0.6363636363636364,fAulAsc157+fAulAsc154:0.411;fAulAsc158+fAulAsc154:0.342;fAulAsc158+fAulAsc153:0.242,zero_parent,0.0,0.0,0.0,Tier B chromosome-resampling identity stability,Internal stability or leading rank is not breeding-record ground truth; Tier C identity is explicitly uncertain.
fAulAsc151,2021cicX11218969,father,M,F1,fAulAsc34,2021cicX11218828,F2,Tier_A_strict_identity,True,True,True,True,tier_A,False,1.0,1.0,1.0,fAulAsc151:1.000,1.0,1.0,1.0,fAulAsc151+fAulAsc153:1.000,two_parent,1.0,1.0,1.0,strict chromosome-resampling identity stability,Internal stability or leading rank is not breeding-record ground truth; Tier C identity is explicitly uncertain.
fAulAsc153,2021cicX11218971,mother,F,F1,fAulAsc34,2021cicX11218828,F2,Tier_A_strict_identity,True,True,True,True,tier_A,False,1.0,1.0,1.0,fAulAsc153:1.000,1.0,1.0,1.0,fAulAsc151+fAulAsc153:1.000,two_parent,1.0,1.0,1.0,strict chromosome-resampling identity stability,Internal stability or leading rank is not breeding-record ground truth; Tier C identity is explicitly uncertain.
fAulAsc158,2021cicX11218976,father,M,F1,fAulAsc35,2021cicX11218829,F2,Tier_B_additional_identity,False,True,True,True,tier_B,False,0.815,1.0,1.0,fAulAsc158:0.815;fAulAsc157:0.185,0.64025,1.0,1.0,fAulAsc158+fAulAsc153:0.640;fAulAsc158+fAulAsc154:0.175;fAulAsc157+fAulAsc154:0.165,zero_parent,0.0,0.0,0.0,Tier B chromosome-resampling identity stability,Internal stability or leading rank is not breeding-record ground truth; Tier C identity is explicitly uncertain.
fAulAsc153,2021cicX11218971,mother,F,F1,fAulAsc35,2021cicX11218829,F2,Tier_B_additional_identity,False,True,True,True,tier_B,False,0.66025,1.0,1.0,fAulAsc153:0.660;fAulAsc154:0.340,0.64025,1.0,1.0,fAulAsc158+fAulAsc153:0.640;fAulAsc158+fAulAsc154:0.175;fAulAsc157+fAulAsc154:0.165,zero_parent,0.0,0.0,0.0,Tier B chromosome-resampling identity stability,Internal stability or leading rank is not breeding-record ground truth; Tier C identity is explicitly uncertain.
fAulAsc157,2021cicX11218975,father,M,F1,fAulAsc36,2021cicX11218830,F2,Tier_B_additional_identity,False,True,True,True,tier_B,False,0.77425,1.0,1.0,fAulAsc157:0.774;fAulAsc158:0.226,0.645,1.0,1.0,fAulAsc157+fAulAsc153:0.645;fAulAsc158+fAulAsc153:0.150;fAulAsc157+fAulAsc154:0.129;fAulAsc158+fAulAsc154:0.075,father_only,0.00025,0.0,0.0,Tier B chromosome-resampling identity stability,Internal stability or leading rank is not breeding-record ground truth; Tier C identity is explicitly uncertain.
fAulAsc153,2021cicX11218971,mother,F,F1,fAulAsc36,2021cicX11218830,F2,Tier_B_additional_identity,False,True,True,True,tier_B,False,0.7955,1.0,1.0,fAulAsc153:0.795;fAulAsc154:0.205,0.645,1.0,1.0,fAulAsc157+fAulAsc153:0.645;fAulAsc158+fAulAsc153:0.150;fAulAsc157+fAulAsc154:0.129;fAulAsc158+fAulAsc154:0.075,father_only,0.00025,0.0,0.0,Tier B chromosome-resampling identity stability,Internal stability or leading rank is not breeding-record ground truth; Tier C identity is explicitly uncertain.
fAulAsc151,2021cicX11218969,father,M,F1,fAulAsc38,2021cicX11218832,F2,Tier_A_strict_identity,True,True,True,True,tier_A,False,0.989,1.0,1.0,fAulAsc151:0.989,0.85325,1.0,1.0,fAulAsc151+fAulAsc153:0.853;fAulAsc151+fAulAsc154:0.136,zero_parent,0.00075,0.0,0.0,strict chromosome-resampling identity stability,Internal stability or leading rank is not breeding-record ground truth; Tier C identity is explicitly uncertain.
fAulAsc153,2021cicX11218971,mother,F,F1,fAulAsc38,2021cicX11218832,F2,Tier_B_additional_identity,False,True,True,True,tier_B,False,0.8624999999999999,1.0,1.0,fAulAsc153:0.862;fAulAsc154:0.138,0.85325,1.0,1.0,fAulAsc151+fAulAsc153:0.853;fAulAsc151+fAulAsc154:0.136,zero_parent,0.00075,0.0,0.0,Tier B chromosome-resampling identity stability,Internal stability or leading rank is not breeding-record ground truth; Tier C identity is explicitly uncertain.
fAulAsc154,2021cicX11218972,mother,F,F1,fAulAsc39,2021cicX11218833,F2,Tier_A_strict_identity,True,True,True,True,tier_A,False,0.978,1.0,1.0,fAulAsc154:0.978,0.52725,1.0,0.6363636363636364,fAulAsc158+fAulAsc154:0.527;fAulAsc157+fAulAsc154:0.451,zero_parent,0.00375,0.0,0.0,strict chromosome-resampling identity stability,Internal stability or leading rank is not breeding-record ground truth; Tier C identity is explicitly uncertain.
fAulAsc154,2021cicX11218972,mother,F,F1,fAulAsc40,2021cicX11218834,F2,Tier_B_additional_identity,False,True,True,True,tier_B,False,0.8402499999999999,1.0,1.0,fAulAsc154:0.840;fAulAsc153:0.160,0.452,0.1428571428571428,0.6363636363636364,fAulAsc157+fAulAsc154:0.452;fAulAsc158+fAulAsc154:0.388;fAulAsc157+fAulAsc153:0.107;fAulAsc158+fAulAsc153:0.047,zero_parent,0.0,0.0,0.0,Tier B chromosome-resampling identity stability,Internal stability or leading rank is not breeding-record ground truth; Tier C identity is explicitly uncertain.
fAulAsc158,2021cicX11218976,father,M,F1,fAulAsc41,2021cicX11218835,F2,Tier_A_strict_identity,True,True,True,True,tier_A,False,0.96025,1.0,1.0,fAulAsc158:0.960,0.478,1.0,0.6363636363636364,fAulAsc158+fAulAsc154:0.482;fAulAsc158+fAulAsc153:0.478,zero_parent,0.0,0.0,0.0,strict chromosome-resampling identity stability,Internal stability or leading rank is not breeding-record ground truth; Tier C identity is explicitly uncertain.
fAulAsc154,2021cicX11218972,mother,F,F1,fAulAsc42,2021cicX11218836,F2,Tier_A_strict_identity,True,True,True,True,tier_A,False,0.9855,1.0,1.0,fAulAsc154:0.986,0.54325,1.0,0.6818181818181818,fAulAsc157+fAulAsc154:0.543;fAulAsc158+fAulAsc154:0.442,zero_parent,0.00025,0.0,0.0,strict chromosome-resampling identity stability,Internal stability or leading rank is not breeding-record ground truth; Tier C identity is explicitly uncertain.
fAulAsc158,2021cicX11218976,father,M,F1,fAulAsc44,2021cicX11218838,F2,Tier_B_additional_identity,False,True,True,True,tier_B,False,0.93225,1.0,1.0,fAulAsc158:0.932;fAulAsc157:0.068,0.83775,1.0,1.0,fAulAsc158+fAulAsc154:0.838;fAulAsc158+fAulAsc153:0.095;fAulAsc157+fAulAsc154:0.067,zero_parent,0.0,0.0,0.0,Tier B chromosome-resampling identity stability,Internal stability or leading rank is not breeding-record ground truth; Tier C identity is explicitly uncertain.
fAulAsc154,2021cicX11218972,mother,F,F1,fAulAsc44,2021cicX11218838,F2,Tier_B_additional_identity,False,True,True,True,tier_B,False,0.905,1.0,1.0,fAulAsc154:0.905;fAulAsc153:0.095,0.83775,1.0,1.0,fAulAsc158+fAulAsc154:0.838;fAulAsc158+fAulAsc153:0.095;fAulAsc157+fAulAsc154:0.067,zero_parent,0.0,0.0,0.0,Tier B chromosome-resampling identity stability,Internal stability or leading rank is not breeding-record ground truth; Tier C identity is explicitly uncertain.
fAulAsc151,2021cicX11218969,father,M,F1,fAulAsc45,2021cicX11218839,F2,Tier_A_strict_identity,True,True,True,True,tier_A,False,0.975,1.0,1.0,fAulAsc151:0.975,0.96925,1.0,1.0,fAulAsc151+fAulAsc153:0.969,father_only,0.00125,0.0,0.0,strict chromosome-resampling identity stability,Internal stability or leading rank is not breeding-record ground truth; Tier C identity is explicitly uncertain.
fAulAsc153,2021cicX11218971,mother,F,F1,fAulAsc45,2021cicX11218839,F2,Tier_A_strict_identity,True,True,True,True,tier_A,False,0.9805,1.0,1.0,fAulAsc153:0.980,0.96925,1.0,1.0,fAulAsc151+fAulAsc153:0.969,father_only,0.00125,0.0,0.0,strict chromosome-resampling identity stability,Internal stability or leading rank is not breeding-record ground truth; Tier C identity is explicitly uncertain.
fAulAsc158,2021cicX11218976,father,M,F1,fAulAsc46,2021cicX11218840,F2,Tier_B_additional_identity,False,True,True,True,tier_B,False,0.7915000000000001,1.0,1.0,fAulAsc158:0.792;fAulAsc157:0.209,0.59125,1.0,1.0,fAulAsc158+fAulAsc154:0.591;fAulAsc158+fAulAsc153:0.200;fAulAsc157+fAulAsc154:0.109;fAulAsc157+fAulAsc153:0.099,zero_parent,0.0,0.0,0.0,Tier B chromosome-resampling identity stability,Internal stability or leading rank is not breeding-record ground truth; Tier C identity is explicitly uncertain.
fAulAsc154,2021cicX11218972,mother,F,F1,fAulAsc46,2021cicX11218840,F2,Tier_B_additional_identity,False,True,True,True,tier_B,False,0.7005,1.0,1.0,fAulAsc154:0.701;fAulAsc153:0.299,0.59125,1.0,1.0,fAulAsc158+fAulAsc154:0.591;fAulAsc158+fAulAsc153:0.200;fAulAsc157+fAulAsc154:0.109;fAulAsc157+fAulAsc153:0.099,zero_parent,0.0,0.0,0.0,Tier B chromosome-resampling identity stability,Internal stability or leading rank is not breeding-record ground truth; Tier C identity is explicitly uncertain.
fAulAsc158,2021cicX11218976,father,M,F1,fAulAsc47,2021cicX11218841,F2,Tier_B_additional_identity,False,True,True,True,tier_B,False,0.85,1.0,1.0,fAulAsc158:0.850;fAulAsc157:0.149,0.6405,0.1428571428571428,1.0,fAulAsc158+fAulAsc154:0.640;fAulAsc158+fAulAsc153:0.209;fAulAsc157+fAulAsc153:0.108,zero_parent,0.0,0.0,0.0,Tier B chromosome-resampling identity stability,Internal stability or leading rank is not breeding-record ground truth; Tier C identity is explicitly uncertain.
fAulAsc158,2021cicX11218976,father,M,F1,fAulAsc48,2021cicX11218842,F2,Tier_B_additional_identity,False,True,True,True,tier_B,False,0.85775,1.0,1.0,fAulAsc158:0.858;fAulAsc157:0.141,0.8475,1.0,1.0,fAulAsc158+fAulAsc154:0.848;fAulAsc157+fAulAsc153:0.088;fAulAsc157+fAulAsc154:0.053,zero_parent,0.0,0.0,0.0,Tier B chromosome-resampling identity stability,Internal stability or leading rank is not breeding-record ground truth; Tier C identity is explicitly uncertain.
fAulAsc154,2021cicX11218972,mother,F,F1,fAulAsc48,2021cicX11218842,F2,Tier_B_additional_identity,False,True,True,True,tier_B,False,0.90025,1.0,1.0,fAulAsc154:0.900;fAulAsc153:0.100,0.8475,1.0,1.0,fAulAsc158+fAulAsc154:0.848;fAulAsc157+fAulAsc153:0.088;fAulAsc157+fAulAsc154:0.053,zero_parent,0.0,0.0,0.0,Tier B chromosome-resampling identity stability,Internal stability or leading rank is not breeding-record ground truth; Tier C identity is explicitly uncertain.
fAulAsc151,2021cicX11218969,father,M,F1,fAulAsc49,2021cicX11218843,F2,Tier_B_additional_identity,False,True,True,True,tier_B,False,0.9435,1.0,1.0,fAulAsc151:0.944;fAulAsc152:0.041,0.779,1.0,1.0,fAulAsc151+fAulAsc153:0.779;fAulAsc151+fAulAsc154:0.165;fAulAsc152+fAulAsc153:0.041,zero_parent,0.0,0.0,0.0,Tier B chromosome-resampling identity stability,Internal stability or leading rank is not breeding-record ground truth; Tier C identity is explicitly uncertain.
fAulAsc153,2021cicX11218971,mother,F,F1,fAulAsc49,2021cicX11218843,F2,Tier_B_additional_identity,False,True,True,True,tier_B,False,0.8355,1.0,1.0,fAulAsc153:0.836;fAulAsc154:0.165,0.779,1.0,1.0,fAulAsc151+fAulAsc153:0.779;fAulAsc151+fAulAsc154:0.165;fAulAsc152+fAulAsc153:0.041,zero_parent,0.0,0.0,0.0,Tier B chromosome-resampling identity stability,Internal stability or leading rank is not breeding-record ground truth; Tier C identity is explicitly uncertain.
fAulAsc158,2021cicX11218976,father,M,F1,fAulAsc50,2021cicX11218844,F2,Tier_B_additional_identity,False,True,True,True,tier_B,False,0.71875,1.0,1.0,fAulAsc158:0.719;fAulAsc157:0.281,0.705,1.0,1.0,fAulAsc158+fAulAsc154:0.705;fAulAsc157+fAulAsc154:0.278,zero_parent,0.0,0.0,0.0,Tier B chromosome-resampling identity stability,Internal stability or leading rank is not breeding-record ground truth; Tier C identity is explicitly uncertain.
fAulAsc154,2021cicX11218972,mother,F,F1,fAulAsc50,2021cicX11218844,F2,Tier_A_strict_identity,True,True,True,True,tier_A,False,0.9825,1.0,1.0,fAulAsc154:0.982,0.705,1.0,1.0,fAulAsc158+fAulAsc154:0.705;fAulAsc157+fAulAsc154:0.278,zero_parent,0.0,0.0,0.0,strict chromosome-resampling identity stability,Internal stability or leading rank is not breeding-record ground truth; Tier C identity is explicitly uncertain.
fAulAsc157,2021cicX11218975,father,M,F1,fAulAsc51,2021cicX11218845,F2,Tier_A_strict_identity,True,True,True,True,tier_A,False,0.97325,1.0,1.0,fAulAsc157:0.973,0.837,1.0,1.0,fAulAsc157+fAulAsc154:0.837;fAulAsc157+fAulAsc153:0.136,father_only,0.00025,0.0,0.0,strict chromosome-resampling identity stability,Internal stability or leading rank is not breeding-record ground truth; Tier C identity is explicitly uncertain.
fAulAsc154,2021cicX11218972,mother,F,F1,fAulAsc51,2021cicX11218845,F2,Tier_B_additional_identity,False,True,True,True,tier_B,False,0.858,1.0,1.0,fAulAsc154:0.858;fAulAsc153:0.142,0.837,1.0,1.0,fAulAsc157+fAulAsc154:0.837;fAulAsc157+fAulAsc153:0.136,father_only,0.00025,0.0,0.0,Tier B chromosome-resampling identity stability,Internal stability or leading rank is not breeding-record ground truth; Tier C identity is explicitly uncertain.
fAulAsc157,2021cicX11218975,father,M,F1,fAulAsc52,2021cicX11218846,F2,Tier_B_additional_identity,False,True,True,True,tier_B,False,0.88325,1.0,1.0,fAulAsc157:0.883;fAulAsc158:0.115,0.80675,1.0,1.0,fAulAsc157+fAulAsc153:0.807;fAulAsc157+fAulAsc154:0.076;fAulAsc158+fAulAsc154:0.065;fAulAsc158+fAulAsc153:0.050,father_only,0.0,0.0,0.0,Tier B chromosome-resampling identity stability,Internal stability or leading rank is not breeding-record ground truth; Tier C identity is explicitly uncertain.
fAulAsc153,2021cicX11218971,mother,F,F1,fAulAsc52,2021cicX11218846,F2,Tier_B_additional_identity,False,True,True,True,tier_B,False,0.85675,1.0,1.0,fAulAsc153:0.857;fAulAsc154:0.143,0.80675,1.0,1.0,fAulAsc157+fAulAsc153:0.807;fAulAsc157+fAulAsc154:0.076;fAulAsc158+fAulAsc154:0.065;fAulAsc158+fAulAsc153:0.050,father_only,0.0,0.0,0.0,Tier B chromosome-resampling identity stability,Internal stability or leading rank is not breeding-record ground truth; Tier C identity is explicitly uncertain.
fAulAsc151,2021cicX11218969,father,M,F1,fAulAsc54,2021cicX11218848,F2,Tier_A_strict_identity,True,True,True,True,tier_A,False,0.9725,1.0,1.0,fAulAsc151:0.973,0.92725,1.0,1.0,fAulAsc151+fAulAsc154:0.927;fAulAsc151+fAulAsc153:0.045,father_only,0.0015,0.0,0.0,strict chromosome-resampling identity stability,Internal stability or leading rank is not breeding-record ground truth; Tier C identity is explicitly uncertain.
fAulAsc154,2021cicX11218972,mother,F,F1,fAulAsc54,2021cicX11218848,F2,Tier_B_additional_identity,False,True,True,True,tier_B,False,0.93275,1.0,1.0,fAulAsc154:0.933;fAulAsc153:0.067,0.92725,1.0,1.0,fAulAsc151+fAulAsc154:0.927;fAulAsc151+fAulAsc153:0.045,father_only,0.0015,0.0,0.0,Tier B chromosome-resampling identity stability,Internal stability or leading rank is not breeding-record ground truth; Tier C identity is explicitly uncertain.
fAulAsc158,2021cicX11218976,father,M,F1,fAulAsc55,2021cicX11218849,F2,Tier_B_additional_identity,False,True,True,True,tier_B,False,0.791,1.0,1.0,fAulAsc158:0.791;fAulAsc157:0.208,0.5785,1.0,1.0,fAulAsc158+fAulAsc153:0.579;fAulAsc158+fAulAsc154:0.212;fAulAsc157+fAulAsc154:0.208,zero_parent,0.0,0.0,0.0,Tier B chromosome-resampling identity stability,Internal stability or leading rank is not breeding-record ground truth; Tier C identity is explicitly uncertain.
fAulAsc153,2021cicX11218971,mother,F,F1,fAulAsc55,2021cicX11218849,F2,Tier_B_additional_identity,False,True,True,True,tier_B,False,0.57875,1.0,1.0,fAulAsc153:0.579;fAulAsc154:0.421,0.5785,1.0,1.0,fAulAsc158+fAulAsc153:0.579;fAulAsc158+fAulAsc154:0.212;fAulAsc157+fAulAsc154:0.208,zero_parent,0.0,0.0,0.0,Tier B chromosome-resampling identity stability,Internal stability or leading rank is not breeding-record ground truth; Tier C identity is explicitly uncertain.
fAulAsc151,2021cicX11218969,father,M,F1,fAulAsc56,2021cicX11218850,F2,Tier_B_additional_identity,False,True,True,True,tier_B,False,0.88325,1.0,1.0,fAulAsc151:0.883;fAulAsc152:0.115,0.59475,1.0,1.0,fAulAsc151+fAulAsc153:0.595;fAulAsc151+fAulAsc154:0.288;fAulAsc152+fAulAsc154:0.105,father_only,0.0005,0.0,0.0,Tier B chromosome-resampling identity stability,Internal stability or leading rank is not breeding-record ground truth; Tier C identity is explicitly uncertain.
fAulAsc153,2021cicX11218971,mother,F,F1,fAulAsc56,2021cicX11218850,F2,Tier_B_additional_identity,False,True,True,True,tier_B,False,0.6045,1.0,1.0,fAulAsc153:0.605;fAulAsc154:0.395,0.59475,1.0,1.0,fAulAsc151+fAulAsc153:0.595;fAulAsc151+fAulAsc154:0.288;fAulAsc152+fAulAsc154:0.105,father_only,0.0005,0.0,0.0,Tier B chromosome-resampling identity stability,Internal stability or leading rank is not breeding-record ground truth; Tier C identity is explicitly uncertain.
fAulAsc158,2021cicX11218976,father,M,F1,fAulAsc57,2021cicX11218851,F2,Tier_B_additional_identity,False,True,True,True,tier_B,False,0.94675,1.0,1.0,fAulAsc158:0.947;fAulAsc157:0.053,0.7105,1.0,1.0,fAulAsc158+fAulAsc153:0.711;fAulAsc158+fAulAsc154:0.236;fAulAsc157+fAulAsc154:0.037,zero_parent,0.0,0.0,0.0,Tier B chromosome-resampling identity stability,Internal stability or leading rank is not breeding-record ground truth; Tier C identity is explicitly uncertain.
fAulAsc153,2021cicX11218971,mother,F,F1,fAulAsc57,2021cicX11218851,F2,Tier_B_additional_identity,False,True,True,True,tier_B,False,0.727,1.0,1.0,fAulAsc153:0.727;fAulAsc154:0.273,0.7105,1.0,1.0,fAulAsc158+fAulAsc153:0.711;fAulAsc158+fAulAsc154:0.236;fAulAsc157+fAulAsc154:0.037,zero_parent,0.0,0.0,0.0,Tier B chromosome-resampling identity stability,Internal stability or leading rank is not breeding-record ground truth; Tier C identity is explicitly uncertain.
fAulAsc157,2021cicX11218975,father,M,F1,fAulAsc58,2021cicX11218852,F2,Tier_B_additional_identity,False,True,True,True,tier_B,False,0.7294999999999999,1.0,1.0,fAulAsc157:0.729;fAulAsc158:0.271,0.706,1.0,1.0,fAulAsc157+fAulAsc154:0.706;fAulAsc158+fAulAsc154:0.223;fAulAsc158+fAulAsc153:0.048,zero_parent,0.003,0.0,0.0,Tier B chromosome-resampling identity stability,Internal stability or leading rank is not breeding-record ground truth; Tier C identity is explicitly uncertain.
fAulAsc154,2021cicX11218972,mother,F,F1,fAulAsc58,2021cicX11218852,F2,Tier_B_additional_identity,False,True,True,True,tier_B,False,0.9285,1.0,1.0,fAulAsc154:0.928;fAulAsc153:0.072,0.706,1.0,1.0,fAulAsc157+fAulAsc154:0.706;fAulAsc158+fAulAsc154:0.223;fAulAsc158+fAulAsc153:0.048,zero_parent,0.003,0.0,0.0,Tier B chromosome-resampling identity stability,Internal stability or leading rank is not breeding-record ground truth; Tier C identity is explicitly uncertain.
fAulAsc151,2021cicX11218969,father,M,F1,fAulAsc59,2021cicX11218853,F2,Tier_A_strict_identity,True,True,True,True,tier_A,False,0.9905,1.0,1.0,fAulAsc151:0.990,0.96075,1.0,1.0,fAulAsc151+fAulAsc154:0.961,zero_parent,0.059,0.0,0.0,strict chromosome-resampling identity stability,Internal stability or leading rank is not breeding-record ground truth; Tier C identity is explicitly uncertain.
fAulAsc154,2021cicX11218972,mother,F,F1,fAulAsc59,2021cicX11218853,F2,Tier_A_strict_identity,True,True,True,True,tier_A,False,0.97025,1.0,1.0,fAulAsc154:0.970,0.96075,1.0,1.0,fAulAsc151+fAulAsc154:0.961,zero_parent,0.059,0.0,0.0,strict chromosome-resampling identity stability,Internal stability or leading rank is not breeding-record ground truth; Tier C identity is explicitly uncertain.
fAulAsc150,2021cicX11218968,father,M,F1,fAulAsc61,2021cicX11218855,F2,Tier_A_strict_identity,True,True,True,True,tier_A,False,1.0,1.0,1.0,fAulAsc150:1.000,1.0,1.0,1.0,fAulAsc150+fAulAsc154:1.000,two_parent,0.9985,1.0,1.0,strict chromosome-resampling identity stability,Internal stability or leading rank is not breeding-record ground truth; Tier C identity is explicitly uncertain.
fAulAsc154,2021cicX11218972,mother,F,F1,fAulAsc61,2021cicX11218855,F2,Tier_A_strict_identity,True,True,True,True,tier_A,False,1.0,1.0,1.0,fAulAsc154:1.000,1.0,1.0,1.0,fAulAsc150+fAulAsc154:1.000,two_parent,0.9985,1.0,1.0,strict chromosome-resampling identity stability,Internal stability or leading rank is not breeding-record ground truth; Tier C identity is explicitly uncertain.
fAulAsc158,2021cicX11218976,father,M,F1,fAulAsc62,2021cicX11218856,F2,Tier_B_additional_identity,False,True,True,True,tier_B,False,0.76825,1.0,1.0,fAulAsc158:0.768;fAulAsc157:0.206,0.5915,1.0,1.0,fAulAsc158+fAulAsc153:0.592;fAulAsc157+fAulAsc154:0.179;fAulAsc158+fAulAsc154:0.177;fAulAsc157+fAulAsc153:0.028,zero_parent,0.0,0.0,0.0,Tier B chromosome-resampling identity stability,Internal stability or leading rank is not breeding-record ground truth; Tier C identity is explicitly uncertain.
fAulAsc153,2021cicX11218971,mother,F,F1,fAulAsc62,2021cicX11218856,F2,Tier_B_additional_identity,False,True,True,True,tier_B,False,0.63175,1.0,1.0,fAulAsc153:0.632;fAulAsc154:0.368,0.5915,1.0,1.0,fAulAsc158+fAulAsc153:0.592;fAulAsc157+fAulAsc154:0.179;fAulAsc158+fAulAsc154:0.177;fAulAsc157+fAulAsc153:0.028,zero_parent,0.0,0.0,0.0,Tier B chromosome-resampling identity stability,Internal stability or leading rank is not breeding-record ground truth; Tier C identity is explicitly uncertain.
fAulAsc151,2021cicX11218969,father,M,F1,fAulAsc64,2021cicX11218858,F2,Tier_A_strict_identity,True,True,True,True,tier_A,False,0.991,1.0,1.0,fAulAsc151:0.991,0.9725,1.0,1.0,fAulAsc151+fAulAsc154:0.973,father_only,0.00675,0.0,0.0,strict chromosome-resampling identity stability,Internal stability or leading rank is not breeding-record ground truth; Tier C identity is explicitly uncertain.
fAulAsc154,2021cicX11218972,mother,F,F1,fAulAsc64,2021cicX11218858,F2,Tier_A_strict_identity,True,True,True,True,tier_A,False,0.97725,1.0,1.0,fAulAsc154:0.977,0.9725,1.0,1.0,fAulAsc151+fAulAsc154:0.973,father_only,0.00675,0.0,0.0,strict chromosome-resampling identity stability,Internal stability or leading rank is not breeding-record ground truth; Tier C identity is explicitly uncertain.
fAulAsc19,2021cicX11218813,father,M,F2,fAulAsc66,2021cicX11218860,F3,Tier_B_additional_identity,False,True,True,True,tier_B,False,0.7915,1.0,1.0,fAulAsc19:0.791;fAulAsc59:0.062;fAulAsc29:0.045;fAulAsc62:0.028;fAulAsc56:0.027,,,,,one_observed_parent,1.0,1.0,1.0,Tier B chromosome-resampling identity stability,Internal stability or leading rank is not breeding-record ground truth; Tier C identity is explicitly uncertain.
fAulAsc15,2021cicX11218809,father,M,F2,fAulAsc67,2021cicX11218861,F3,Tier_B_additional_identity,False,True,True,True,tier_B,False,0.646,1.0,0.9545454545454546,fAulAsc15:0.646;fAulAsc5:0.307,,,,,one_observed_parent,1.0,1.0,1.0,Tier B chromosome-resampling identity stability,Internal stability or leading rank is not breeding-record ground truth; Tier C identity is explicitly uncertain.
fAulAsc32,2021cicX11218826,father,M,F2,fAulAsc68,2021cicX11218862,F3,Tier_B_additional_identity,False,True,True,True,tier_B,False,0.78525,1.0,1.0,fAulAsc32:0.785;fAulAsc5:0.075;fAulAsc90:0.063;fAulAsc49:0.014;fAulAsc72:0.013,,,,,one_observed_parent,1.0,1.0,1.0,Tier B chromosome-resampling identity stability,Internal stability or leading rank is not breeding-record ground truth; Tier C identity is explicitly uncertain.
fAulAsc38,2021cicX11218832,father,M,F2,fAulAsc69,2021cicX11218863,F3,Tier_A_strict_identity,True,True,True,True,tier_A,False,0.95225,1.0,1.0,fAulAsc38:0.952,,,,,one_observed_parent,1.0,1.0,1.0,strict chromosome-resampling identity stability,Internal stability or leading rank is not breeding-record ground truth; Tier C identity is explicitly uncertain.
fAulAsc38,2021cicX11218832,father,M,F2,fAulAsc70,2021cicX11218864,F3,Tier_B_additional_identity,False,True,True,True,tier_B,False,0.866,1.0,1.0,fAulAsc38:0.866;fAulAsc123:0.046;fAulAsc24:0.034;fAulAsc147:0.022,,,,,one_observed_parent,1.0,1.0,1.0,Tier B chromosome-resampling identity stability,Internal stability or leading rank is not breeding-record ground truth; Tier C identity is explicitly uncertain.
fAulAsc151,2021cicX11218969,father,M,F1,fAulAsc71,2021cicX11218865,F2,Tier_A_strict_identity,True,True,True,True,tier_A,False,0.98825,1.0,1.0,fAulAsc151:0.988,0.56675,0.4285714285714285,0.8181818181818182,fAulAsc151+fAulAsc153:0.567;fAulAsc151+fAulAsc154:0.421,father_only,0.001,0.0,0.0,strict chromosome-resampling identity stability,Internal stability or leading rank is not breeding-record ground truth; Tier C identity is explicitly uncertain.
fAulAsc154,2021cicX11218972,mother,F,F1,fAulAsc72,2021cicX11218866,F2,Tier_B_additional_identity,False,True,True,True,tier_B,False,0.92525,1.0,1.0,fAulAsc154:0.925;fAulAsc153:0.075,0.55625,1.0,0.7727272727272727,fAulAsc157+fAulAsc154:0.556;fAulAsc158+fAulAsc154:0.369;fAulAsc158+fAulAsc153:0.043,zero_parent,0.0,0.0,0.0,Tier B chromosome-resampling identity stability,Internal stability or leading rank is not breeding-record ground truth; Tier C identity is explicitly uncertain.
fAulAsc158,2021cicX11218976,father,M,F1,fAulAsc73,2021cicX11218867,F2,Tier_B_additional_identity,False,True,True,True,tier_B,False,0.79025,1.0,1.0,fAulAsc158:0.790;fAulAsc157:0.209,0.79025,1.0,1.0,fAulAsc158+fAulAsc154:0.790;fAulAsc157+fAulAsc154:0.109;fAulAsc157+fAulAsc153:0.100,zero_parent,0.0005,0.0,0.0,Tier B chromosome-resampling identity stability,Internal stability or leading rank is not breeding-record ground truth; Tier C identity is explicitly uncertain.
fAulAsc154,2021cicX11218972,mother,F,F1,fAulAsc73,2021cicX11218867,F2,Tier_B_additional_identity,False,True,True,True,tier_B,False,0.9,1.0,1.0,fAulAsc154:0.900;fAulAsc153:0.100,0.79025,1.0,1.0,fAulAsc158+fAulAsc154:0.790;fAulAsc157+fAulAsc154:0.109;fAulAsc157+fAulAsc153:0.100,zero_parent,0.0005,0.0,0.0,Tier B chromosome-resampling identity stability,Internal stability or leading rank is not breeding-record ground truth; Tier C identity is explicitly uncertain.
fAulAsc151,2021cicX11218969,father,M,F1,fAulAsc74,2021cicX11218868,F2,Tier_A_strict_identity,True,True,True,True,tier_A,False,0.9955,1.0,1.0,fAulAsc151:0.996,0.50875,1.0,0.6818181818181818,fAulAsc151+fAulAsc153:0.509;fAulAsc151+fAulAsc154:0.487,father_only,0.0005,0.0,0.0,strict chromosome-resampling identity stability,Internal stability or leading rank is not breeding-record ground truth; Tier C identity is explicitly uncertain.
fAulAsc158,2021cicX11218976,father,M,F1,fAulAsc75,2021cicX11218869,F2,Tier_B_additional_identity,False,True,True,True,tier_B,False,0.72125,1.0,1.0,fAulAsc158:0.721;fAulAsc157:0.278,0.434,0.1428571428571428,0.7727272727272727,fAulAsc158+fAulAsc154:0.434;fAulAsc158+fAulAsc153:0.287;fAulAsc157+fAulAsc154:0.264,zero_parent,0.0,0.0,0.0,Tier B chromosome-resampling identity stability,Internal stability or leading rank is not breeding-record ground truth; Tier C identity is explicitly uncertain.
fAulAsc158,2021cicX11218976,father,M,F1,fAulAsc76,2021cicX11218870,F2,Tier_B_additional_identity,False,True,True,True,tier_B,False,0.8832500000000001,1.0,1.0,fAulAsc158:0.883;fAulAsc157:0.117,0.71025,1.0,1.0,fAulAsc158+fAulAsc153:0.710;fAulAsc158+fAulAsc154:0.173;fAulAsc157+fAulAsc153:0.085,zero_parent,0.0,0.0,0.0,Tier B chromosome-resampling identity stability,Internal stability or leading rank is not breeding-record ground truth; Tier C identity is explicitly uncertain.
fAulAsc153,2021cicX11218971,mother,F,F1,fAulAsc76,2021cicX11218870,F2,Tier_B_additional_identity,False,True,True,True,tier_B,False,0.79525,1.0,1.0,fAulAsc153:0.795;fAulAsc154:0.205,0.71025,1.0,1.0,fAulAsc158+fAulAsc153:0.710;fAulAsc158+fAulAsc154:0.173;fAulAsc157+fAulAsc153:0.085,zero_parent,0.0,0.0,0.0,Tier B chromosome-resampling identity stability,Internal stability or leading rank is not breeding-record ground truth; Tier C identity is explicitly uncertain.
fAulAsc150,2021cicX11218968,father,M,F1,fAulAsc78,2021cicX11218872,F2,Tier_B_additional_identity,False,True,True,True,tier_B,False,0.9175,1.0,1.0,fAulAsc150:0.917;fAulAsc152:0.041,0.68875,1.0,1.0,fAulAsc150+fAulAsc154:0.689;fAulAsc150+fAulAsc153:0.229;fAulAsc152+fAulAsc153:0.041,father_only,0.0,0.0,0.0,Tier B chromosome-resampling identity stability,Internal stability or leading rank is not breeding-record ground truth; Tier C identity is explicitly uncertain.
fAulAsc154,2021cicX11218972,mother,F,F1,fAulAsc78,2021cicX11218872,F2,Tier_B_additional_identity,False,True,True,True,tier_B,False,0.70975,1.0,1.0,fAulAsc154:0.710;fAulAsc153:0.290,0.68875,1.0,1.0,fAulAsc150+fAulAsc154:0.689;fAulAsc150+fAulAsc153:0.229;fAulAsc152+fAulAsc153:0.041,father_only,0.0,0.0,0.0,Tier B chromosome-resampling identity stability,Internal stability or leading rank is not breeding-record ground truth; Tier C identity is explicitly uncertain.
fAulAsc150,2021cicX11218968,father,M,F1,fAulAsc79,2021cicX11218873,F2,Tier_A_strict_identity,True,True,True,True,tier_A,False,0.9925,1.0,1.0,fAulAsc150:0.992,0.856,1.0,1.0,fAulAsc150+fAulAsc154:0.856;fAulAsc150+fAulAsc153:0.137,father_only,0.0,0.0,0.0,strict chromosome-resampling identity stability,Internal stability or leading rank is not breeding-record ground truth; Tier C identity is explicitly uncertain.
fAulAsc154,2021cicX11218972,mother,F,F1,fAulAsc79,2021cicX11218873,F2,Tier_B_additional_identity,False,True,True,True,tier_B,False,0.86225,1.0,1.0,fAulAsc154:0.862;fAulAsc153:0.138,0.856,1.0,1.0,fAulAsc150+fAulAsc154:0.856;fAulAsc150+fAulAsc153:0.137,father_only,0.0,0.0,0.0,Tier B chromosome-resampling identity stability,Internal stability or leading rank is not breeding-record ground truth; Tier C identity is explicitly uncertain.
fAulAsc157,2021cicX11218975,father,M,F1,fAulAsc80,2021cicX11218874,F2,Tier_B_additional_identity,False,True,True,True,tier_B,False,0.5117499999999999,1.0,0.9090909090909092,fAulAsc157:0.512;fAulAsc158:0.488,0.50225,1.0,0.9090909090909092,fAulAsc157+fAulAsc154:0.502;fAulAsc158+fAulAsc153:0.279;fAulAsc158+fAulAsc154:0.210,zero_parent,0.0005,0.0,0.0,Tier B chromosome-resampling identity stability,Internal stability or leading rank is not breeding-record ground truth; Tier C identity is explicitly uncertain.
fAulAsc154,2021cicX11218972,mother,F,F1,fAulAsc80,2021cicX11218874,F2,Tier_B_additional_identity,False,True,True,True,tier_B,False,0.712,1.0,0.9090909090909092,fAulAsc154:0.712;fAulAsc153:0.288,0.50225,1.0,0.9090909090909092,fAulAsc157+fAulAsc154:0.502;fAulAsc158+fAulAsc153:0.279;fAulAsc158+fAulAsc154:0.210,zero_parent,0.0005,0.0,0.0,Tier B chromosome-resampling identity stability,Internal stability or leading rank is not breeding-record ground truth; Tier C identity is explicitly uncertain.
fAulAsc150,2021cicX11218968,father,M,F1,fAulAsc81,2021cicX11218875,F2,Tier_A_strict_identity,True,True,True,True,tier_A,False,0.99425,1.0,1.0,fAulAsc150:0.994,0.6935,1.0,1.0,fAulAsc150+fAulAsc153:0.694;fAulAsc150+fAulAsc154:0.301,father_only,0.00025,0.0,0.0,strict chromosome-resampling identity stability,Internal stability or leading rank is not breeding-record ground truth; Tier C identity is explicitly uncertain.
fAulAsc153,2021cicX11218971,mother,F,F1,fAulAsc81,2021cicX11218875,F2,Tier_B_additional_identity,False,True,True,True,tier_B,False,0.69775,1.0,1.0,fAulAsc153:0.698;fAulAsc154:0.302,0.6935,1.0,1.0,fAulAsc150+fAulAsc153:0.694;fAulAsc150+fAulAsc154:0.301,father_only,0.00025,0.0,0.0,Tier B chromosome-resampling identity stability,Internal stability or leading rank is not breeding-record ground truth; Tier C identity is explicitly uncertain.
fAulAsc151,2021cicX11218969,father,M,F1,fAulAsc82,2021cicX11218876,F2,Tier_B_additional_identity,False,True,True,True,tier_B,False,0.88825,1.0,1.0,fAulAsc151:0.888;fAulAsc150:0.059;fAulAsc156:0.026,0.6535,1.0,1.0,fAulAsc151+fAulAsc154:0.653;fAulAsc151+fAulAsc153:0.235;fAulAsc150+fAulAsc153:0.059;fAulAsc156+fAulAsc154:0.026,father_only,0.0265,0.0,0.0,Tier B chromosome-resampling identity stability,Internal stability or leading rank is not breeding-record ground truth; Tier C identity is explicitly uncertain.
fAulAsc154,2021cicX11218972,mother,F,F1,fAulAsc82,2021cicX11218876,F2,Tier_B_additional_identity,False,True,True,True,tier_B,False,0.7057499999999999,1.0,1.0,fAulAsc154:0.706;fAulAsc153:0.294,0.6535,1.0,1.0,fAulAsc151+fAulAsc154:0.653;fAulAsc151+fAulAsc153:0.235;fAulAsc150+fAulAsc153:0.059;fAulAsc156+fAulAsc154:0.026,father_only,0.0265,0.0,0.0,Tier B chromosome-resampling identity stability,Internal stability or leading rank is not breeding-record ground truth; Tier C identity is explicitly uncertain.
fAulAsc158,2021cicX11218976,father,M,F1,fAulAsc83,2021cicX11218877,F2,Tier_B_additional_identity,False,True,True,True,tier_B,False,0.9275,1.0,1.0,fAulAsc158:0.927;fAulAsc157:0.072,0.63675,0.5714285714285714,1.0,fAulAsc158+fAulAsc153:0.637;fAulAsc158+fAulAsc154:0.291;fAulAsc157+fAulAsc153:0.046,zero_parent,0.0,0.0,0.0,Tier B chromosome-resampling identity stability,Internal stability or leading rank is not breeding-record ground truth; Tier C identity is explicitly uncertain.
fAulAsc158,2021cicX11218976,father,M,F1,fAulAsc84,2021cicX11218878,F2,Tier_B_additional_identity,False,True,True,True,tier_B,False,0.68625,1.0,1.0,fAulAsc158:0.686;fAulAsc157:0.313,0.60975,1.0,1.0,fAulAsc158+fAulAsc154:0.610;fAulAsc157+fAulAsc153:0.206;fAulAsc157+fAulAsc154:0.107;fAulAsc158+fAulAsc153:0.076,zero_parent,0.0,0.0,0.0,Tier B chromosome-resampling identity stability,Internal stability or leading rank is not breeding-record ground truth; Tier C identity is explicitly uncertain.
fAulAsc154,2021cicX11218972,mother,F,F1,fAulAsc84,2021cicX11218878,F2,Tier_B_additional_identity,False,True,True,True,tier_B,False,0.71675,1.0,1.0,fAulAsc154:0.717;fAulAsc153:0.283,0.60975,1.0,1.0,fAulAsc158+fAulAsc154:0.610;fAulAsc157+fAulAsc153:0.206;fAulAsc157+fAulAsc154:0.107;fAulAsc158+fAulAsc153:0.076,zero_parent,0.0,0.0,0.0,Tier B chromosome-resampling identity stability,Internal stability or leading rank is not breeding-record ground truth; Tier C identity is explicitly uncertain.
fAulAsc150,2021cicX11218968,father,M,F1,fAulAsc85,2021cicX11218879,F2,Tier_A_strict_identity,True,True,True,True,tier_A,False,1.0,1.0,1.0,fAulAsc150:1.000,1.0,1.0,1.0,fAulAsc150+fAulAsc154:1.000,father_only,0.17225,0.0,0.0,strict chromosome-resampling identity stability,Internal stability or leading rank is not breeding-record ground truth; Tier C identity is explicitly uncertain.
fAulAsc154,2021cicX11218972,mother,F,F1,fAulAsc85,2021cicX11218879,F2,Tier_A_strict_identity,True,True,True,True,tier_A,False,1.0,1.0,1.0,fAulAsc154:1.000,1.0,1.0,1.0,fAulAsc150+fAulAsc154:1.000,father_only,0.17225,0.0,0.0,strict chromosome-resampling identity stability,Internal stability or leading rank is not breeding-record ground truth; Tier C identity is explicitly uncertain.
fAulAsc150,2021cicX11218968,father,M,F1,fAulAsc86,2021cicX11218880,F2,Tier_A_strict_identity,True,True,True,True,tier_A,False,0.9875,1.0,1.0,fAulAsc150:0.988,0.722,1.0,1.0,fAulAsc150+fAulAsc154:0.722;fAulAsc150+fAulAsc153:0.266,father_only,0.0005,0.0,0.0,strict chromosome-resampling identity stability,Internal stability or leading rank is not breeding-record ground truth; Tier C identity is explicitly uncertain.
fAulAsc154,2021cicX11218972,mother,F,F1,fAulAsc86,2021cicX11218880,F2,Tier_B_additional_identity,False,True,True,True,tier_B,False,0.7334999999999999,1.0,1.0,fAulAsc154:0.733;fAulAsc153:0.267,0.722,1.0,1.0,fAulAsc150+fAulAsc154:0.722;fAulAsc150+fAulAsc153:0.266,father_only,0.0005,0.0,0.0,Tier B chromosome-resampling identity stability,Internal stability or leading rank is not breeding-record ground truth; Tier C identity is explicitly uncertain.
fAulAsc158,2021cicX11218976,father,M,F1,fAulAsc87,2021cicX11218881,F2,Tier_B_additional_identity,False,True,True,True,tier_B,False,0.74375,1.0,1.0,fAulAsc158:0.744;fAulAsc157:0.255,0.6175,0.1428571428571428,1.0,fAulAsc158+fAulAsc154:0.618;fAulAsc157+fAulAsc153:0.201;fAulAsc158+fAulAsc153:0.126;fAulAsc157+fAulAsc154:0.054,zero_parent,0.0,0.0,0.0,Tier B chromosome-resampling identity stability,Internal stability or leading rank is not breeding-record ground truth; Tier C identity is explicitly uncertain.
fAulAsc158,2021cicX11218976,father,M,F1,fAulAsc89,2021cicX11218883,F2,Tier_B_additional_identity,False,True,True,True,tier_B,False,0.8432499999999999,1.0,1.0,fAulAsc158:0.843;fAulAsc157:0.155,0.58,1.0,1.0,fAulAsc158+fAulAsc154:0.580;fAulAsc158+fAulAsc153:0.263;fAulAsc157+fAulAsc154:0.092;fAulAsc157+fAulAsc153:0.062,zero_parent,0.0,0.0,0.0,Tier B chromosome-resampling identity stability,Internal stability or leading rank is not breeding-record ground truth; Tier C identity is explicitly uncertain.
fAulAsc154,2021cicX11218972,mother,F,F1,fAulAsc89,2021cicX11218883,F2,Tier_B_additional_identity,False,True,True,True,tier_B,False,0.67425,1.0,1.0,fAulAsc154:0.674;fAulAsc153:0.326,0.58,1.0,1.0,fAulAsc158+fAulAsc154:0.580;fAulAsc158+fAulAsc153:0.263;fAulAsc157+fAulAsc154:0.092;fAulAsc157+fAulAsc153:0.062,zero_parent,0.0,0.0,0.0,Tier B chromosome-resampling identity stability,Internal stability or leading rank is not breeding-record ground truth; Tier C identity is explicitly uncertain.
fAulAsc158,2021cicX11218976,father,M,F1,fAulAsc90,2021cicX11218884,F2,Tier_B_additional_identity,False,True,True,True,tier_B,False,0.72375,1.0,1.0,fAulAsc158:0.724;fAulAsc157:0.275,0.51325,1.0,1.0,fAulAsc158+fAulAsc154:0.513;fAulAsc157+fAulAsc154:0.238;fAulAsc158+fAulAsc153:0.210,zero_parent,0.0,0.0,0.0,Tier B chromosome-resampling identity stability,Internal stability or leading rank is not breeding-record ground truth; Tier C identity is explicitly uncertain.
fAulAsc154,2021cicX11218972,mother,F,F1,fAulAsc90,2021cicX11218884,F2,Tier_B_additional_identity,False,True,True,True,tier_B,False,0.7525,1.0,1.0,fAulAsc154:0.752;fAulAsc153:0.247,0.51325,1.0,1.0,fAulAsc158+fAulAsc154:0.513;fAulAsc157+fAulAsc154:0.238;fAulAsc158+fAulAsc153:0.210,zero_parent,0.0,0.0,0.0,Tier B chromosome-resampling identity stability,Internal stability or leading rank is not breeding-record ground truth; Tier C identity is explicitly uncertain.
fAulAsc150,2021cicX11218968,father,M,F1,fAulAsc91,2021cicX11218885,F2,Tier_B_additional_identity,False,True,True,True,tier_B,False,0.87725,1.0,1.0,fAulAsc150:0.877;fAulAsc151:0.063;fAulAsc155:0.055,0.579,1.0,0.9545454545454546,fAulAsc150+fAulAsc154:0.579;fAulAsc150+fAulAsc153:0.298;fAulAsc151+fAulAsc153:0.063;fAulAsc155+fAulAsc154:0.055,zero_parent,0.0,0.0,0.0,Tier B chromosome-resampling identity stability,Internal stability or leading rank is not breeding-record ground truth; Tier C identity is explicitly uncertain.
fAulAsc154,2021cicX11218972,mother,F,F1,fAulAsc91,2021cicX11218885,F2,Tier_B_additional_identity,False,True,True,True,tier_B,False,0.63825,1.0,0.9545454545454546,fAulAsc154:0.638;fAulAsc153:0.362,0.579,1.0,0.9545454545454546,fAulAsc150+fAulAsc154:0.579;fAulAsc150+fAulAsc153:0.298;fAulAsc151+fAulAsc153:0.063;fAulAsc155+fAulAsc154:0.055,zero_parent,0.0,0.0,0.0,Tier B chromosome-resampling identity stability,Internal stability or leading rank is not breeding-record ground truth; Tier C identity is explicitly uncertain.
fAulAsc158,2021cicX11218976,father,M,F1,fAulAsc92,2021cicX11218886,F2,Tier_B_additional_identity,False,True,True,True,tier_B,False,0.728,1.0,1.0,fAulAsc158:0.728;fAulAsc157:0.272,0.4275,1.0,0.7272727272727273,fAulAsc158+fAulAsc153:0.427;fAulAsc158+fAulAsc154:0.300;fAulAsc157+fAulAsc154:0.217;fAulAsc157+fAulAsc153:0.055,zero_parent,0.0,0.0,0.0,Tier B chromosome-resampling identity stability,Internal stability or leading rank is not breeding-record ground truth; Tier C identity is explicitly uncertain.
fAulAsc158,2021cicX11218976,father,M,F1,fAulAsc93,2021cicX11218887,F2,Tier_B_additional_identity,False,True,True,True,tier_B,False,0.8035,1.0,1.0,fAulAsc158:0.803;fAulAsc157:0.194,0.482,1.0,0.8636363636363636,fAulAsc158+fAulAsc154:0.482;fAulAsc158+fAulAsc153:0.322;fAulAsc157+fAulAsc154:0.104;fAulAsc157+fAulAsc153:0.089,zero_parent,0.0,0.0,0.0,Tier B chromosome-resampling identity stability,Internal stability or leading rank is not breeding-record ground truth; Tier C identity is explicitly uncertain.
fAulAsc154,2021cicX11218972,mother,F,F1,fAulAsc93,2021cicX11218887,F2,Tier_B_additional_identity,False,True,True,True,tier_B,False,0.588,1.0,0.8636363636363636,fAulAsc154:0.588;fAulAsc153:0.412,0.482,1.0,0.8636363636363636,fAulAsc158+fAulAsc154:0.482;fAulAsc158+fAulAsc153:0.322;fAulAsc157+fAulAsc154:0.104;fAulAsc157+fAulAsc153:0.089,zero_parent,0.0,0.0,0.0,Tier B chromosome-resampling identity stability,Internal stability or leading rank is not breeding-record ground truth; Tier C identity is explicitly uncertain.
fAulAsc150,2021cicX11218968,father,M,F1,fAulAsc94,2021cicX11218888,F2,Tier_B_additional_identity,False,True,True,True,tier_B,False,0.942,1.0,1.0,fAulAsc150:0.942;fAulAsc155:0.055,0.72625,1.0,1.0,fAulAsc150+fAulAsc154:0.726;fAulAsc150+fAulAsc153:0.216;fAulAsc155+fAulAsc154:0.055,father_only,0.0,0.0,0.0,Tier B chromosome-resampling identity stability,Internal stability or leading rank is not breeding-record ground truth; Tier C identity is explicitly uncertain.
fAulAsc154,2021cicX11218972,mother,F,F1,fAulAsc94,2021cicX11218888,F2,Tier_B_additional_identity,False,True,True,True,tier_B,False,0.78425,1.0,1.0,fAulAsc154:0.784;fAulAsc153:0.216,0.72625,1.0,1.0,fAulAsc150+fAulAsc154:0.726;fAulAsc150+fAulAsc153:0.216;fAulAsc155+fAulAsc154:0.055,father_only,0.0,0.0,0.0,Tier B chromosome-resampling identity stability,Internal stability or leading rank is not breeding-record ground truth; Tier C identity is explicitly uncertain.
fAulAsc157,2021cicX11218975,father,M,F1,fAulAsc96,2021cicX11218890,F2,Tier_B_additional_identity,False,True,True,True,tier_B,False,0.7090000000000001,1.0,1.0,fAulAsc157:0.709;fAulAsc158:0.291,0.55625,1.0,1.0,fAulAsc157+fAulAsc153:0.556;fAulAsc158+fAulAsc154:0.192;fAulAsc157+fAulAsc154:0.153;fAulAsc158+fAulAsc153:0.100,zero_parent,0.0,0.0,0.0,Tier B chromosome-resampling identity stability,Internal stability or leading rank is not breeding-record ground truth; Tier C identity is explicitly uncertain.
fAulAsc153,2021cicX11218971,mother,F,F1,fAulAsc96,2021cicX11218890,F2,Tier_B_additional_identity,False,True,True,True,tier_B,False,0.65575,1.0,1.0,fAulAsc153:0.656;fAulAsc154:0.344,0.55625,1.0,1.0,fAulAsc157+fAulAsc153:0.556;fAulAsc158+fAulAsc154:0.192;fAulAsc157+fAulAsc154:0.153;fAulAsc158+fAulAsc153:0.100,zero_parent,0.0,0.0,0.0,Tier B chromosome-resampling identity stability,Internal stability or leading rank is not breeding-record ground truth; Tier C identity is explicitly uncertain.
fAulAsc154,2021cicX11218972,mother,F,F1,fAulAsc97,2021cicX11218915,F2,Tier_B_additional_identity,False,True,True,True,tier_B,False,0.804,0.8571428571428571,1.0,fAulAsc154:0.804;fAulAsc153:0.196,0.3865,0.1428571428571428,0.5454545454545454,fAulAsc158+fAulAsc154:0.417;fAulAsc157+fAulAsc154:0.387;fAulAsc157+fAulAsc153:0.188,zero_parent,0.00025,0.0,0.0,Tier B chromosome-resampling identity stability,Internal stability or leading rank is not breeding-record ground truth; Tier C identity is explicitly uncertain.
fAulAsc158,2021cicX11218976,father,M,F1,fAulAsc98,2021cicX11218916,F2,Tier_B_additional_identity,False,True,True,True,tier_B,False,0.879,1.0,1.0,fAulAsc158:0.879;fAulAsc157:0.121,0.8605,1.0,1.0,fAulAsc158+fAulAsc154:0.861;fAulAsc157+fAulAsc154:0.106,zero_parent,0.0,0.0,0.0,Tier B chromosome-resampling identity stability,Internal stability or leading rank is not breeding-record ground truth; Tier C identity is explicitly uncertain.
fAulAsc154,2021cicX11218972,mother,F,F1,fAulAsc98,2021cicX11218916,F2,Tier_A_strict_identity,True,True,True,True,tier_A,False,0.967,1.0,1.0,fAulAsc154:0.967,0.8605,1.0,1.0,fAulAsc158+fAulAsc154:0.861;fAulAsc157+fAulAsc154:0.106,zero_parent,0.0,0.0,0.0,strict chromosome-resampling identity stability,Internal stability or leading rank is not breeding-record ground truth; Tier C identity is explicitly uncertain.
fAulAsc151,2021cicX11218969,father,M,F1,fAulAsc99,2021cicX11218917,F2,Tier_B_additional_identity,False,True,True,True,tier_B,False,0.669,1.0,1.0,fAulAsc151:0.669;fAulAsc152:0.225;fAulAsc150:0.102,0.66625,1.0,1.0,fAulAsc151+fAulAsc154:0.666;fAulAsc152+fAulAsc154:0.225;fAulAsc150+fAulAsc153:0.073,zero_parent,0.0165,0.0,0.0,Tier B chromosome-resampling identity stability,Internal stability or leading rank is not breeding-record ground truth; Tier C identity is explicitly uncertain.
fAulAsc154,2021cicX11218972,mother,F,F1,fAulAsc99,2021cicX11218917,F2,Tier_B_additional_identity,False,True,True,True,tier_B,False,0.92025,1.0,1.0,fAulAsc154:0.920;fAulAsc153:0.080,0.66625,1.0,1.0,fAulAsc151+fAulAsc154:0.666;fAulAsc152+fAulAsc154:0.225;fAulAsc150+fAulAsc153:0.073,zero_parent,0.0165,0.0,0.0,Tier B chromosome-resampling identity stability,Internal stability or leading rank is not breeding-record ground truth; Tier C identity is explicitly uncertain.
fAulAsc154,2021cicX11218972,mother,F,F1,fAulAsc100,2021cicX11218918,F2,Tier_B_additional_identity,False,True,True,True,tier_B,False,0.82325,1.0,1.0,fAulAsc154:0.823;fAulAsc153:0.177,0.5495,0.1428571428571428,0.9090909090909092,fAulAsc157+fAulAsc154:0.549;fAulAsc158+fAulAsc154:0.274;fAulAsc158+fAulAsc153:0.141,zero_parent,0.00025,0.0,0.0,Tier B chromosome-resampling identity stability,Internal stability or leading rank is not breeding-record ground truth; Tier C identity is explicitly uncertain.
fAulAsc157,2021cicX11218975,father,M,F1,fAulAsc101,2021cicX11218919,F2,Tier_B_additional_identity,False,True,True,True,tier_B,False,0.629,1.0,1.0,fAulAsc157:0.629;fAulAsc158:0.371,0.6225,1.0,1.0,fAulAsc157+fAulAsc154:0.623;fAulAsc158+fAulAsc154:0.348,zero_parent,0.0025,0.0,0.0,Tier B chromosome-resampling identity stability,Internal stability or leading rank is not breeding-record ground truth; Tier C identity is explicitly uncertain.
fAulAsc154,2021cicX11218972,mother,F,F1,fAulAsc101,2021cicX11218919,F2,Tier_A_strict_identity,True,True,True,True,tier_A,False,0.9705,1.0,1.0,fAulAsc154:0.971,0.6225,1.0,1.0,fAulAsc157+fAulAsc154:0.623;fAulAsc158+fAulAsc154:0.348,zero_parent,0.0025,0.0,0.0,strict chromosome-resampling identity stability,Internal stability or leading rank is not breeding-record ground truth; Tier C identity is explicitly uncertain.
fAulAsc158,2021cicX11218976,father,M,F1,fAulAsc102,2021cicX11218920,F2,Tier_B_additional_identity,False,True,True,True,tier_B,False,0.7095,1.0,1.0,fAulAsc158:0.710;fAulAsc157:0.290,0.639,1.0,1.0,fAulAsc158+fAulAsc154:0.639;fAulAsc157+fAulAsc154:0.255;fAulAsc158+fAulAsc153:0.070,zero_parent,0.0,0.0,0.0,Tier B chromosome-resampling identity stability,Internal stability or leading rank is not breeding-record ground truth; Tier C identity is explicitly uncertain.
fAulAsc154,2021cicX11218972,mother,F,F1,fAulAsc102,2021cicX11218920,F2,Tier_B_additional_identity,False,True,True,True,tier_B,False,0.89425,1.0,1.0,fAulAsc154:0.894;fAulAsc153:0.106,0.639,1.0,1.0,fAulAsc158+fAulAsc154:0.639;fAulAsc157+fAulAsc154:0.255;fAulAsc158+fAulAsc153:0.070,zero_parent,0.0,0.0,0.0,Tier B chromosome-resampling identity stability,Internal stability or leading rank is not breeding-record ground truth; Tier C identity is explicitly uncertain.
fAulAsc154,2021cicX11218972,mother,F,F1,fAulAsc103,2021cicX11218921,F2,Tier_A_strict_identity,True,True,True,True,tier_A,False,0.95325,1.0,1.0,fAulAsc154:0.953,0.49575,0.8571428571428571,0.5909090909090909,fAulAsc157+fAulAsc154:0.496;fAulAsc158+fAulAsc154:0.457,zero_parent,0.0,0.0,0.0,strict chromosome-resampling identity stability,Internal stability or leading rank is not breeding-record ground truth; Tier C identity is explicitly uncertain.
fAulAsc157,2021cicX11218975,father,M,F1,fAulAsc104,2021cicX11218922,F2,Tier_B_additional_identity,False,True,True,True,tier_B,False,0.874,1.0,1.0,fAulAsc157:0.874;fAulAsc158:0.125,0.855,1.0,1.0,fAulAsc157+fAulAsc154:0.855;fAulAsc158+fAulAsc154:0.106,zero_parent,0.00075,0.0,0.0,Tier B chromosome-resampling identity stability,Internal stability or leading rank is not breeding-record ground truth; Tier C identity is explicitly uncertain.
fAulAsc154,2021cicX11218972,mother,F,F1,fAulAsc104,2021cicX11218922,F2,Tier_A_strict_identity,True,True,True,True,tier_A,False,0.961,1.0,1.0,fAulAsc154:0.961,0.855,1.0,1.0,fAulAsc157+fAulAsc154:0.855;fAulAsc158+fAulAsc154:0.106,zero_parent,0.00075,0.0,0.0,strict chromosome-resampling identity stability,Internal stability or leading rank is not breeding-record ground truth; Tier C identity is explicitly uncertain.
fAulAsc157,2021cicX11218975,father,M,F1,fAulAsc106,2021cicX11218924,F2,Tier_B_additional_identity,False,True,True,True,tier_B,False,0.74575,1.0,1.0,fAulAsc157:0.746;fAulAsc158:0.254,0.7235,1.0,1.0,fAulAsc157+fAulAsc154:0.724;fAulAsc158+fAulAsc154:0.148;fAulAsc158+fAulAsc153:0.106,zero_parent,0.0,0.0,0.0,Tier B chromosome-resampling identity stability,Internal stability or leading rank is not breeding-record ground truth; Tier C identity is explicitly uncertain.
fAulAsc154,2021cicX11218972,mother,F,F1,fAulAsc106,2021cicX11218924,F2,Tier_B_additional_identity,False,True,True,True,tier_B,False,0.8714999999999999,1.0,1.0,fAulAsc154:0.871;fAulAsc153:0.129,0.7235,1.0,1.0,fAulAsc157+fAulAsc154:0.724;fAulAsc158+fAulAsc154:0.148;fAulAsc158+fAulAsc153:0.106,zero_parent,0.0,0.0,0.0,Tier B chromosome-resampling identity stability,Internal stability or leading rank is not breeding-record ground truth; Tier C identity is explicitly uncertain.
fAulAsc150,2021cicX11218968,father,M,F1,fAulAsc107,2021cicX11218925,F2,Tier_A_strict_identity,True,True,True,True,tier_A,False,1.0,1.0,1.0,fAulAsc150:1.000,1.0,1.0,1.0,fAulAsc150+fAulAsc153:1.000,two_parent,1.0,1.0,1.0,strict chromosome-resampling identity stability,Internal stability or leading rank is not breeding-record ground truth; Tier C identity is explicitly uncertain.
fAulAsc153,2021cicX11218971,mother,F,F1,fAulAsc107,2021cicX11218925,F2,Tier_A_strict_identity,True,True,True,True,tier_A,False,1.0,1.0,1.0,fAulAsc153:1.000,1.0,1.0,1.0,fAulAsc150+fAulAsc153:1.000,two_parent,1.0,1.0,1.0,strict chromosome-resampling identity stability,Internal stability or leading rank is not breeding-record ground truth; Tier C identity is explicitly uncertain.
fAulAsc158,2021cicX11218976,father,M,F1,fAulAsc108,2021cicX11218926,F2,Tier_B_additional_identity,False,True,True,True,tier_B,False,0.83625,1.0,1.0,fAulAsc158:0.836;fAulAsc157:0.164,0.5935,1.0,1.0,fAulAsc158+fAulAsc154:0.594;fAulAsc158+fAulAsc153:0.243;fAulAsc157+fAulAsc154:0.156,father_only,0.0,0.0,0.0,Tier B chromosome-resampling identity stability,Internal stability or leading rank is not breeding-record ground truth; Tier C identity is explicitly uncertain.
fAulAsc154,2021cicX11218972,mother,F,F1,fAulAsc108,2021cicX11218926,F2,Tier_B_additional_identity,False,True,True,True,tier_B,False,0.74925,1.0,1.0,fAulAsc154:0.749;fAulAsc153:0.251,0.5935,1.0,1.0,fAulAsc158+fAulAsc154:0.594;fAulAsc158+fAulAsc153:0.243;fAulAsc157+fAulAsc154:0.156,father_only,0.0,0.0,0.0,Tier B chromosome-resampling identity stability,Internal stability or leading rank is not breeding-record ground truth; Tier C identity is explicitly uncertain.
fAulAsc38,2021cicX11218832,father,M,F2,fAulAsc109,2021cicX11218927,F3,Tier_A_strict_identity,True,True,True,True,tier_A,False,0.9825,1.0,1.0,fAulAsc38:0.983,,,,,one_observed_parent,1.0,1.0,1.0,strict chromosome-resampling identity stability,Internal stability or leading rank is not breeding-record ground truth; Tier C identity is explicitly uncertain.
fAulAsc38,2021cicX11218832,father,M,F2,fAulAsc110,2021cicX11218928,F3,Tier_B_additional_identity,False,True,True,True,tier_B,False,0.86375,1.0,1.0,fAulAsc38:0.864;fAulAsc34:0.046;fAulAsc141:0.042,,,,,one_observed_parent,1.0,1.0,1.0,Tier B chromosome-resampling identity stability,Internal stability or leading rank is not breeding-record ground truth; Tier C identity is explicitly uncertain.
fAulAsc19,2021cicX11218813,father,M,F2,fAulAsc112,2021cicX11218930,F3,Tier_B_additional_identity,False,True,True,True,tier_B,False,0.69425,1.0,0.9545454545454546,fAulAsc19:0.694;fAulAsc106:0.269,,,,,one_observed_parent,1.0,1.0,1.0,Tier B chromosome-resampling identity stability,Internal stability or leading rank is not breeding-record ground truth; Tier C identity is explicitly uncertain.
fAulAsc32,2021cicX11218826,father,M,F2,fAulAsc113,2021cicX11218931,F3,Tier_B_additional_identity,False,True,True,True,tier_B,False,0.92025,1.0,1.0,fAulAsc32:0.920;fAulAsc3:0.025;fAulAsc87:0.024,,,,,one_observed_parent,1.0,1.0,1.0,Tier B chromosome-resampling identity stability,Internal stability or leading rank is not breeding-record ground truth; Tier C identity is explicitly uncertain.
fAulAsc38,2021cicX11218832,father,M,F2,fAulAsc114,2021cicX11218932,F3,Tier_B_additional_identity,False,True,True,True,tier_B,False,0.82675,1.0,1.0,fAulAsc38:0.827;fAulAsc59:0.081;fAulAsc24:0.045,,,,,one_observed_parent,1.0,1.0,1.0,Tier B chromosome-resampling identity stability,Internal stability or leading rank is not breeding-record ground truth; Tier C identity is explicitly uncertain.
fAulAsc32,2021cicX11218826,father,M,F2,fAulAsc115,2021cicX11218933,F3,Tier_B_additional_identity,False,True,True,True,tier_B,False,0.85425,1.0,1.0,fAulAsc32:0.854;fAulAsc86:0.086;fAulAsc59:0.044,,,,,one_observed_parent,1.0,1.0,1.0,Tier B chromosome-resampling identity stability,Internal stability or leading rank is not breeding-record ground truth; Tier C identity is explicitly uncertain.
fAulAsc38,2021cicX11218832,father,M,F2,fAulAsc116,2021cicX11218934,F3,Tier_B_additional_identity,False,True,True,True,tier_B,False,0.901,1.0,1.0,fAulAsc38:0.901;fAulAsc71:0.048;fAulAsc28:0.019,,,,,one_observed_parent,1.0,1.0,1.0,Tier B chromosome-resampling identity stability,Internal stability or leading rank is not breeding-record ground truth; Tier C identity is explicitly uncertain.
fAulAsc38,2021cicX11218832,father,M,F2,fAulAsc117,2021cicX11218935,F3,Tier_B_additional_identity,False,True,True,True,tier_B,False,0.61075,1.0,0.9545454545454546,fAulAsc38:0.611;fAulAsc9:0.268;fAulAsc12:0.073,,,,,one_observed_parent,1.0,1.0,1.0,Tier B chromosome-resampling identity stability,Internal stability or leading rank is not breeding-record ground truth; Tier C identity is explicitly uncertain.
fAulAsc32,2021cicX11218826,father,M,F2,fAulAsc118,2021cicX11218936,F3,Tier_B_additional_identity,False,True,True,True,tier_B,False,0.85175,1.0,1.0,fAulAsc32:0.852;fAulAsc59:0.092;fAulAsc3:0.022,,,,,one_observed_parent,1.0,1.0,1.0,Tier B chromosome-resampling identity stability,Internal stability or leading rank is not breeding-record ground truth; Tier C identity is explicitly uncertain.
fAulAsc25,2021cicX11218819,father,M,F2,fAulAsc119,2021cicX11218937,F3,Tier_B_additional_identity,False,True,True,True,tier_B,False,0.78025,1.0,1.0,fAulAsc25:0.780;fAulAsc99:0.093;fAulAsc29:0.051;fAulAsc94:0.027,,,,,one_observed_parent,0.99975,1.0,1.0,Tier B chromosome-resampling identity stability,Internal stability or leading rank is not breeding-record ground truth; Tier C identity is explicitly uncertain.
fAulAsc38,2021cicX11218832,father,M,F2,fAulAsc120,2021cicX11218938,F3,Tier_B_additional_identity,False,True,True,True,tier_B,False,0.5965,1.0,1.0,fAulAsc38:0.597;fAulAsc32:0.134;fAulAsc61:0.087;fAulAsc10:0.060;fAulAsc122:0.033;fAulAsc49:0.026;fAulAsc34:0.018,,,,,one_observed_parent,0.99975,1.0,1.0,Tier B chromosome-resampling identity stability,Internal stability or leading rank is not breeding-record ground truth; Tier C identity is explicitly uncertain.
fAulAsc38,2021cicX11218832,father,M,F2,fAulAsc121,2021cicX11218939,F3,Tier_B_additional_identity,False,True,True,True,tier_B,False,0.802,1.0,1.0,fAulAsc38:0.802;fAulAsc45:0.057;fAulAsc23:0.035;fAulAsc79:0.034;fAulAsc14:0.034,,,,,one_observed_parent,1.0,1.0,1.0,Tier B chromosome-resampling identity stability,Internal stability or leading rank is not breeding-record ground truth; Tier C identity is explicitly uncertain.
fAulAsc157,2021cicX11218975,father,M,F1,fAulAsc122,2021cicX11218940,F2,Tier_B_additional_identity,False,True,True,True,tier_B,False,0.92575,1.0,1.0,fAulAsc157:0.926;fAulAsc158:0.074,0.49375,0.1428571428571428,0.6363636363636364,fAulAsc157+fAulAsc154:0.494;fAulAsc157+fAulAsc153:0.432;fAulAsc158+fAulAsc154:0.069,father_only,0.00025,0.0,0.0,Tier B chromosome-resampling identity stability,Internal stability or leading rank is not breeding-record ground truth; Tier C identity is explicitly uncertain.
fAulAsc150,2021cicX11218968,father,M,F1,fAulAsc123,2021cicX11218941,F2,Tier_A_strict_identity,True,True,True,True,tier_A,False,0.97525,1.0,1.0,fAulAsc150:0.975,0.92925,1.0,1.0,fAulAsc150+fAulAsc154:0.929;fAulAsc150+fAulAsc153:0.046,father_only,0.00025,0.0,0.0,strict chromosome-resampling identity stability,Internal stability or leading rank is not breeding-record ground truth; Tier C identity is explicitly uncertain.
fAulAsc154,2021cicX11218972,mother,F,F1,fAulAsc123,2021cicX11218941,F2,Tier_A_strict_identity,True,True,True,True,tier_A,False,0.954,1.0,1.0,fAulAsc154:0.954,0.92925,1.0,1.0,fAulAsc150+fAulAsc154:0.929;fAulAsc150+fAulAsc153:0.046,father_only,0.00025,0.0,0.0,strict chromosome-resampling identity stability,Internal stability or leading rank is not breeding-record ground truth; Tier C identity is explicitly uncertain.
fAulAsc158,2021cicX11218976,father,M,F1,fAulAsc124,2021cicX11218942,F2,Tier_B_additional_identity,False,True,True,True,tier_B,False,0.8694999999999999,1.0,1.0,fAulAsc158:0.869;fAulAsc157:0.129,0.7995,1.0,1.0,fAulAsc158+fAulAsc154:0.799;fAulAsc157+fAulAsc154:0.077;fAulAsc158+fAulAsc153:0.070;fAulAsc157+fAulAsc153:0.051,zero_parent,0.0,0.0,0.0,Tier B chromosome-resampling identity stability,Internal stability or leading rank is not breeding-record ground truth; Tier C identity is explicitly uncertain.
fAulAsc154,2021cicX11218972,mother,F,F1,fAulAsc124,2021cicX11218942,F2,Tier_B_additional_identity,False,True,True,True,tier_B,False,0.877,1.0,1.0,fAulAsc154:0.877;fAulAsc153:0.123,0.7995,1.0,1.0,fAulAsc158+fAulAsc154:0.799;fAulAsc157+fAulAsc154:0.077;fAulAsc158+fAulAsc153:0.070;fAulAsc157+fAulAsc153:0.051,zero_parent,0.0,0.0,0.0,Tier B chromosome-resampling identity stability,Internal stability or leading rank is not breeding-record ground truth; Tier C identity is explicitly uncertain.
fAulAsc157,2021cicX11218975,father,M,F1,fAulAsc125,2021cicX11218943,F2,Tier_B_additional_identity,False,True,True,True,tier_B,False,0.77775,1.0,1.0,fAulAsc157:0.778;fAulAsc158:0.222,0.764,1.0,1.0,fAulAsc157+fAulAsc154:0.764;fAulAsc158+fAulAsc154:0.150;fAulAsc158+fAulAsc153:0.072,zero_parent,0.00075,0.0,0.0,Tier B chromosome-resampling identity stability,Internal stability or leading rank is not breeding-record ground truth; Tier C identity is explicitly uncertain.
fAulAsc154,2021cicX11218972,mother,F,F1,fAulAsc125,2021cicX11218943,F2,Tier_B_additional_identity,False,True,True,True,tier_B,False,0.914,1.0,1.0,fAulAsc154:0.914;fAulAsc153:0.086,0.764,1.0,1.0,fAulAsc157+fAulAsc154:0.764;fAulAsc158+fAulAsc154:0.150;fAulAsc158+fAulAsc153:0.072,zero_parent,0.00075,0.0,0.0,Tier B chromosome-resampling identity stability,Internal stability or leading rank is not breeding-record ground truth; Tier C identity is explicitly uncertain.
fAulAsc158,2021cicX11218976,father,M,F1,fAulAsc126,2021cicX11218944,F2,Tier_B_additional_identity,False,True,True,True,tier_B,False,0.92375,1.0,1.0,fAulAsc158:0.924;fAulAsc157:0.076,0.648,1.0,1.0,fAulAsc158+fAulAsc154:0.648;fAulAsc158+fAulAsc153:0.276;fAulAsc157+fAulAsc154:0.045,zero_parent,0.0,0.0,0.0,Tier B chromosome-resampling identity stability,Internal stability or leading rank is not breeding-record ground truth; Tier C identity is explicitly uncertain.
fAulAsc154,2021cicX11218972,mother,F,F1,fAulAsc126,2021cicX11218944,F2,Tier_B_additional_identity,False,True,True,True,tier_B,False,0.69325,1.0,1.0,fAulAsc154:0.693;fAulAsc153:0.307,0.648,1.0,1.0,fAulAsc158+fAulAsc154:0.648;fAulAsc158+fAulAsc153:0.276;fAulAsc157+fAulAsc154:0.045,zero_parent,0.0,0.0,0.0,Tier B chromosome-resampling identity stability,Internal stability or leading rank is not breeding-record ground truth; Tier C identity is explicitly uncertain.
fAulAsc150,2021cicX11218968,father,M,F1,fAulAsc128,2021cicX11218946,F2,Tier_B_additional_identity,False,True,True,True,tier_B,False,0.88225,1.0,1.0,fAulAsc150:0.882;fAulAsc151:0.062;fAulAsc152:0.033,0.7565,1.0,1.0,fAulAsc150+fAulAsc154:0.756;fAulAsc150+fAulAsc153:0.126;fAulAsc151+fAulAsc154:0.062;fAulAsc152+fAulAsc153:0.033,father_only,0.0,0.0,0.0,Tier B chromosome-resampling identity stability,Internal stability or leading rank is not breeding-record ground truth; Tier C identity is explicitly uncertain.
fAulAsc154,2021cicX11218972,mother,F,F1,fAulAsc128,2021cicX11218946,F2,Tier_B_additional_identity,False,True,True,True,tier_B,False,0.81875,1.0,1.0,fAulAsc154:0.819;fAulAsc153:0.181,0.7565,1.0,1.0,fAulAsc150+fAulAsc154:0.756;fAulAsc150+fAulAsc153:0.126;fAulAsc151+fAulAsc154:0.062;fAulAsc152+fAulAsc153:0.033,father_only,0.0,0.0,0.0,Tier B chromosome-resampling identity stability,Internal stability or leading rank is not breeding-record ground truth; Tier C identity is explicitly uncertain.
fAulAsc158,2021cicX11218976,father,M,F1,fAulAsc129,2021cicX11218947,F2,Tier_B_additional_identity,False,True,True,True,tier_B,False,0.64875,1.0,0.8181818181818182,fAulAsc158:0.649;fAulAsc157:0.346,0.48825,1.0,0.8181818181818182,fAulAsc158+fAulAsc154:0.488;fAulAsc157+fAulAsc154:0.320;fAulAsc158+fAulAsc153:0.161,zero_parent,0.00025,0.0,0.0,Tier B chromosome-resampling identity stability,Internal stability or leading rank is not breeding-record ground truth; Tier C identity is explicitly uncertain.
fAulAsc154,2021cicX11218972,mother,F,F1,fAulAsc129,2021cicX11218947,F2,Tier_B_additional_identity,False,True,True,True,tier_B,False,0.80825,1.0,1.0,fAulAsc154:0.808;fAulAsc153:0.192,0.48825,1.0,0.8181818181818182,fAulAsc158+fAulAsc154:0.488;fAulAsc157+fAulAsc154:0.320;fAulAsc158+fAulAsc153:0.161,zero_parent,0.00025,0.0,0.0,Tier B chromosome-resampling identity stability,Internal stability or leading rank is not breeding-record ground truth; Tier C identity is explicitly uncertain.
fAulAsc158,2021cicX11218976,father,M,F1,fAulAsc130,2021cicX11218948,F2,Tier_B_additional_identity,False,True,True,True,tier_B,False,0.8532500000000001,1.0,1.0,fAulAsc158:0.853;fAulAsc157:0.146,0.6065,1.0,1.0,fAulAsc158+fAulAsc153:0.607;fAulAsc158+fAulAsc154:0.247;fAulAsc157+fAulAsc154:0.146,zero_parent,0.0,0.0,0.0,Tier B chromosome-resampling identity stability,Internal stability or leading rank is not breeding-record ground truth; Tier C identity is explicitly uncertain.
fAulAsc153,2021cicX11218971,mother,F,F1,fAulAsc130,2021cicX11218948,F2,Tier_B_additional_identity,False,True,True,True,tier_B,False,0.607,1.0,1.0,fAulAsc153:0.607;fAulAsc154:0.393,0.6065,1.0,1.0,fAulAsc158+fAulAsc153:0.607;fAulAsc158+fAulAsc154:0.247;fAulAsc157+fAulAsc154:0.146,zero_parent,0.0,0.0,0.0,Tier B chromosome-resampling identity stability,Internal stability or leading rank is not breeding-record ground truth; Tier C identity is explicitly uncertain.
fAulAsc158,2021cicX11218976,father,M,F1,fAulAsc132,2021cicX11218950,F2,Tier_B_additional_identity,False,True,True,True,tier_B,False,0.89475,1.0,1.0,fAulAsc158:0.895;fAulAsc157:0.105,0.72375,1.0,1.0,fAulAsc158+fAulAsc154:0.724;fAulAsc158+fAulAsc153:0.171;fAulAsc157+fAulAsc153:0.099,father_only,0.0005,0.0,0.0,Tier B chromosome-resampling identity stability,Internal stability or leading rank is not breeding-record ground truth; Tier C identity is explicitly uncertain.
fAulAsc154,2021cicX11218972,mother,F,F1,fAulAsc132,2021cicX11218950,F2,Tier_B_additional_identity,False,True,True,True,tier_B,False,0.72975,1.0,1.0,fAulAsc154:0.730;fAulAsc153:0.270,0.72375,1.0,1.0,fAulAsc158+fAulAsc154:0.724;fAulAsc158+fAulAsc153:0.171;fAulAsc157+fAulAsc153:0.099,father_only,0.0005,0.0,0.0,Tier B chromosome-resampling identity stability,Internal stability or leading rank is not breeding-record ground truth; Tier C identity is explicitly uncertain.
fAulAsc150,2021cicX11218968,father,M,F1,fAulAsc133,2021cicX11218951,F2,Tier_A_strict_identity,True,True,True,True,tier_A,False,0.994,1.0,1.0,fAulAsc150:0.994,0.98575,1.0,1.0,fAulAsc150+fAulAsc154:0.986,father_only,0.0,0.0,0.0,strict chromosome-resampling identity stability,Internal stability or leading rank is not breeding-record ground truth; Tier C identity is explicitly uncertain.
fAulAsc154,2021cicX11218972,mother,F,F1,fAulAsc133,2021cicX11218951,F2,Tier_A_strict_identity,True,True,True,True,tier_A,False,0.99125,1.0,1.0,fAulAsc154:0.991,0.98575,1.0,1.0,fAulAsc150+fAulAsc154:0.986,father_only,0.0,0.0,0.0,strict chromosome-resampling identity stability,Internal stability or leading rank is not breeding-record ground truth; Tier C identity is explicitly uncertain.
fAulAsc158,2021cicX11218976,father,M,F1,fAulAsc134,2021cicX11218952,F2,Tier_B_additional_identity,False,True,True,True,tier_B,False,0.74325,1.0,1.0,fAulAsc158:0.743;fAulAsc157:0.257,0.703,1.0,1.0,fAulAsc158+fAulAsc154:0.703;fAulAsc157+fAulAsc153:0.255,zero_parent,0.0,0.0,0.0,Tier B chromosome-resampling identity stability,Internal stability or leading rank is not breeding-record ground truth; Tier C identity is explicitly uncertain.
fAulAsc154,2021cicX11218972,mother,F,F1,fAulAsc134,2021cicX11218952,F2,Tier_B_additional_identity,False,True,True,True,tier_B,False,0.70475,1.0,1.0,fAulAsc154:0.705;fAulAsc153:0.295,0.703,1.0,1.0,fAulAsc158+fAulAsc154:0.703;fAulAsc157+fAulAsc153:0.255,zero_parent,0.0,0.0,0.0,Tier B chromosome-resampling identity stability,Internal stability or leading rank is not breeding-record ground truth; Tier C identity is explicitly uncertain.
fAulAsc158,2021cicX11218976,father,M,F1,fAulAsc135,2021cicX11218953,F2,Tier_B_additional_identity,False,True,True,True,tier_B,False,0.825,1.0,1.0,fAulAsc158:0.825;fAulAsc157:0.175,0.61625,1.0,1.0,fAulAsc158+fAulAsc154:0.616;fAulAsc158+fAulAsc153:0.209;fAulAsc157+fAulAsc154:0.121;fAulAsc157+fAulAsc153:0.054,zero_parent,0.0,0.0,0.0,Tier B chromosome-resampling identity stability,Internal stability or leading rank is not breeding-record ground truth; Tier C identity is explicitly uncertain.
fAulAsc154,2021cicX11218972,mother,F,F1,fAulAsc135,2021cicX11218953,F2,Tier_B_additional_identity,False,True,True,True,tier_B,False,0.73725,1.0,1.0,fAulAsc154:0.737;fAulAsc153:0.263,0.61625,1.0,1.0,fAulAsc158+fAulAsc154:0.616;fAulAsc158+fAulAsc153:0.209;fAulAsc157+fAulAsc154:0.121;fAulAsc157+fAulAsc153:0.054,zero_parent,0.0,0.0,0.0,Tier B chromosome-resampling identity stability,Internal stability or leading rank is not breeding-record ground truth; Tier C identity is explicitly uncertain.
fAulAsc154,2021cicX11218972,mother,F,F1,fAulAsc136,2021cicX11218954,F2,Tier_B_additional_identity,False,True,True,True,tier_B,False,0.92125,1.0,1.0,fAulAsc154:0.921;fAulAsc153:0.079,0.4985,0.2857142857142857,0.6363636363636364,fAulAsc157+fAulAsc154:0.498;fAulAsc158+fAulAsc154:0.423;fAulAsc158+fAulAsc153:0.078,zero_parent,0.0005,0.0,0.0,Tier B chromosome-resampling identity stability,Internal stability or leading rank is not breeding-record ground truth; Tier C identity is explicitly uncertain.
fAulAsc158,2021cicX11218976,father,M,F1,fAulAsc137,2021cicX11218955,F2,Tier_B_additional_identity,False,True,True,True,tier_B,False,0.845,1.0,1.0,fAulAsc158:0.845;fAulAsc157:0.155,0.78675,1.0,1.0,fAulAsc158+fAulAsc154:0.787;fAulAsc157+fAulAsc154:0.099;fAulAsc158+fAulAsc153:0.058;fAulAsc157+fAulAsc153:0.056,zero_parent,0.0,0.0,0.0,Tier B chromosome-resampling identity stability,Internal stability or leading rank is not breeding-record ground truth; Tier C identity is explicitly uncertain.
fAulAsc154,2021cicX11218972,mother,F,F1,fAulAsc137,2021cicX11218955,F2,Tier_B_additional_identity,False,True,True,True,tier_B,False,0.8859999999999999,1.0,1.0,fAulAsc154:0.886;fAulAsc153:0.114,0.78675,1.0,1.0,fAulAsc158+fAulAsc154:0.787;fAulAsc157+fAulAsc154:0.099;fAulAsc158+fAulAsc153:0.058;fAulAsc157+fAulAsc153:0.056,zero_parent,0.0,0.0,0.0,Tier B chromosome-resampling identity stability,Internal stability or leading rank is not breeding-record ground truth; Tier C identity is explicitly uncertain.
fAulAsc154,2021cicX11218972,mother,F,F1,fAulAsc138,2021cicX11218956,F2,Tier_A_strict_identity,True,True,True,True,tier_A,False,0.97025,1.0,1.0,fAulAsc154:0.970,0.661,0.1428571428571428,1.0,fAulAsc157+fAulAsc154:0.661;fAulAsc158+fAulAsc154:0.309,zero_parent,0.0,0.0,0.0,strict chromosome-resampling identity stability,Internal stability or leading rank is not breeding-record ground truth; Tier C identity is explicitly uncertain.
fAulAsc158,2021cicX11218976,father,M,F1,fAulAsc139,2021cicX11218957,F2,Tier_B_additional_identity,False,True,True,True,tier_B,False,0.94725,1.0,1.0,fAulAsc158:0.947;fAulAsc157:0.053,0.92075,1.0,1.0,fAulAsc158+fAulAsc154:0.921;fAulAsc157+fAulAsc154:0.053,zero_parent,0.0,0.0,0.0,Tier B chromosome-resampling identity stability,Internal stability or leading rank is not breeding-record ground truth; Tier C identity is explicitly uncertain.
fAulAsc154,2021cicX11218972,mother,F,F1,fAulAsc139,2021cicX11218957,F2,Tier_A_strict_identity,True,True,True,True,tier_A,False,0.9735,1.0,1.0,fAulAsc154:0.973,0.92075,1.0,1.0,fAulAsc158+fAulAsc154:0.921;fAulAsc157+fAulAsc154:0.053,zero_parent,0.0,0.0,0.0,strict chromosome-resampling identity stability,Internal stability or leading rank is not breeding-record ground truth; Tier C identity is explicitly uncertain.
fAulAsc158,2021cicX11218976,father,M,F1,fAulAsc140,2021cicX11218958,F2,Tier_B_additional_identity,False,True,True,True,tier_B,False,0.69775,1.0,1.0,fAulAsc158:0.698;fAulAsc157:0.302,0.407,0.1428571428571428,0.7272727272727273,fAulAsc158+fAulAsc154:0.407;fAulAsc158+fAulAsc153:0.291;fAulAsc157+fAulAsc154:0.251;fAulAsc157+fAulAsc153:0.052,zero_parent,0.0,0.0,0.0,Tier B chromosome-resampling identity stability,Internal stability or leading rank is not breeding-record ground truth; Tier C identity is explicitly uncertain.
fAulAsc150,2021cicX11218968,father,M,F1,fAulAsc141,2021cicX11218959,F2,Tier_A_strict_identity,True,True,True,True,tier_A,False,1.0,1.0,1.0,fAulAsc150:1.000,1.0,1.0,1.0,fAulAsc150+fAulAsc153:1.000,two_parent,1.0,1.0,1.0,strict chromosome-resampling identity stability,Internal stability or leading rank is not breeding-record ground truth; Tier C identity is explicitly uncertain.
fAulAsc153,2021cicX11218971,mother,F,F1,fAulAsc141,2021cicX11218959,F2,Tier_A_strict_identity,True,True,True,True,tier_A,False,1.0,1.0,1.0,fAulAsc153:1.000,1.0,1.0,1.0,fAulAsc150+fAulAsc153:1.000,two_parent,1.0,1.0,1.0,strict chromosome-resampling identity stability,Internal stability or leading rank is not breeding-record ground truth; Tier C identity is explicitly uncertain.
fAulAsc158,2021cicX11218976,father,M,F1,fAulAsc142,2021cicX11218960,F2,Tier_B_additional_identity,False,True,True,True,tier_B,False,0.7855000000000001,1.0,1.0,fAulAsc158:0.786;fAulAsc157:0.212,0.42975,1.0,0.7272727272727273,fAulAsc158+fAulAsc153:0.430;fAulAsc158+fAulAsc154:0.356;fAulAsc157+fAulAsc154:0.211,zero_parent,0.0,0.0,0.0,Tier B chromosome-resampling identity stability,Internal stability or leading rank is not breeding-record ground truth; Tier C identity is explicitly uncertain.
fAulAsc32,2021cicX11218826,father,M,F2,fAulAsc144,2021cicX11218962,F3,Tier_B_additional_identity,False,True,True,True,tier_B,False,0.7905,1.0,1.0,fAulAsc32:0.790;fAulAsc79:0.066;fAulAsc59:0.032;fAulAsc62:0.030;fAulAsc10:0.025;fAulAsc133:0.022,,,,,one_observed_parent,1.0,1.0,1.0,Tier B chromosome-resampling identity stability,Internal stability or leading rank is not breeding-record ground truth; Tier C identity is explicitly uncertain.
fAulAsc38,2021cicX11218832,father,M,F2,fAulAsc146,2021cicX11218964,F3,Tier_B_additional_identity,False,True,True,True,tier_B,False,0.79675,1.0,1.0,fAulAsc38:0.797;fAulAsc49:0.087;fAulAsc106:0.050;fAulAsc71:0.023,,,,,one_observed_parent,1.0,1.0,1.0,Tier B chromosome-resampling identity stability,Internal stability or leading rank is not breeding-record ground truth; Tier C identity is explicitly uncertain.
fAulAsc150,2021cicX11218968,father,M,F1,fAulAsc147,2021cicX11218965,F2,Tier_B_additional_identity,False,True,True,True,tier_B,False,0.93875,1.0,1.0,fAulAsc150:0.939;fAulAsc155:0.055,0.506,1.0,0.7727272727272727,fAulAsc150+fAulAsc153:0.506;fAulAsc150+fAulAsc154:0.433;fAulAsc155+fAulAsc154:0.054,zero_parent,0.00025,0.0,0.0,Tier B chromosome-resampling identity stability,Internal stability or leading rank is not breeding-record ground truth; Tier C identity is explicitly uncertain.
fAulAsc150,2021cicX11218968,father,M,F1,fAulAsc148,2021cicX11218966,F2,Tier_A_strict_identity,True,True,True,True,tier_A,False,1.0,1.0,1.0,fAulAsc150:1.000,1.0,1.0,1.0,fAulAsc150+fAulAsc153:1.000,two_parent,0.9995,1.0,1.0,strict chromosome-resampling identity stability,Internal stability or leading rank is not breeding-record ground truth; Tier C identity is explicitly uncertain.
fAulAsc153,2021cicX11218971,mother,F,F1,fAulAsc148,2021cicX11218966,F2,Tier_A_strict_identity,True,True,True,True,tier_A,False,1.0,1.0,1.0,fAulAsc153:1.000,1.0,1.0,1.0,fAulAsc150+fAulAsc153:1.000,two_parent,0.9995,1.0,1.0,strict chromosome-resampling identity stability,Internal stability or leading rank is not breeding-record ground truth; Tier C identity is explicitly uncertain.
fAulAsc150,2021cicX11218968,father,M,F1,fAulAsc149,2021cicX11218967,F2,Tier_A_strict_identity,True,True,True,True,tier_A,False,1.0,1.0,1.0,fAulAsc150:1.000,1.0,1.0,1.0,fAulAsc150+fAulAsc154:1.000,two_parent,1.0,1.0,1.0,strict chromosome-resampling identity stability,Internal stability or leading rank is not breeding-record ground truth; Tier C identity is explicitly uncertain.
fAulAsc154,2021cicX11218972,mother,F,F1,fAulAsc149,2021cicX11218967,F2,Tier_A_strict_identity,True,True,True,True,tier_A,False,1.0,1.0,1.0,fAulAsc154:1.000,1.0,1.0,1.0,fAulAsc150+fAulAsc154:1.000,two_parent,1.0,1.0,1.0,strict chromosome-resampling identity stability,Internal stability or leading rank is not breeding-record ground truth; Tier C identity is explicitly uncertain.
LATENT_G0_SHARED,LATENT_G0_SHARED,abstract_founder,U,G0,fAulAsc150,2021cicX11218968,F1,Reported_cross_design_topology,True,True,True,True,tier_A,False,,,,,,,,,reported_topology,,,,reported three-founder brood topology; abstract founder identity is not an inferred sequenced individual,Internal stability or leading rank is not breeding-record ground truth; Tier C identity is explicitly uncertain.
LATENT_G0_B2_SPECIFIC,LATENT_G0_B2_SPECIFIC,abstract_founder,U,G0,fAulAsc150,2021cicX11218968,F1,Reported_cross_design_topology,True,True,True,True,tier_A,False,,,,,,,,,reported_topology,,,,reported three-founder brood topology; abstract founder identity is not an inferred sequenced individual,Internal stability or leading rank is not breeding-record ground truth; Tier C identity is explicitly uncertain.
LATENT_G0_SHARED,LATENT_G0_SHARED,abstract_founder,U,G0,fAulAsc151,2021cicX11218969,F1,Reported_cross_design_topology,True,True,True,True,tier_A,False,,,,,,,,,reported_topology,,,,reported three-founder brood topology; abstract founder identity is not an inferred sequenced individual,Internal stability or leading rank is not breeding-record ground truth; Tier C identity is explicitly uncertain.
LATENT_G0_B2_SPECIFIC,LATENT_G0_B2_SPECIFIC,abstract_founder,U,G0,fAulAsc151,2021cicX11218969,F1,Reported_cross_design_topology,True,True,True,True,tier_A,False,,,,,,,,,reported_topology,,,,reported three-founder brood topology; abstract founder identity is not an inferred sequenced individual,Internal stability or leading rank is not breeding-record ground truth; Tier C identity is explicitly uncertain.
LATENT_G0_SHARED,LATENT_G0_SHARED,abstract_founder,U,G0,fAulAsc152,2021cicX11218970,F1,Reported_cross_design_topology,True,True,True,True,tier_A,False,,,,,,,,,reported_topology,,,,reported three-founder brood topology; abstract founder identity is not an inferred sequenced individual,Internal stability or leading rank is not breeding-record ground truth; Tier C identity is explicitly uncertain.
LATENT_G0_B2_SPECIFIC,LATENT_G0_B2_SPECIFIC,abstract_founder,U,G0,fAulAsc152,2021cicX11218970,F1,Reported_cross_design_topology,True,True,True,True,tier_A,False,,,,,,,,,reported_topology,,,,reported three-founder brood topology; abstract founder identity is not an inferred sequenced individual,Internal stability or leading rank is not breeding-record ground truth; Tier C identity is explicitly uncertain.
LATENT_G0_SHARED,LATENT_G0_SHARED,abstract_founder,U,G0,fAulAsc153,2021cicX11218971,F1,Reported_cross_design_topology,True,True,True,True,tier_A,False,,,,,,,,,reported_topology,,,,reported three-founder brood topology; abstract founder identity is not an inferred sequenced individual,Internal stability or leading rank is not breeding-record ground truth; Tier C identity is explicitly uncertain.
LATENT_G0_B2_SPECIFIC,LATENT_G0_B2_SPECIFIC,abstract_founder,U,G0,fAulAsc153,2021cicX11218971,F1,Reported_cross_design_topology,True,True,True,True,tier_A,False,,,,,,,,,reported_topology,,,,reported three-founder brood topology; abstract founder identity is not an inferred sequenced individual,Internal stability or leading rank is not breeding-record ground truth; Tier C identity is explicitly uncertain.
LATENT_G0_SHARED,LATENT_G0_SHARED,abstract_founder,U,G0,fAulAsc154,2021cicX11218972,F1,Reported_cross_design_topology,True,True,True,True,tier_A,False,,,,,,,,,reported_topology,,,,reported three-founder brood topology; abstract founder identity is not an inferred sequenced individual,Internal stability or leading rank is not breeding-record ground truth; Tier C identity is explicitly uncertain.
LATENT_G0_B2_SPECIFIC,LATENT_G0_B2_SPECIFIC,abstract_founder,U,G0,fAulAsc154,2021cicX11218972,F1,Reported_cross_design_topology,True,True,True,True,tier_A,False,,,,,,,,,reported_topology,,,,reported three-founder brood topology; abstract founder identity is not an inferred sequenced individual,Internal stability or leading rank is not breeding-record ground truth; Tier C identity is explicitly uncertain.
LATENT_G0_SHARED,LATENT_G0_SHARED,abstract_founder,U,G0,fAulAsc155,2021cicX11218973,F1,Reported_cross_design_topology,True,True,True,True,tier_A,False,,,,,,,,,reported_topology,,,,reported three-founder brood topology; abstract founder identity is not an inferred sequenced individual,Internal stability or leading rank is not breeding-record ground truth; Tier C identity is explicitly uncertain.
LATENT_G0_B2_SPECIFIC,LATENT_G0_B2_SPECIFIC,abstract_founder,U,G0,fAulAsc155,2021cicX11218973,F1,Reported_cross_design_topology,True,True,True,True,tier_A,False,,,,,,,,,reported_topology,,,,reported three-founder brood topology; abstract founder identity is not an inferred sequenced individual,Internal stability or leading rank is not breeding-record ground truth; Tier C identity is explicitly uncertain.
LATENT_G0_SHARED,LATENT_G0_SHARED,abstract_founder,U,G0,fAulAsc156,2021cicX11218974,F1,Reported_cross_design_topology,True,True,True,True,tier_A,False,,,,,,,,,reported_topology,,,,reported three-founder brood topology; abstract founder identity is not an inferred sequenced individual,Internal stability or leading rank is not breeding-record ground truth; Tier C identity is explicitly uncertain.
LATENT_G0_B2_SPECIFIC,LATENT_G0_B2_SPECIFIC,abstract_founder,U,G0,fAulAsc156,2021cicX11218974,F1,Reported_cross_design_topology,True,True,True,True,tier_A,False,,,,,,,,,reported_topology,,,,reported three-founder brood topology; abstract founder identity is not an inferred sequenced individual,Internal stability or leading rank is not breeding-record ground truth; Tier C identity is explicitly uncertain.
LATENT_G0_SHARED,LATENT_G0_SHARED,abstract_founder,U,G0,fAulAsc157,2021cicX11218975,F1,Reported_cross_design_topology,True,True,True,True,tier_A,False,,,,,,,,,reported_topology,,,,reported three-founder brood topology; abstract founder identity is not an inferred sequenced individual,Internal stability or leading rank is not breeding-record ground truth; Tier C identity is explicitly uncertain.
LATENT_G0_B1_SPECIFIC,LATENT_G0_B1_SPECIFIC,abstract_founder,U,G0,fAulAsc157,2021cicX11218975,F1,Reported_cross_design_topology,True,True,True,True,tier_A,False,,,,,,,,,reported_topology,,,,reported three-founder brood topology; abstract founder identity is not an inferred sequenced individual,Internal stability or leading rank is not breeding-record ground truth; Tier C identity is explicitly uncertain.
LATENT_G0_SHARED,LATENT_G0_SHARED,abstract_founder,U,G0,fAulAsc158,2021cicX11218976,F1,Reported_cross_design_topology,True,True,True,True,tier_A,False,,,,,,,,,reported_topology,,,,reported three-founder brood topology; abstract founder identity is not an inferred sequenced individual,Internal stability or leading rank is not breeding-record ground truth; Tier C identity is explicitly uncertain.
LATENT_G0_B1_SPECIFIC,LATENT_G0_B1_SPECIFIC,abstract_founder,U,G0,fAulAsc158,2021cicX11218976,F1,Reported_cross_design_topology,True,True,True,True,tier_A,False,,,,,,,,,reported_topology,,,,reported three-founder brood topology; abstract founder identity is not an inferred sequenced individual,Internal stability or leading rank is not breeding-record ground truth; Tier C identity is explicitly uncertain.
fAulAsc78,2021cicX11218872,father,M,F2,fAulAsc203,2021cicX13178916,F3,Tier_B_additional_identity,False,True,True,True,tier_B,False,0.78325,1.0,1.0,fAulAsc78:0.783;fAulAsc85:0.157;fAulAsc123:0.053,,,,,one_observed_parent,1.0,1.0,1.0,Tier B chromosome-resampling identity stability,Internal stability or leading rank is not breeding-record ground truth; Tier C identity is explicitly uncertain.
fAulAsc78,2021cicX11218872,father,M,F2,fAulAsc214,2021cicX13178917,F3,Tier_B_additional_identity,False,True,True,True,tier_B,False,0.7525,1.0,1.0,fAulAsc78:0.752;fAulAsc28:0.172;fAulAsc25:0.068,,,,,one_observed_parent,1.0,1.0,1.0,Tier B chromosome-resampling identity stability,Internal stability or leading rank is not breeding-record ground truth; Tier C identity is explicitly uncertain.
fAulAsc32,2021cicX11218826,father,M,F2,fAulAsc225,2021cicX13178918,F3,Tier_B_additional_identity,False,True,True,True,tier_B,False,0.58175,1.0,1.0,fAulAsc32:0.582;fAulAsc9:0.107;fAulAsc21:0.079;fAulAsc56:0.057;fAulAsc28:0.057;fAulAsc6:0.045;fAulAsc45:0.027,,,,,one_observed_parent,1.0,1.0,1.0,Tier B chromosome-resampling identity stability,Internal stability or leading rank is not breeding-record ground truth; Tier C identity is explicitly uncertain.
fAulAsc38,2021cicX11218832,father,M,F2,fAulAsc235,2021cicX13178919,F3,Tier_A_strict_identity,True,True,True,True,tier_A,False,0.972,1.0,1.0,fAulAsc38:0.972,,,,,one_observed_parent,1.0,1.0,1.0,strict chromosome-resampling identity stability,Internal stability or leading rank is not breeding-record ground truth; Tier C identity is explicitly uncertain.
fAulAsc106,2021cicX11218924,father,M,F2,fAulAsc184,2021cicX13178922,F3,Tier_B_additional_identity,False,True,True,True,tier_B,False,0.741,1.0,1.0,fAulAsc106:0.741;fAulAsc22:0.168;fAulAsc11:0.066,,,,,one_observed_parent,1.0,1.0,1.0,Tier B chromosome-resampling identity stability,Internal stability or leading rank is not breeding-record ground truth; Tier C identity is explicitly uncertain.
fAulAsc52,2021cicX11218846,father,M,F2,fAulAsc206,2021cicX13178924,F3,Tier_B_additional_identity,False,True,True,True,tier_B,False,0.51925,1.0,1.0,fAulAsc52:0.519;fAulAsc141:0.153;fAulAsc10:0.126;fAulAsc62:0.123;fAulAsc126:0.024;fAulAsc54:0.016,,,,,one_observed_parent,1.0,1.0,1.0,Tier B chromosome-resampling identity stability,Internal stability or leading rank is not breeding-record ground truth; Tier C identity is explicitly uncertain.
fAulAsc103,2021cicX11218921,father,M,F2,fAulAsc217,2021cicX13178925,F3,Tier_B_additional_identity,False,True,True,True,tier_B,False,0.62725,1.0,1.0,fAulAsc103:0.627;fAulAsc56:0.104;fAulAsc29:0.100;fAulAsc85:0.060;fAulAsc77:0.050;fAulAsc81:0.028,,,,,one_observed_parent,1.0,1.0,1.0,Tier B chromosome-resampling identity stability,Internal stability or leading rank is not breeding-record ground truth; Tier C identity is explicitly uncertain.
fAulAsc106,2021cicX11218924,father,M,F2,fAulAsc227,2021cicX13178926,F3,Tier_B_additional_identity,False,True,True,True,tier_B,False,0.6765,1.0,1.0,fAulAsc106:0.676;fAulAsc38:0.118;fAulAsc3:0.067;fAulAsc11:0.067;fAulAsc62:0.035,,,,,one_observed_parent,1.0,1.0,1.0,Tier B chromosome-resampling identity stability,Internal stability or leading rank is not breeding-record ground truth; Tier C identity is explicitly uncertain.
fAulAsc78,2021cicX11218872,father,M,F2,fAulAsc174,2021cicX13178929,F3,Tier_B_additional_identity,False,True,True,True,tier_B,False,0.82125,1.0,1.0,fAulAsc78:0.821;fAulAsc210:0.048;fAulAsc33:0.045;fAulAsc133:0.038,,,,,one_observed_parent,1.0,1.0,1.0,Tier B chromosome-resampling identity stability,Internal stability or leading rank is not breeding-record ground truth; Tier C identity is explicitly uncertain.
fAulAsc106,2021cicX11218924,father,M,F2,fAulAsc218,2021cicX13178933,F3,Tier_B_additional_identity,False,True,True,True,tier_B,False,0.557,1.0,1.0,fAulAsc106:0.557;fAulAsc38:0.186;fAulAsc133:0.077;fAulAsc30:0.059;fAulAsc128:0.024;fAulAsc28:0.019;fAulAsc57:0.011;fAulAsc86:0.011;fAulAsc56:0.010,,,,,one_observed_parent,1.0,1.0,1.0,Tier B chromosome-resampling identity stability,Internal stability or leading rank is not breeding-record ground truth; Tier C identity is explicitly uncertain.
fAulAsc78,2021cicX11218872,father,M,F2,fAulAsc164,2021cicX13178936,F3,Tier_B_additional_identity,False,True,True,True,tier_B,False,0.74325,1.0,1.0,fAulAsc78:0.743;fAulAsc128:0.198;fAulAsc26:0.036,,,,,one_observed_parent,1.0,1.0,1.0,Tier B chromosome-resampling identity stability,Internal stability or leading rank is not breeding-record ground truth; Tier C identity is explicitly uncertain.
fAulAsc52,2021cicX11218846,father,M,F2,fAulAsc197,2021cicX13178939,F3,Tier_B_additional_identity,False,True,True,True,tier_B,False,0.584,1.0,1.0,fAulAsc52:0.584;fAulAsc9:0.124;fAulAsc10:0.111;fAulAsc71:0.053;fAulAsc47:0.046;fAulAsc141:0.027;fAulAsc82:0.025,,,,,one_observed_parent,1.0,1.0,1.0,Tier B chromosome-resampling identity stability,Internal stability or leading rank is not breeding-record ground truth; Tier C identity is explicitly uncertain.
fAulAsc78,2021cicX11218872,father,M,F2,fAulAsc229,2021cicX13178942,F3,Tier_B_additional_identity,False,True,True,True,tier_B,False,0.852,1.0,1.0,fAulAsc78:0.852;fAulAsc77:0.046;fAulAsc94:0.037;fAulAsc126:0.034,,,,,one_observed_parent,1.0,1.0,1.0,Tier B chromosome-resampling identity stability,Internal stability or leading rank is not breeding-record ground truth; Tier C identity is explicitly uncertain.
fAulAsc78,2021cicX11218872,father,M,F2,fAulAsc165,2021cicX13178944,F3,Tier_B_additional_identity,False,True,True,True,tier_B,False,0.814,1.0,1.0,fAulAsc78:0.814;fAulAsc71:0.062;fAulAsc1:0.048;fAulAsc85:0.020;fAulAsc141:0.016,,,,,one_observed_parent,1.0,1.0,1.0,Tier B chromosome-resampling identity stability,Internal stability or leading rank is not breeding-record ground truth; Tier C identity is explicitly uncertain.
fAulAsc106,2021cicX11218924,father,M,F2,fAulAsc176,2021cicX13178945,F3,Tier_B_additional_identity,False,True,True,True,tier_B,False,0.501,1.0,1.0,fAulAsc106:0.501;fAulAsc128:0.257;fAulAsc38:0.130;fAulAsc107:0.030;fAulAsc89:0.015;fAulAsc30:0.015;fAulAsc11:0.013,,,,,one_observed_parent,1.0,1.0,1.0,Tier B chromosome-resampling identity stability,Internal stability or leading rank is not breeding-record ground truth; Tier C identity is explicitly uncertain.
fAulAsc106,2021cicX11218924,father,M,F2,fAulAsc240,2021cicX13178951,F3,Tier_B_additional_identity,False,True,True,True,tier_B,False,0.72475,1.0,1.0,fAulAsc106:0.725;fAulAsc11:0.089;fAulAsc59:0.050;fAulAsc19:0.043;fAulAsc86:0.028;fAulAsc62:0.017,,,,,one_observed_parent,1.0,1.0,1.0,Tier B chromosome-resampling identity stability,Internal stability or leading rank is not breeding-record ground truth; Tier C identity is explicitly uncertain.
fAulAsc154,2021cicX11218972,mother,F,F1,fAulAsc177,2021cicX13178953,F2,Tier_B_additional_identity,False,True,True,True,tier_B,False,0.871,1.0,1.0,fAulAsc154:0.871;fAulAsc153:0.129,0.46025,0.1428571428571428,0.5,fAulAsc157+fAulAsc154:0.460;fAulAsc158+fAulAsc154:0.411;fAulAsc158+fAulAsc153:0.129,zero_parent,0.0,0.0,0.0,Tier B chromosome-resampling identity stability,Internal stability or leading rank is not breeding-record ground truth; Tier C identity is explicitly uncertain.
fAulAsc158,2021cicX11218976,father,M,F1,fAulAsc188,2021cicX13178954,F2,Tier_B_additional_identity,False,True,True,True,tier_B,False,0.83925,1.0,1.0,fAulAsc158:0.839;fAulAsc157:0.149,0.56475,1.0,1.0,fAulAsc158+fAulAsc153:0.565;fAulAsc158+fAulAsc154:0.275;fAulAsc157+fAulAsc153:0.149,zero_parent,0.0,0.0,0.0,Tier B chromosome-resampling identity stability,Internal stability or leading rank is not breeding-record ground truth; Tier C identity is explicitly uncertain.
fAulAsc153,2021cicX11218971,mother,F,F1,fAulAsc188,2021cicX13178954,F2,Tier_B_additional_identity,False,True,True,True,tier_B,False,0.7244999999999999,1.0,1.0,fAulAsc153:0.724;fAulAsc154:0.276,0.56475,1.0,1.0,fAulAsc158+fAulAsc153:0.565;fAulAsc158+fAulAsc154:0.275;fAulAsc157+fAulAsc153:0.149,zero_parent,0.0,0.0,0.0,Tier B chromosome-resampling identity stability,Internal stability or leading rank is not breeding-record ground truth; Tier C identity is explicitly uncertain.
fAulAsc158,2021cicX11218976,father,M,F1,fAulAsc210,2021cicX13178956,F2,Tier_B_additional_identity,False,True,True,True,tier_B,False,0.60625,1.0,0.8636363636363636,fAulAsc158:0.606;fAulAsc157:0.394,0.596,1.0,0.8636363636363636,fAulAsc158+fAulAsc154:0.596;fAulAsc157+fAulAsc154:0.314;fAulAsc157+fAulAsc153:0.080,zero_parent,0.0,0.0,0.0,Tier B chromosome-resampling identity stability,Internal stability or leading rank is not breeding-record ground truth; Tier C identity is explicitly uncertain.
fAulAsc154,2021cicX11218972,mother,F,F1,fAulAsc210,2021cicX13178956,F2,Tier_B_additional_identity,False,True,True,True,tier_B,False,0.9095,1.0,1.0,fAulAsc154:0.909;fAulAsc153:0.090,0.596,1.0,0.8636363636363636,fAulAsc158+fAulAsc154:0.596;fAulAsc157+fAulAsc154:0.314;fAulAsc157+fAulAsc153:0.080,zero_parent,0.0,0.0,0.0,Tier B chromosome-resampling identity stability,Internal stability or leading rank is not breeding-record ground truth; Tier C identity is explicitly uncertain.
fAulAsc78,2021cicX11218872,father,M,F2,fAulAsc231,2021cicX13178958,F3,Tier_B_additional_identity,False,True,True,True,tier_B,False,0.54375,1.0,1.0,fAulAsc78:0.544;fAulAsc91:0.290;fAulAsc123:0.053;fAulAsc128:0.053;fAulAsc141:0.048,,,,,one_observed_parent,1.0,1.0,1.0,Tier B chromosome-resampling identity stability,Internal stability or leading rank is not breeding-record ground truth; Tier C identity is explicitly uncertain.
fAulAsc106,2021cicX11218924,father,M,F2,fAulAsc167,2021cicX13178960,F3,Tier_B_additional_identity,False,True,True,True,tier_B,False,0.5195,1.0,1.0,fAulAsc106:0.519;fAulAsc94:0.095;fAulAsc22:0.084;fAulAsc38:0.080;fAulAsc17:0.068;fAulAsc11:0.063;fAulAsc10:0.027;fAulAsc86:0.013,,,,,one_observed_parent,1.0,1.0,1.0,Tier B chromosome-resampling identity stability,Internal stability or leading rank is not breeding-record ground truth; Tier C identity is explicitly uncertain.
fAulAsc58,2021cicX11218852,father,M,F2,fAulAsc178,2021cicX13178961,F3,Tier_B_additional_identity,False,True,True,True,tier_B,False,0.697,1.0,1.0,fAulAsc58:0.697;fAulAsc102:0.121;fAulAsc142:0.059;fAulAsc32:0.025;fAulAsc97:0.024;fAulAsc19:0.015;fAulAsc26:0.015,,,,,one_observed_parent,1.0,1.0,1.0,Tier B chromosome-resampling identity stability,Internal stability or leading rank is not breeding-record ground truth; Tier C identity is explicitly uncertain.
fAulAsc52,2021cicX11218846,father,M,F2,fAulAsc242,2021cicX13178967,F3,Tier_B_additional_identity,False,True,True,True,tier_B,False,0.58075,1.0,1.0,fAulAsc52:0.581;fAulAsc25:0.173;fAulAsc126:0.123;fAulAsc6:0.025;fAulAsc37:0.025;fAulAsc2:0.023;fAulAsc15:0.018,,,,,one_observed_parent,1.0,1.0,1.0,Tier B chromosome-resampling identity stability,Internal stability or leading rank is not breeding-record ground truth; Tier C identity is explicitly uncertain.
fAulAsc52,2021cicX11218846,father,M,F2,fAulAsc212,2021cicX13178972,F3,Tier_B_additional_identity,False,True,True,True,tier_B,False,0.78475,1.0,1.0,fAulAsc52:0.785;fAulAsc11:0.061;fAulAsc25:0.049;fAulAsc53:0.033;fAulAsc6:0.031,,,,,one_observed_parent,1.0,1.0,1.0,Tier B chromosome-resampling identity stability,Internal stability or leading rank is not breeding-record ground truth; Tier C identity is explicitly uncertain.
fAulAsc106,2021cicX11218924,father,M,F2,fAulAsc243,2021cicX13178975,F3,Tier_B_additional_identity,False,True,True,True,tier_B,False,0.5235,1.0,1.0,fAulAsc106:0.523;fAulAsc97:0.096;fAulAsc61:0.095;fAulAsc91:0.081;fAulAsc107:0.058;fAulAsc34:0.051;fAulAsc123:0.048,,,,,one_observed_parent,1.0,1.0,1.0,Tier B chromosome-resampling identity stability,Internal stability or leading rank is not breeding-record ground truth; Tier C identity is explicitly uncertain.
fAulAsc52,2021cicX11218846,father,M,F2,fAulAsc169,2021cicX13178976,F3,Tier_B_additional_identity,False,True,True,True,tier_B,False,0.62575,1.0,1.0,fAulAsc52:0.626;fAulAsc6:0.104;fAulAsc11:0.079;fAulAsc19:0.076;fAulAsc102:0.068,,,,,one_observed_parent,1.0,1.0,1.0,Tier B chromosome-resampling identity stability,Internal stability or leading rank is not breeding-record ground truth; Tier C identity is explicitly uncertain.
fAulAsc60,2021cicX11218854,father,M,F2,fAulAsc191,2021cicX13178978,F3,Tier_B_additional_identity,False,True,True,True,tier_B,False,0.64175,1.0,1.0,fAulAsc60:0.642;fAulAsc10:0.082;fAulAsc8:0.066;fAulAsc38:0.048;fAulAsc64:0.047;fAulAsc76:0.039;fAulAsc33:0.020;fAulAsc54:0.012,,,,,one_observed_parent,0.99975,1.0,1.0,Tier B chromosome-resampling identity stability,Internal stability or leading rank is not breeding-record ground truth; Tier C identity is explicitly uncertain.
fAulAsc78,2021cicX11218872,father,M,F2,fAulAsc202,2021cicX13178979,F3,Tier_B_additional_identity,False,True,True,True,tier_B,False,0.8925,1.0,1.0,fAulAsc78:0.892;fAulAsc90:0.062,,,,,one_observed_parent,1.0,1.0,1.0,Tier B chromosome-resampling identity stability,Internal stability or leading rank is not breeding-record ground truth; Tier C identity is explicitly uncertain.
fAulAsc78,2021cicX11218872,father,M,F2,fAulAsc224,2021cicX13178981,F3,Tier_B_additional_identity,False,True,True,True,tier_B,False,0.64925,1.0,1.0,fAulAsc78:0.649;fAulAsc25:0.113;fAulAsc26:0.097;fAulAsc188:0.051;fAulAsc52:0.025;fAulAsc20:0.021,,,,,one_observed_parent,1.0,1.0,1.0,Tier B chromosome-resampling identity stability,Internal stability or leading rank is not breeding-record ground truth; Tier C identity is explicitly uncertain.
fAulAsc78,2021cicX11218872,father,M,F2,fAulAsc160,2021cicX13178984,F3,Tier_B_additional_identity,False,True,True,True,tier_B,False,0.636,1.0,1.0,fAulAsc78:0.636;fAulAsc29:0.134;fAulAsc123:0.133;fAulAsc149:0.048,,,,,one_observed_parent,1.0,1.0,1.0,Tier B chromosome-resampling identity stability,Internal stability or leading rank is not breeding-record ground truth; Tier C identity is explicitly uncertain.
fAulAsc106,2021cicX11218924,father,M,F2,fAulAsc171,2021cicX13178985,F3,Tier_B_additional_identity,False,True,True,True,tier_B,False,0.75725,1.0,1.0,fAulAsc106:0.757;fAulAsc9:0.183;fAulAsc10:0.015,,,,,one_observed_parent,1.0,1.0,1.0,Tier B chromosome-resampling identity stability,Internal stability or leading rank is not breeding-record ground truth; Tier C identity is explicitly uncertain.
fAulAsc78,2021cicX11218872,father,M,F2,fAulAsc182,2021cicX13178986,F3,Tier_B_additional_identity,False,True,True,True,tier_B,False,0.935,1.0,1.0,fAulAsc78:0.935;fAulAsc77:0.037,,,,,one_observed_parent,1.0,1.0,1.0,Tier B chromosome-resampling identity stability,Internal stability or leading rank is not breeding-record ground truth; Tier C identity is explicitly uncertain.
fAulAsc102,2021cicX11218920,father,M,F2,fAulAsc193,2021cicX13178987,F3,Tier_B_additional_identity,False,True,True,True,tier_B,False,0.514,1.0,0.9545454545454546,fAulAsc102:0.514;fAulAsc26:0.170;fAulAsc137:0.119;fAulAsc6:0.056;fAulAsc58:0.039;fAulAsc25:0.025;fAulAsc32:0.017;fAulAsc2:0.012,,,,,one_observed_parent,1.0,1.0,1.0,Tier B chromosome-resampling identity stability,Internal stability or leading rank is not breeding-record ground truth; Tier C identity is explicitly uncertain.
fAulAsc102,2021cicX11218920,father,M,F2,fAulAsc204,2021cicX13178988,F3,Tier_B_additional_identity,False,True,True,True,tier_B,False,0.9065,1.0,1.0,fAulAsc102:0.906;fAulAsc6:0.035;fAulAsc26:0.032,,,,,one_observed_parent,1.0,1.0,1.0,Tier B chromosome-resampling identity stability,Internal stability or leading rank is not breeding-record ground truth; Tier C identity is explicitly uncertain.
fAulAsc106,2021cicX11218924,father,M,F2,fAulAsc215,2021cicX13178989,F3,Tier_B_additional_identity,False,True,True,True,tier_B,False,0.684,1.0,1.0,fAulAsc106:0.684;fAulAsc22:0.097;fAulAsc6:0.069;fAulAsc19:0.062;fAulAsc8:0.036;fAulAsc16:0.035,,,,,one_observed_parent,1.0,1.0,1.0,Tier B chromosome-resampling identity stability,Internal stability or leading rank is not breeding-record ground truth; Tier C identity is explicitly uncertain.
fAulAsc106,2021cicX11218924,father,M,F2,fAulAsc205,2021cicX13178996,F3,Tier_B_additional_identity,False,True,True,True,tier_B,False,0.531,1.0,1.0,fAulAsc106:0.531;fAulAsc28:0.202;fAulAsc13:0.121;fAulAsc11:0.070;fAulAsc56:0.027,,,,,one_observed_parent,1.0,1.0,1.0,Tier B chromosome-resampling identity stability,Internal stability or leading rank is not breeding-record ground truth; Tier C identity is explicitly uncertain.
fAulAsc102,2021cicX11218920,father,M,F2,fAulAsc245,2021cicX13611514,F3,Tier_B_additional_identity,False,True,True,True,tier_B,False,0.673,1.0,1.0,fAulAsc102:0.673;fAulAsc26:0.148;fAulAsc32:0.083;fAulAsc137:0.041;fAulAsc6:0.030,,,,,one_observed_parent,1.0,1.0,1.0,Tier B chromosome-resampling identity stability,Internal stability or leading rank is not breeding-record ground truth; Tier C identity is explicitly uncertain.
fAulAsc106,2021cicX11218924,father,M,F2,fAulAsc246,2021cicX13611515,F3,Tier_B_additional_identity,False,True,True,True,tier_B,False,0.84,1.0,1.0,fAulAsc106:0.840;fAulAsc11:0.082;fAulAsc126:0.028,,,,,one_observed_parent,1.0,1.0,1.0,Tier B chromosome-resampling identity stability,Internal stability or leading rank is not breeding-record ground truth; Tier C identity is explicitly uncertain.
fAulAsc102,2021cicX11218920,father,M,F2,fAulAsc262,2021cicX13611518,F3,Tier_B_additional_identity,False,True,True,True,tier_B,False,0.666,1.0,1.0,fAulAsc102:0.666;fAulAsc26:0.154;fAulAsc52:0.048;fAulAsc100:0.035;fAulAsc125:0.023;fAulAsc138:0.021;fAulAsc90:0.010,,,,,one_observed_parent,1.0,1.0,1.0,Tier B chromosome-resampling identity stability,Internal stability or leading rank is not breeding-record ground truth; Tier C identity is explicitly uncertain.
fAulAsc52,2021cicX11218846,father,M,F2,fAulAsc268,2021cicX13611520,F3,Tier_B_additional_identity,False,True,True,True,tier_B,False,0.54375,1.0,0.9545454545454546,fAulAsc52:0.544;fAulAsc6:0.193;fAulAsc2:0.079;fAulAsc25:0.071;fAulAsc100:0.069,,,,,one_observed_parent,1.0,1.0,1.0,Tier B chromosome-resampling identity stability,Internal stability or leading rank is not breeding-record ground truth; Tier C identity is explicitly uncertain.
fAulAsc102,2021cicX11218920,father,M,F2,fAulAsc272,2021cicX13611529,F3,Tier_B_additional_identity,False,True,True,True,tier_B,False,0.60225,1.0,1.0,fAulAsc102:0.602;fAulAsc26:0.114;fAulAsc80:0.107;fAulAsc104:0.079;fAulAsc88:0.039;fAulAsc100:0.016,,,,,one_observed_parent,1.0,1.0,1.0,Tier B chromosome-resampling identity stability,Internal stability or leading rank is not breeding-record ground truth; Tier C identity is explicitly uncertain.
fAulAsc102,2021cicX11218920,father,M,F2,fAulAsc257,2021cicX13611532,F3,Tier_B_additional_identity,False,True,True,True,tier_B,False,0.78025,1.0,1.0,fAulAsc102:0.780;fAulAsc6:0.102;fAulAsc26:0.049;fAulAsc32:0.037,,,,,one_observed_parent,1.0,1.0,1.0,Tier B chromosome-resampling identity stability,Internal stability or leading rank is not breeding-record ground truth; Tier C identity is explicitly uncertain.
fAulAsc60,2021cicX11218854,father,M,F2,fAulAsc259,2021cicX13611533,F3,Tier_B_additional_identity,False,True,True,True,tier_B,False,0.55075,1.0,1.0,fAulAsc60:0.551;fAulAsc38:0.152;fAulAsc1:0.132;fAulAsc29:0.057;fAulAsc21:0.039;fAulAsc74:0.027,,,,,one_observed_parent,0.99975,1.0,1.0,Tier B chromosome-resampling identity stability,Internal stability or leading rank is not breeding-record ground truth; Tier C identity is explicitly uncertain.
fAulAsc102,2021cicX11218920,father,M,F2,fAulAsc267,2021cicX13611536,F3,Tier_B_additional_identity,False,True,True,True,tier_B,False,0.5405,1.0,1.0,fAulAsc102:0.540;fAulAsc12:0.103;fAulAsc123:0.092;fAulAsc46:0.081;fAulAsc9:0.062;fAulAsc86:0.047;fAulAsc96:0.042,,,,,one_observed_parent,1.0,1.0,1.0,Tier B chromosome-resampling identity stability,Internal stability or leading rank is not breeding-record ground truth; Tier C identity is explicitly uncertain.
fAulAsc91,2021cicX11218885,father,M,F2,fAulAsc270,2021cicX13611537,F3,Tier_B_additional_identity,False,True,True,True,tier_B,False,0.6325,1.0,1.0,fAulAsc91:0.632;fAulAsc6:0.145;fAulAsc53:0.120;fAulAsc81:0.060,,,,,one_observed_parent,1.0,1.0,1.0,Tier B chromosome-resampling identity stability,Internal stability or leading rank is not breeding-record ground truth; Tier C identity is explicitly uncertain.
fAulAsc102,2021cicX11218920,father,M,F2,fAulAsc277,2021cicX13611540,F3,Tier_B_additional_identity,False,True,True,True,tier_B,False,0.61075,1.0,1.0,fAulAsc102:0.611;fAulAsc6:0.102;fAulAsc3:0.093;fAulAsc26:0.067;fAulAsc25:0.048;fAulAsc52:0.028;fAulAsc131:0.022,,,,,one_observed_parent,1.0,1.0,1.0,Tier B chromosome-resampling identity stability,Internal stability or leading rank is not breeding-record ground truth; Tier C identity is explicitly uncertain.
fAulAsc177,2021cicX13178953,father,M,F2,fAulAsc279,2021cicX13611541,F3,Tier_B_additional_identity,False,True,True,True,tier_B,False,0.565,1.0,1.0,fAulAsc177:0.565;fAulAsc97:0.139;fAulAsc210:0.117;fAulAsc131:0.035;fAulAsc93:0.030;fAulAsc104:0.030;fAulAsc31:0.018;fAulAsc40:0.017,,,,,one_observed_parent,1.0,1.0,1.0,Tier B chromosome-resampling identity stability,Internal stability or leading rank is not breeding-record ground truth; Tier C identity is explicitly uncertain.
fAulAsc102,2021cicX11218920,father,M,F2,fAulAsc281,2021cicX13611542,F3,Tier_B_additional_identity,False,True,True,True,tier_B,False,0.8985,1.0,1.0,fAulAsc102:0.898;fAulAsc33:0.088,,,,,one_observed_parent,1.0,1.0,1.0,Tier B chromosome-resampling identity stability,Internal stability or leading rank is not breeding-record ground truth; Tier C identity is explicitly uncertain.
fAulAsc106,2021cicX11218924,father,M,F2,fAulAsc274,2021cicX13611546,F3,Tier_B_additional_identity,False,True,True,True,tier_B,False,0.5815,1.0,1.0,fAulAsc106:0.582;fAulAsc22:0.143;fAulAsc10:0.061;fAulAsc19:0.053;fAulAsc82:0.049;fAulAsc11:0.036;fAulAsc86:0.034,,,,,one_observed_parent,1.0,1.0,1.0,Tier B chromosome-resampling identity stability,Internal stability or leading rank is not breeding-record ground truth; Tier C identity is explicitly uncertain.
fAulAsc102,2021cicX11218920,father,M,F2,fAulAsc284,2021cicX13611551,F3,Tier_B_additional_identity,False,True,True,True,tier_B,False,0.54925,1.0,0.9545454545454546,fAulAsc102:0.549;fAulAsc26:0.191;fAulAsc32:0.136;fAulAsc101:0.080,,,,,one_observed_parent,1.0,1.0,1.0,Tier B chromosome-resampling identity stability,Internal stability or leading rank is not breeding-record ground truth; Tier C identity is explicitly uncertain.
fAulAsc52,2021cicX11218846,father,M,F2,fAulAsc288,2021cicX13611553,F3,Tier_B_additional_identity,False,True,True,True,tier_B,False,0.889,1.0,1.0,fAulAsc52:0.889;fAulAsc6:0.034;fAulAsc53:0.032,,,,,one_observed_parent,1.0,1.0,1.0,Tier B chromosome-resampling identity stability,Internal stability or leading rank is not breeding-record ground truth; Tier C identity is explicitly uncertain.
