ParentIndividualID,ParentProjectEntityID,ParentRole,ParentSex,ParentGeneration,ChildIndividualID,ChildProjectEntityID,ChildGeneration,EdgeEvidenceClass,IncludedInTierA,IncludedInTierB,ForcedCompletionEdge,EdgeBootstrapFraction,EdgeAlternatives95,ChildReportedParentCount,ChildExactPairStableAtTierA,ChildExactPairStableAtTierB,ChildEvidenceStatus,ChildEvidenceTier,ParentCountMAPState,ParentCountStable,RawTwoParentVsReducedLoglik,Caveat
fTroAst25,2021cicX13611460,father,M,F1,fTroAst1,2021cicX13178998,F2,Tier_A_strict_identity,True,True,False,0.8385,fTroAst25:0.839;fTroAst18:0.111;fTroAst11:0.025,2,False,True,two_parent__C_father_stable_mother_ambiguous,B_exact_pair,two_parent,True,-667764.229328475,"T08 child painting is a correlated cross-check, not an independent likelihood. Invariant calls agree across the individual and selected soft-prevalence models, marker densities, leave-one-chromosome analyses, model sensitivities, and the painted-child transmission cross-check."
fTroAst38,2021cicX13611470,mother,F,F1,fTroAst1,2021cicX13178998,F2,Tier_B_additional_identity,False,True,False,0.5505,fTroAst38:0.550;fTroAst12:0.450,2,False,True,two_parent__C_father_stable_mother_ambiguous,B_exact_pair,two_parent,True,-667764.229328475,"T08 child painting is a correlated cross-check, not an independent likelihood. Invariant calls agree across the individual and selected soft-prevalence models, marker densities, leave-one-chromosome analyses, model sensitivities, and the painted-child transmission cross-check."
fTroAst11,2021cicX13611458,father,M,F1,fTroAst9,2021cicX13178999,F2,Tier_A_strict_identity,True,True,False,0.6455,fTroAst11:0.646;fTroAst25:0.268;fTroAst18:0.079,2,True,True,two_parent__A_exact_multigeneration_stable,A_exact_pair,two_parent,True,-749106.3289043996,"T08 child painting is a correlated cross-check, not an independent likelihood. Invariant calls agree across the individual and selected soft-prevalence models, marker densities, leave-one-chromosome analyses, model sensitivities, and the painted-child transmission cross-check."
fTroAst12,2021cicX13611466,mother,F,F1,fTroAst9,2021cicX13178999,F2,Tier_A_strict_identity,True,True,False,0.797,fTroAst12:0.797;fTroAst38:0.129;fTroAst44:0.068,2,True,True,two_parent__A_exact_multigeneration_stable,A_exact_pair,two_parent,True,-749106.3289043996,"T08 child painting is a correlated cross-check, not an independent likelihood. Invariant calls agree across the individual and selected soft-prevalence models, marker densities, leave-one-chromosome analyses, model sensitivities, and the painted-child transmission cross-check."
fTroAst49,2021cicX13611464,father,M,F1,fTroAst2,2021cicX13179000,F2,Tier_A_strict_identity,True,True,False,0.572,fTroAst49:0.572;fTroAst55:0.255;fTroAst43:0.171,2,True,True,two_parent__A_exact_multigeneration_stable,A_exact_pair,two_parent,True,-674368.3919705111,"T08 child painting is a correlated cross-check, not an independent likelihood. Invariant calls agree across the individual and selected soft-prevalence models, marker densities, leave-one-chromosome analyses, model sensitivities, and the painted-child transmission cross-check."
fTroAst12,2021cicX13611466,mother,F,F1,fTroAst2,2021cicX13179000,F2,Tier_A_strict_identity,True,True,False,0.809,fTroAst12:0.809;fTroAst38:0.191,2,True,True,two_parent__A_exact_multigeneration_stable,A_exact_pair,two_parent,True,-674368.3919705111,"T08 child painting is a correlated cross-check, not an independent likelihood. Invariant calls agree across the individual and selected soft-prevalence models, marker densities, leave-one-chromosome analyses, model sensitivities, and the painted-child transmission cross-check."
fTroAst11,2021cicX13611458,father,M,F1,fTroAst3,2021cicX13179001,F2,Tier_A_strict_identity,True,True,False,0.7465,fTroAst11:0.747;fTroAst25:0.178;fTroAst18:0.069,2,True,True,two_parent__A_exact_multigeneration_stable,A_exact_pair,two_parent,True,-556279.7796172262,"T08 child painting is a correlated cross-check, not an independent likelihood. Invariant calls agree across the individual and selected soft-prevalence models, marker densities, leave-one-chromosome analyses, model sensitivities, and the painted-child transmission cross-check."
fTroAst12,2021cicX13611466,mother,F,F1,fTroAst3,2021cicX13179001,F2,Tier_A_strict_identity,True,True,False,0.555,fTroAst12:0.555;fTroAst38:0.350;fTroAst32:0.041;fTroAst19:0.029,2,True,True,two_parent__A_exact_multigeneration_stable,A_exact_pair,two_parent,True,-556279.7796172262,"T08 child painting is a correlated cross-check, not an independent likelihood. Invariant calls agree across the individual and selected soft-prevalence models, marker densities, leave-one-chromosome analyses, model sensitivities, and the painted-child transmission cross-check."
fTroAst11,2021cicX13611458,father,M,F1,fTroAst4,2021cicX13179002,F2,Leading_hypothesis_below_Tier_B,False,False,False,0.4255,fTroAst11:0.425;fTroAst25:0.291;fTroAst18:0.260,2,False,False,two_parent__C_mother_stable_father_ambiguous,A_one_parent_identity,two_parent,True,-721930.3888609214,"T08 child painting is a correlated cross-check, not an independent likelihood. Invariant calls agree across the individual and selected soft-prevalence models, marker densities, leave-one-chromosome analyses, model sensitivities, and the painted-child transmission cross-check."
fTroAst12,2021cicX13611466,mother,F,F1,fTroAst4,2021cicX13179002,F2,Tier_A_strict_identity,True,True,False,0.688,fTroAst12:0.688;fTroAst44:0.169;fTroAst38:0.079;fTroAst32:0.022,2,False,False,two_parent__C_mother_stable_father_ambiguous,A_one_parent_identity,two_parent,True,-721930.3888609214,"T08 child painting is a correlated cross-check, not an independent likelihood. Invariant calls agree across the individual and selected soft-prevalence models, marker densities, leave-one-chromosome analyses, model sensitivities, and the painted-child transmission cross-check."
fTroAst11,2021cicX13611458,father,M,F1,fTroAst5,2021cicX13179003,F2,Leading_hypothesis_below_Tier_B,False,False,False,0.468,fTroAst11:0.468;fTroAst25:0.382;fTroAst18:0.117,2,False,False,two_parent__C_mother_stable_father_ambiguous,A_one_parent_identity,two_parent,True,-372512.6358047975,"T08 child painting is a correlated cross-check, not an independent likelihood. Invariant calls agree across the individual and selected soft-prevalence models, marker densities, leave-one-chromosome analyses, model sensitivities, and the painted-child transmission cross-check."
fTroAst12,2021cicX13611466,mother,F,F1,fTroAst5,2021cicX13179003,F2,Tier_A_strict_identity,True,True,False,0.995,fTroAst12:0.995,2,False,False,two_parent__C_mother_stable_father_ambiguous,A_one_parent_identity,two_parent,True,-372512.6358047975,"T08 child painting is a correlated cross-check, not an independent likelihood. Invariant calls agree across the individual and selected soft-prevalence models, marker densities, leave-one-chromosome analyses, model sensitivities, and the painted-child transmission cross-check."
fTroAst11,2021cicX13611458,father,M,F1,fTroAst6,2021cicX13179004,F2,Leading_hypothesis_below_Tier_B,False,False,False,0.456,fTroAst18:0.456;fTroAst11:0.318;fTroAst49:0.107;fTroAst25:0.089,2,False,False,two_parent__E_competing_parental_hypotheses,C_not_yet_defined,two_parent,True,-674648.451844906,"T08 child painting is a correlated cross-check, not an independent likelihood. Invariant calls agree across the individual and selected soft-prevalence models, marker densities, leave-one-chromosome analyses, model sensitivities, and the painted-child transmission cross-check."
fTroAst12,2021cicX13611466,mother,F,F1,fTroAst6,2021cicX13179004,F2,Leading_hypothesis_below_Tier_B,False,False,False,0.6325,fTroAst12:0.633;fTroAst38:0.366,2,False,False,two_parent__E_competing_parental_hypotheses,C_not_yet_defined,two_parent,True,-674648.451844906,"T08 child painting is a correlated cross-check, not an independent likelihood. Invariant calls agree across the individual and selected soft-prevalence models, marker densities, leave-one-chromosome analyses, model sensitivities, and the painted-child transmission cross-check."
fTroAst25,2021cicX13611460,father,M,F1,fTroAst7,2021cicX13179005,F2,Leading_hypothesis_below_Tier_B,False,False,False,0.396,fTroAst25:0.396;fTroAst31:0.197;fTroAst18:0.178;fTroAst11:0.142;fTroAst49:0.050,2,False,False,two_parent__E_competing_parental_hypotheses,B_one_parent_identity,two_parent,True,-761132.6934228218,"T08 child painting is a correlated cross-check, not an independent likelihood. Invariant calls agree across the individual and selected soft-prevalence models, marker densities, leave-one-chromosome analyses, model sensitivities, and the painted-child transmission cross-check."
fTroAst38,2021cicX13611470,mother,F,F1,fTroAst7,2021cicX13179005,F2,Tier_B_additional_identity,False,True,False,0.5975,fTroAst38:0.598;fTroAst12:0.403,2,False,False,two_parent__E_competing_parental_hypotheses,B_one_parent_identity,two_parent,True,-761132.6934228218,"T08 child painting is a correlated cross-check, not an independent likelihood. Invariant calls agree across the individual and selected soft-prevalence models, marker densities, leave-one-chromosome analyses, model sensitivities, and the painted-child transmission cross-check."
fTroAst55,2021cicX13611465,father,M,F1,fTroAst8,2021cicX13179006,F2,Tier_B_additional_identity,False,True,False,0.5465,fTroAst55:0.546;fTroAst43:0.240;fTroAst31:0.145;fTroAst49:0.068,2,False,True,two_parent__C_mother_stable_father_ambiguous,B_exact_pair,two_parent,True,-919548.165778853,"T08 child painting is a correlated cross-check, not an independent likelihood. Invariant calls agree across the individual and selected soft-prevalence models, marker densities, leave-one-chromosome analyses, model sensitivities, and the painted-child transmission cross-check."
fTroAst38,2021cicX13611470,mother,F,F1,fTroAst8,2021cicX13179006,F2,Tier_A_strict_identity,True,True,False,0.778,fTroAst38:0.778;fTroAst12:0.221,2,False,True,two_parent__C_mother_stable_father_ambiguous,B_exact_pair,two_parent,True,-919548.165778853,"T08 child painting is a correlated cross-check, not an independent likelihood. Invariant calls agree across the individual and selected soft-prevalence models, marker densities, leave-one-chromosome analyses, model sensitivities, and the painted-child transmission cross-check."
fTroAst18,2021cicX13611459,father,M,F1,fTroAst10,2021cicX13179007,F2,Tier_A_strict_identity,True,True,False,0.7065,fTroAst18:0.707;fTroAst11:0.227;fTroAst25:0.067,2,True,True,two_parent__A_exact_multigeneration_stable,A_exact_pair,two_parent,True,-437954.0558803952,"T08 child painting is a correlated cross-check, not an independent likelihood. Invariant calls agree across the individual and selected soft-prevalence models, marker densities, leave-one-chromosome analyses, model sensitivities, and the painted-child transmission cross-check."
fTroAst26,2021cicX13611468,mother,F,F1,fTroAst10,2021cicX13179007,F2,Tier_A_strict_identity,True,True,False,0.9995,fTroAst26:1.000,2,True,True,two_parent__A_exact_multigeneration_stable,A_exact_pair,two_parent,True,-437954.0558803952,"T08 child painting is a correlated cross-check, not an independent likelihood. Invariant calls agree across the individual and selected soft-prevalence models, marker densities, leave-one-chromosome analyses, model sensitivities, and the painted-child transmission cross-check."
fTroAst25,2021cicX13611460,father,M,F1,fTroAst13,2021cicX13611474,F2,Tier_B_additional_identity,False,True,False,0.5225,fTroAst25:0.523;fTroAst11:0.364;fTroAst18:0.079,2,False,True,two_parent__C_mother_stable_father_ambiguous,B_exact_pair,two_parent,True,-581071.6491602454,"T08 child painting is a correlated cross-check, not an independent likelihood. Invariant calls agree across the individual and selected soft-prevalence models, marker densities, leave-one-chromosome analyses, model sensitivities, and the painted-child transmission cross-check."
fTroAst12,2021cicX13611466,mother,F,F1,fTroAst13,2021cicX13611474,F2,Tier_A_strict_identity,True,True,False,0.9995,fTroAst12:1.000,2,False,True,two_parent__C_mother_stable_father_ambiguous,B_exact_pair,two_parent,True,-581071.6491602454,"T08 child painting is a correlated cross-check, not an independent likelihood. Invariant calls agree across the individual and selected soft-prevalence models, marker densities, leave-one-chromosome analyses, model sensitivities, and the painted-child transmission cross-check."
fTroAst18,2021cicX13611459,father,M,F1,fTroAst20,2021cicX13611475,F2,Tier_B_additional_identity,False,True,False,0.5325,fTroAst18:0.533;fTroAst11:0.289;fTroAst25:0.157,2,False,True,two_parent__C_mother_stable_father_ambiguous,B_exact_pair,two_parent,True,-576735.1652147374,"T08 child painting is a correlated cross-check, not an independent likelihood. Invariant calls agree across the individual and selected soft-prevalence models, marker densities, leave-one-chromosome analyses, model sensitivities, and the painted-child transmission cross-check."
fTroAst26,2021cicX13611468,mother,F,F1,fTroAst20,2021cicX13611475,F2,Tier_A_strict_identity,True,True,False,0.9785,fTroAst26:0.979,2,False,True,two_parent__C_mother_stable_father_ambiguous,B_exact_pair,two_parent,True,-576735.1652147374,"T08 child painting is a correlated cross-check, not an independent likelihood. Invariant calls agree across the individual and selected soft-prevalence models, marker densities, leave-one-chromosome analyses, model sensitivities, and the painted-child transmission cross-check."
fTroAst11,2021cicX13611458,father,M,F1,fTroAst27,2021cicX13611476,F2,Tier_B_additional_identity,False,True,False,0.6065,fTroAst11:0.607;fTroAst18:0.237;fTroAst25:0.151,2,False,True,two_parent__C_mother_stable_father_ambiguous,B_exact_pair,two_parent,True,-493451.0530224065,"T08 child painting is a correlated cross-check, not an independent likelihood. Invariant calls agree across the individual and selected soft-prevalence models, marker densities, leave-one-chromosome analyses, model sensitivities, and the painted-child transmission cross-check."
fTroAst19,2021cicX13611467,mother,F,F1,fTroAst27,2021cicX13611476,F2,Tier_A_strict_identity,True,True,False,0.9975,fTroAst19:0.998,2,False,True,two_parent__C_mother_stable_father_ambiguous,B_exact_pair,two_parent,True,-493451.0530224065,"T08 child painting is a correlated cross-check, not an independent likelihood. Invariant calls agree across the individual and selected soft-prevalence models, marker densities, leave-one-chromosome analyses, model sensitivities, and the painted-child transmission cross-check."
fTroAst49,2021cicX13611464,father,M,F1,fTroAst33,2021cicX13611477,F2,Tier_A_strict_identity,True,True,False,0.6675,fTroAst49:0.667;fTroAst55:0.175;fTroAst31:0.065;fTroAst43:0.050,2,True,True,two_parent__A_exact_multigeneration_stable,A_exact_pair,two_parent,True,-589220.3452053522,"T08 child painting is a correlated cross-check, not an independent likelihood. Invariant calls agree across the individual and selected soft-prevalence models, marker densities, leave-one-chromosome analyses, model sensitivities, and the painted-child transmission cross-check."
fTroAst12,2021cicX13611466,mother,F,F1,fTroAst33,2021cicX13611477,F2,Tier_A_strict_identity,True,True,False,0.7665,fTroAst12:0.766;fTroAst38:0.191,2,True,True,two_parent__A_exact_multigeneration_stable,A_exact_pair,two_parent,True,-589220.3452053522,"T08 child painting is a correlated cross-check, not an independent likelihood. Invariant calls agree across the individual and selected soft-prevalence models, marker densities, leave-one-chromosome analyses, model sensitivities, and the painted-child transmission cross-check."
fTroAst49,2021cicX13611464,father,M,F1,fTroAst39,2021cicX13611478,F2,Forced_completion_uncertain,False,False,True,0.3845,fTroAst49:0.385;fTroAst18:0.324;fTroAst55:0.227;fTroAst11:0.026,2,False,False,forced_complete_working_hypothesis_uncertain_father,D_forced_completion_not_established,mother_only,False,-830524.7150297305,"Father fTroAst49 is a forced completion conditional on retaining mother fTroAst12 and assuming an observed F1 father exists; it is not established parentage. Conditional support: 55.3% chromosome bootstrap, 6/7 variants, 19/22 LOCO; principal alternative fTroAst18. Original V9 parent-count result remains mother_only (two_parent:0.507;mother_only:0.479)."
fTroAst12,2021cicX13611466,mother,F,F1,fTroAst39,2021cicX13611478,F2,Tier_B_additional_identity,False,True,False,0.9455,fTroAst12:0.946;fTroAst38:0.054,2,False,False,forced_complete_working_hypothesis_uncertain_father,D_forced_completion_not_established,mother_only,False,-830524.7150297305,"T08 child painting is a correlated cross-check, not an independent likelihood. Invariant calls agree across the individual and selected soft-prevalence models, marker densities, leave-one-chromosome analyses, model sensitivities, and the painted-child transmission cross-check. Father fTroAst49 is a forced completion conditional on retaining mother fTroAst12 and assuming an observed F1 father exists; it is not established parentage. Conditional support: 55.3% chromosome bootstrap, 6/7 variants, 19/22 LOCO; principal alternative fTroAst18. Original V9 parent-count result remains mother_only (two_parent:0.507;mother_only:0.479)."
fTroAst18,2021cicX13611459,father,M,F1,fTroAst45,2021cicX13611479,F2,Tier_A_strict_identity,True,True,False,0.635,fTroAst18:0.635;fTroAst11:0.186;fTroAst25:0.129;fTroAst31:0.042,2,True,True,two_parent__A_exact_multigeneration_stable,A_exact_pair,two_parent,True,-547533.6695073424,"T08 child painting is a correlated cross-check, not an independent likelihood. Invariant calls agree across the individual and selected soft-prevalence models, marker densities, leave-one-chromosome analyses, model sensitivities, and the painted-child transmission cross-check."
fTroAst26,2021cicX13611468,mother,F,F1,fTroAst45,2021cicX13611479,F2,Tier_A_strict_identity,True,True,False,0.9565,fTroAst26:0.957,2,True,True,two_parent__A_exact_multigeneration_stable,A_exact_pair,two_parent,True,-547533.6695073424,"T08 child painting is a correlated cross-check, not an independent likelihood. Invariant calls agree across the individual and selected soft-prevalence models, marker densities, leave-one-chromosome analyses, model sensitivities, and the painted-child transmission cross-check."
fTroAst18,2021cicX13611459,father,M,F1,fTroAst51,2021cicX13611480,F2,Tier_A_strict_identity,True,True,False,0.7205,fTroAst18:0.721;fTroAst25:0.111;fTroAst11:0.089;fTroAst37:0.058,2,False,False,B_parent_count_ambiguous_shared_parent_identity_stable,A_one_parent_identity,two_parent,False,-618094.6937922798,"T08 child painting is a correlated cross-check, not an independent likelihood. Invariant calls agree across the individual and selected soft-prevalence models, marker densities, leave-one-chromosome analyses, model sensitivities, and the painted-child transmission cross-check."
fTroAst56,2021cicX13611473,mother,F,F1,fTroAst51,2021cicX13611480,F2,Leading_hypothesis_below_Tier_B,False,False,False,0.3915,fTroAst56:0.392;fTroAst26:0.194;fTroAst44:0.142;fTroAst12:0.104;fTroAst19:0.060;fTroAst32:0.059,2,False,False,B_parent_count_ambiguous_shared_parent_identity_stable,A_one_parent_identity,two_parent,False,-618094.6937922798,"T08 child painting is a correlated cross-check, not an independent likelihood. Invariant calls agree across the individual and selected soft-prevalence models, marker densities, leave-one-chromosome analyses, model sensitivities, and the painted-child transmission cross-check."
fTroAst11,2021cicX13611458,father,M,F1,fTroAst57,2021cicX13611481,F2,Forced_completion_uncertain,False,False,True,0.633,fTroAst11:0.633;fTroAst25:0.322,2,False,False,forced_complete_working_hypothesis_uncertain_father,D_forced_completion_not_established,mother_only,True,-679414.060001852,"Father fTroAst11 is a forced completion conditional on retaining mother fTroAst56 and assuming an observed F1 father exists; it is not established parentage. Conditional support: 59.1% chromosome bootstrap, 6/7 variants, 19/22 LOCO; principal alternative fTroAst25. Original V9 parent-count result remains mother_only (mother_only:0.777;father_only:0.223)."
fTroAst56,2021cicX13611473,mother,F,F1,fTroAst57,2021cicX13611481,F2,Tier_A_strict_identity,True,True,False,0.715,fTroAst56:0.715;fTroAst32:0.104;fTroAst19:0.093;fTroAst50:0.073,2,False,False,forced_complete_working_hypothesis_uncertain_father,D_forced_completion_not_established,mother_only,True,-679414.060001852,"T08 child painting is a correlated cross-check, not an independent likelihood. Invariant calls agree across the individual and selected soft-prevalence models, marker densities, leave-one-chromosome analyses, model sensitivities, and the painted-child transmission cross-check. Father fTroAst11 is a forced completion conditional on retaining mother fTroAst56 and assuming an observed F1 father exists; it is not established parentage. Conditional support: 59.1% chromosome bootstrap, 6/7 variants, 19/22 LOCO; principal alternative fTroAst25. Original V9 parent-count result remains mother_only (mother_only:0.777;father_only:0.223)."
fTroAst18,2021cicX13611459,father,M,F1,fTroAst14,2021cicX13611482,F2,Tier_B_additional_identity,False,True,False,0.6525,fTroAst18:0.653;fTroAst11:0.242;fTroAst25:0.106,2,False,False,two_parent__E_competing_parental_hypotheses,B_both_parent_identities_pair_ambiguous,two_parent,True,-658940.6942948205,"T08 child painting is a correlated cross-check, not an independent likelihood. Invariant calls agree across the individual and selected soft-prevalence models, marker densities, leave-one-chromosome analyses, model sensitivities, and the painted-child transmission cross-check."
fTroAst12,2021cicX13611466,mother,F,F1,fTroAst14,2021cicX13611482,F2,Tier_B_additional_identity,False,True,False,0.5685,fTroAst12:0.569;fTroAst38:0.428,2,False,False,two_parent__E_competing_parental_hypotheses,B_both_parent_identities_pair_ambiguous,two_parent,True,-658940.6942948205,"T08 child painting is a correlated cross-check, not an independent likelihood. Invariant calls agree across the individual and selected soft-prevalence models, marker densities, leave-one-chromosome analyses, model sensitivities, and the painted-child transmission cross-check."
fTroAst11,2021cicX13611458,father,M,F1,fTroAst21,2021cicX13611483,F2,Tier_A_strict_identity,True,True,False,0.591,fTroAst11:0.591;fTroAst25:0.289;fTroAst43:0.054;fTroAst37:0.047,2,False,False,two_parent__C_father_stable_mother_ambiguous,A_one_parent_identity,two_parent,True,-649168.3221733938,"T08 child painting is a correlated cross-check, not an independent likelihood. Invariant calls agree across the individual and selected soft-prevalence models, marker densities, leave-one-chromosome analyses, model sensitivities, and the painted-child transmission cross-check."
fTroAst56,2021cicX13611473,mother,F,F1,fTroAst21,2021cicX13611483,F2,Leading_hypothesis_below_Tier_B,False,False,False,0.483,fTroAst56:0.483;fTroAst32:0.231;fTroAst19:0.183;fTroAst44:0.057,2,False,False,two_parent__C_father_stable_mother_ambiguous,A_one_parent_identity,two_parent,True,-649168.3221733938,"T08 child painting is a correlated cross-check, not an independent likelihood. Invariant calls agree across the individual and selected soft-prevalence models, marker densities, leave-one-chromosome analyses, model sensitivities, and the painted-child transmission cross-check."
fTroAst49,2021cicX13611464,father,M,F1,fTroAst28,2021cicX13611484,F2,Leading_hypothesis_below_Tier_B,False,False,False,0.7035,fTroAst49:0.704;fTroAst18:0.108;fTroAst25:0.085;fTroAst31:0.069,2,False,False,B_parent_count_ambiguous_shared_parent_identity_stable,A_one_parent_identity,two_parent,False,-796795.7712214398,"T08 child painting is a correlated cross-check, not an independent likelihood. Invariant calls agree across the individual and selected soft-prevalence models, marker densities, leave-one-chromosome analyses, model sensitivities, and the painted-child transmission cross-check."
fTroAst12,2021cicX13611466,mother,F,F1,fTroAst28,2021cicX13611484,F2,Tier_A_strict_identity,True,True,False,0.821,fTroAst12:0.821;fTroAst38:0.172,2,False,False,B_parent_count_ambiguous_shared_parent_identity_stable,A_one_parent_identity,two_parent,False,-796795.7712214398,"T08 child painting is a correlated cross-check, not an independent likelihood. Invariant calls agree across the individual and selected soft-prevalence models, marker densities, leave-one-chromosome analyses, model sensitivities, and the painted-child transmission cross-check."
fTroAst11,2021cicX13611458,father,M,F1,fTroAst34,2021cicX13611485,F2,Tier_A_strict_identity,True,True,False,0.64,fTroAst11:0.640;fTroAst25:0.172;fTroAst18:0.107;fTroAst37:0.079,2,False,False,two_parent__C_father_stable_mother_ambiguous,A_one_parent_identity,two_parent,True,-804427.1162257944,"T08 child painting is a correlated cross-check, not an independent likelihood. Invariant calls agree across the individual and selected soft-prevalence models, marker densities, leave-one-chromosome analyses, model sensitivities, and the painted-child transmission cross-check."
fTroAst26,2021cicX13611468,mother,F,F1,fTroAst34,2021cicX13611485,F2,Leading_hypothesis_below_Tier_B,False,False,False,0.3235,fTroAst26:0.324;fTroAst19:0.298;fTroAst56:0.195;fTroAst32:0.071;fTroAst38:0.046;fTroAst12:0.032,2,False,False,two_parent__C_father_stable_mother_ambiguous,A_one_parent_identity,two_parent,True,-804427.1162257944,"T08 child painting is a correlated cross-check, not an independent likelihood. Invariant calls agree across the individual and selected soft-prevalence models, marker densities, leave-one-chromosome analyses, model sensitivities, and the painted-child transmission cross-check."
fTroAst55,2021cicX13611465,father,M,F1,fTroAst40,2021cicX13611486,F2,Leading_hypothesis_below_Tier_B,False,False,False,0.355,fTroAst25:0.355;fTroAst55:0.270;fTroAst43:0.211;fTroAst31:0.070;fTroAst11:0.048,2,False,False,U_parent_count_or_identity_unresolved,B_one_parent_identity,two_parent,False,-586298.8552082377,"T08 child painting is a correlated cross-check, not an independent likelihood. Invariant calls agree across the individual and selected soft-prevalence models, marker densities, leave-one-chromosome analyses, model sensitivities, and the painted-child transmission cross-check."
fTroAst38,2021cicX13611470,mother,F,F1,fTroAst40,2021cicX13611486,F2,Tier_B_additional_identity,False,True,False,0.5715,fTroAst38:0.572;fTroAst12:0.417,2,False,False,U_parent_count_or_identity_unresolved,B_one_parent_identity,two_parent,False,-586298.8552082377,"T08 child painting is a correlated cross-check, not an independent likelihood. Invariant calls agree across the individual and selected soft-prevalence models, marker densities, leave-one-chromosome analyses, model sensitivities, and the painted-child transmission cross-check."
fTroAst43,2021cicX13611463,father,M,F1,fTroAst46,2021cicX13611487,F2,Leading_hypothesis_below_Tier_B,False,False,False,0.3895,fTroAst43:0.390;fTroAst25:0.312;fTroAst31:0.115;fTroAst18:0.078;fTroAst11:0.049;fTroAst49:0.034,2,False,False,U_parent_count_or_identity_unresolved,C_not_yet_defined,two_parent,False,-807590.9280460072,"T08 child painting is a correlated cross-check, not an independent likelihood. Invariant calls agree across the individual and selected soft-prevalence models, marker densities, leave-one-chromosome analyses, model sensitivities, and the painted-child transmission cross-check."
fTroAst38,2021cicX13611470,mother,F,F1,fTroAst46,2021cicX13611487,F2,Leading_hypothesis_below_Tier_B,False,False,False,0.6025,fTroAst12:0.603;fTroAst38:0.392,2,False,False,U_parent_count_or_identity_unresolved,C_not_yet_defined,two_parent,False,-807590.9280460072,"T08 child painting is a correlated cross-check, not an independent likelihood. Invariant calls agree across the individual and selected soft-prevalence models, marker densities, leave-one-chromosome analyses, model sensitivities, and the painted-child transmission cross-check."
fTroAst25,2021cicX13611460,father,M,F1,fTroAst52,2021cicX13611488,F2,Tier_A_strict_identity,True,True,False,0.7615,fTroAst25:0.761;fTroAst31:0.101;fTroAst11:0.079;fTroAst43:0.041,2,False,True,two_parent__C_father_stable_mother_ambiguous,B_exact_pair,two_parent,True,-576597.2833818868,"T08 child painting is a correlated cross-check, not an independent likelihood. Invariant calls agree across the individual and selected soft-prevalence models, marker densities, leave-one-chromosome analyses, model sensitivities, and the painted-child transmission cross-check."
fTroAst12,2021cicX13611466,mother,F,F1,fTroAst52,2021cicX13611488,F2,Tier_B_additional_identity,False,True,False,0.6005,fTroAst12:0.601;fTroAst38:0.380,2,False,True,two_parent__C_father_stable_mother_ambiguous,B_exact_pair,two_parent,True,-576597.2833818868,"T08 child painting is a correlated cross-check, not an independent likelihood. Invariant calls agree across the individual and selected soft-prevalence models, marker densities, leave-one-chromosome analyses, model sensitivities, and the painted-child transmission cross-check."
fTroAst25,2021cicX13611460,father,M,F1,fTroAst58,2021cicX13611489,F2,Forced_completion_uncertain,False,False,True,0.5665,fTroAst25:0.567;fTroAst11:0.270;fTroAst18:0.145,2,False,False,forced_complete_working_hypothesis_uncertain_father,D_forced_completion_not_established,mother_only,True,-663797.9950089045,"Father fTroAst25 is a forced completion conditional on retaining mother fTroAst26 and assuming an observed F1 father exists; it is not established parentage. Conditional support: 56.4% chromosome bootstrap, 7/7 variants, 20/22 LOCO; principal alternative fTroAst11. Original V9 parent-count result remains mother_only (mother_only:1.000)."
fTroAst26,2021cicX13611468,mother,F,F1,fTroAst58,2021cicX13611489,F2,Tier_A_strict_identity,True,True,False,1.0,fTroAst26:1.000,2,False,False,forced_complete_working_hypothesis_uncertain_father,D_forced_completion_not_established,mother_only,True,-663797.9950089045,"T08 child painting is a correlated cross-check, not an independent likelihood. Invariant calls agree across the individual and selected soft-prevalence models, marker densities, leave-one-chromosome analyses, model sensitivities, and the painted-child transmission cross-check. Father fTroAst25 is a forced completion conditional on retaining mother fTroAst26 and assuming an observed F1 father exists; it is not established parentage. Conditional support: 56.4% chromosome bootstrap, 7/7 variants, 20/22 LOCO; principal alternative fTroAst11. Original V9 parent-count result remains mother_only (mother_only:1.000)."
fTroAst11,2021cicX13611458,father,M,F1,fTroAst15,2021cicX13611490,F2,Tier_A_strict_identity,True,True,False,0.9395,fTroAst11:0.940;fTroAst37:0.053,2,True,True,two_parent__A_exact_multigeneration_stable,A_exact_pair,two_parent,True,-899112.2576273074,"T08 child painting is a correlated cross-check, not an independent likelihood. Invariant calls agree across the individual and selected soft-prevalence models, marker densities, leave-one-chromosome analyses, model sensitivities, and the painted-child transmission cross-check."
fTroAst56,2021cicX13611473,mother,F,F1,fTroAst15,2021cicX13611490,F2,Tier_A_strict_identity,True,True,False,0.5095,fTroAst56:0.509;fTroAst32:0.143;fTroAst50:0.102;fTroAst26:0.101;fTroAst19:0.050;fTroAst44:0.042;fTroAst38:0.036,2,True,True,two_parent__A_exact_multigeneration_stable,A_exact_pair,two_parent,True,-899112.2576273074,"T08 child painting is a correlated cross-check, not an independent likelihood. Invariant calls agree across the individual and selected soft-prevalence models, marker densities, leave-one-chromosome analyses, model sensitivities, and the painted-child transmission cross-check."
fTroAst43,2021cicX13611463,father,M,F1,fTroAst22,2021cicX13611491,F2,Tier_A_strict_identity,True,True,False,0.9995,fTroAst43:1.000,2,True,True,two_parent__A_exact_multigeneration_stable,A_exact_pair,two_parent,True,-648144.7112715775,"T08 child painting is a correlated cross-check, not an independent likelihood. Invariant calls agree across the individual and selected soft-prevalence models, marker densities, leave-one-chromosome analyses, model sensitivities, and the painted-child transmission cross-check."
fTroAst12,2021cicX13611466,mother,F,F1,fTroAst22,2021cicX13611491,F2,Tier_A_strict_identity,True,True,False,0.731,fTroAst12:0.731;fTroAst38:0.178;fTroAst32:0.058,2,True,True,two_parent__A_exact_multigeneration_stable,A_exact_pair,two_parent,True,-648144.7112715775,"T08 child painting is a correlated cross-check, not an independent likelihood. Invariant calls agree across the individual and selected soft-prevalence models, marker densities, leave-one-chromosome analyses, model sensitivities, and the painted-child transmission cross-check."
fTroAst55,2021cicX13611465,father,M,F1,fTroAst29,2021cicX13611492,F2,Tier_A_strict_identity,True,True,False,0.8875,fTroAst55:0.888;fTroAst31:0.079,2,True,True,two_parent__A_exact_multigeneration_stable,A_exact_pair,two_parent,True,-657832.9812094225,"T08 child painting is a correlated cross-check, not an independent likelihood. Invariant calls agree across the individual and selected soft-prevalence models, marker densities, leave-one-chromosome analyses, model sensitivities, and the painted-child transmission cross-check."
fTroAst38,2021cicX13611470,mother,F,F1,fTroAst29,2021cicX13611492,F2,Tier_A_strict_identity,True,True,False,0.774,fTroAst38:0.774;fTroAst12:0.224,2,True,True,two_parent__A_exact_multigeneration_stable,A_exact_pair,two_parent,True,-657832.9812094225,"T08 child painting is a correlated cross-check, not an independent likelihood. Invariant calls agree across the individual and selected soft-prevalence models, marker densities, leave-one-chromosome analyses, model sensitivities, and the painted-child transmission cross-check."
fTroAst18,2021cicX13611459,father,M,F1,fTroAst35,2021cicX13611493,F2,Tier_A_strict_identity,True,True,False,0.7575,fTroAst18:0.757;fTroAst37:0.184;fTroAst11:0.057,2,True,True,two_parent__A_exact_multigeneration_stable,A_exact_pair,two_parent,True,-580252.3058406641,"T08 child painting is a correlated cross-check, not an independent likelihood. Invariant calls agree across the individual and selected soft-prevalence models, marker densities, leave-one-chromosome analyses, model sensitivities, and the painted-child transmission cross-check."
fTroAst56,2021cicX13611473,mother,F,F1,fTroAst35,2021cicX13611493,F2,Tier_A_strict_identity,True,True,False,0.5675,fTroAst56:0.568;fTroAst12:0.142;fTroAst50:0.090;fTroAst26:0.059;fTroAst32:0.048;fTroAst19:0.044,2,True,True,two_parent__A_exact_multigeneration_stable,A_exact_pair,two_parent,True,-580252.3058406641,"T08 child painting is a correlated cross-check, not an independent likelihood. Invariant calls agree across the individual and selected soft-prevalence models, marker densities, leave-one-chromosome analyses, model sensitivities, and the painted-child transmission cross-check."
fTroAst11,2021cicX13611458,father,M,F1,fTroAst41,2021cicX13611494,F2,Tier_A_strict_identity,True,True,False,0.726,fTroAst11:0.726;fTroAst25:0.161;fTroAst43:0.095,2,True,True,two_parent__A_exact_multigeneration_stable,A_exact_pair,two_parent,True,-533827.5070079886,"T08 child painting is a correlated cross-check, not an independent likelihood. Invariant calls agree across the individual and selected soft-prevalence models, marker densities, leave-one-chromosome analyses, model sensitivities, and the painted-child transmission cross-check."
fTroAst26,2021cicX13611468,mother,F,F1,fTroAst41,2021cicX13611494,F2,Tier_A_strict_identity,True,True,False,0.9895,fTroAst26:0.990,2,True,True,two_parent__A_exact_multigeneration_stable,A_exact_pair,two_parent,True,-533827.5070079886,"T08 child painting is a correlated cross-check, not an independent likelihood. Invariant calls agree across the individual and selected soft-prevalence models, marker densities, leave-one-chromosome analyses, model sensitivities, and the painted-child transmission cross-check."
fTroAst43,2021cicX13611463,father,M,F1,fTroAst47,2021cicX13611495,F2,Tier_A_strict_identity,True,True,False,0.9995,fTroAst43:1.000,2,False,False,two_parent__C_father_stable_mother_ambiguous,A_one_parent_identity,two_parent,True,-488376.8245185334,"T08 child painting is a correlated cross-check, not an independent likelihood. Invariant calls agree across the individual and selected soft-prevalence models, marker densities, leave-one-chromosome analyses, model sensitivities, and the painted-child transmission cross-check."
fTroAst32,2021cicX13611469,mother,F,F1,fTroAst47,2021cicX13611495,F2,Leading_hypothesis_below_Tier_B,False,False,False,0.314,fTroAst32:0.314;fTroAst50:0.304;fTroAst26:0.194;fTroAst19:0.157,2,False,False,two_parent__C_father_stable_mother_ambiguous,A_one_parent_identity,two_parent,True,-488376.8245185334,"T08 child painting is a correlated cross-check, not an independent likelihood. Invariant calls agree across the individual and selected soft-prevalence models, marker densities, leave-one-chromosome analyses, model sensitivities, and the painted-child transmission cross-check."
fTroAst11,2021cicX13611458,father,M,F1,fTroAst53,2021cicX13611496,F2,Tier_A_strict_identity,True,True,False,0.846,fTroAst11:0.846;fTroAst18:0.105,2,True,True,two_parent__A_exact_multigeneration_stable,A_exact_pair,two_parent,True,-544304.0969049498,"T08 child painting is a correlated cross-check, not an independent likelihood. Invariant calls agree across the individual and selected soft-prevalence models, marker densities, leave-one-chromosome analyses, model sensitivities, and the painted-child transmission cross-check."
fTroAst19,2021cicX13611467,mother,F,F1,fTroAst53,2021cicX13611496,F2,Tier_A_strict_identity,True,True,False,0.9995,fTroAst19:1.000,2,True,True,two_parent__A_exact_multigeneration_stable,A_exact_pair,two_parent,True,-544304.0969049498,"T08 child painting is a correlated cross-check, not an independent likelihood. Invariant calls agree across the individual and selected soft-prevalence models, marker densities, leave-one-chromosome analyses, model sensitivities, and the painted-child transmission cross-check."
fTroAst25,2021cicX13611460,father,M,F1,fTroAst59,2021cicX13611497,F2,Leading_hypothesis_below_Tier_B,False,False,False,0.4855,fTroAst25:0.485;fTroAst11:0.417;fTroAst37:0.079,2,False,False,two_parent__E_competing_parental_hypotheses,C_not_yet_defined,two_parent,True,-741068.460284425,"T08 child painting is a correlated cross-check, not an independent likelihood. Invariant calls agree across the individual and selected soft-prevalence models, marker densities, leave-one-chromosome analyses, model sensitivities, and the painted-child transmission cross-check."
fTroAst56,2021cicX13611473,mother,F,F1,fTroAst59,2021cicX13611497,F2,Leading_hypothesis_below_Tier_B,False,False,False,0.351,fTroAst56:0.351;fTroAst19:0.301;fTroAst32:0.094;fTroAst44:0.091;fTroAst26:0.075;fTroAst38:0.059,2,False,False,two_parent__E_competing_parental_hypotheses,C_not_yet_defined,two_parent,True,-741068.460284425,"T08 child painting is a correlated cross-check, not an independent likelihood. Invariant calls agree across the individual and selected soft-prevalence models, marker densities, leave-one-chromosome analyses, model sensitivities, and the painted-child transmission cross-check."
fTroAst18,2021cicX13611459,father,M,F1,fTroAst16,2021cicX13611498,F2,Leading_hypothesis_below_Tier_B,False,False,False,0.346,fTroAst37:0.346;fTroAst18:0.323;fTroAst11:0.161;fTroAst25:0.161,2,False,False,U_parent_count_or_identity_unresolved,C_not_yet_defined,two_parent,False,-753760.296339158,"T08 child painting is a correlated cross-check, not an independent likelihood. Invariant calls agree across the individual and selected soft-prevalence models, marker densities, leave-one-chromosome analyses, model sensitivities, and the painted-child transmission cross-check."
fTroAst56,2021cicX13611473,mother,F,F1,fTroAst16,2021cicX13611498,F2,Leading_hypothesis_below_Tier_B,False,False,False,0.348,fTroAst56:0.348;fTroAst12:0.229;fTroAst32:0.169;fTroAst38:0.127;fTroAst19:0.045;fTroAst44:0.035,2,False,False,U_parent_count_or_identity_unresolved,C_not_yet_defined,two_parent,False,-753760.296339158,"T08 child painting is a correlated cross-check, not an independent likelihood. Invariant calls agree across the individual and selected soft-prevalence models, marker densities, leave-one-chromosome analyses, model sensitivities, and the painted-child transmission cross-check."
fTroAst18,2021cicX13611459,father,M,F1,fTroAst23,2021cicX13611499,F2,Tier_A_strict_identity,True,True,False,0.7375,fTroAst18:0.738;fTroAst25:0.145;fTroAst11:0.089,2,False,False,two_parent__B_both_parents_stable_pair_ambiguous,A_both_parent_identities_pair_ambiguous,two_parent,True,-679874.3915716074,"T08 child painting is a correlated cross-check, not an independent likelihood. Invariant calls agree across the individual and selected soft-prevalence models, marker densities, leave-one-chromosome analyses, model sensitivities, and the painted-child transmission cross-check."
fTroAst26,2021cicX13611468,mother,F,F1,fTroAst23,2021cicX13611499,F2,Tier_A_strict_identity,True,True,False,0.5225,fTroAst26:0.522;fTroAst50:0.209;fTroAst19:0.152;fTroAst12:0.038;fTroAst56:0.036,2,False,False,two_parent__B_both_parents_stable_pair_ambiguous,A_both_parent_identities_pair_ambiguous,two_parent,True,-679874.3915716074,"T08 child painting is a correlated cross-check, not an independent likelihood. Invariant calls agree across the individual and selected soft-prevalence models, marker densities, leave-one-chromosome analyses, model sensitivities, and the painted-child transmission cross-check."
fTroAst43,2021cicX13611463,father,M,F1,fTroAst30,2021cicX13611500,F2,Tier_A_strict_identity,True,True,False,0.995,fTroAst43:0.995,2,False,False,B_parent_count_ambiguous_shared_parent_identity_stable,A_one_parent_identity,two_parent,False,-597685.2299108678,"T08 child painting is a correlated cross-check, not an independent likelihood. Invariant calls agree across the individual and selected soft-prevalence models, marker densities, leave-one-chromosome analyses, model sensitivities, and the painted-child transmission cross-check."
fTroAst44,2021cicX13611471,mother,F,F1,fTroAst30,2021cicX13611500,F2,Leading_hypothesis_below_Tier_B,False,False,False,0.4175,fTroAst12:0.417;fTroAst44:0.289;fTroAst32:0.145;fTroAst19:0.071;fTroAst26:0.045,2,False,False,B_parent_count_ambiguous_shared_parent_identity_stable,A_one_parent_identity,two_parent,False,-597685.2299108678,"T08 child painting is a correlated cross-check, not an independent likelihood. Invariant calls agree across the individual and selected soft-prevalence models, marker densities, leave-one-chromosome analyses, model sensitivities, and the painted-child transmission cross-check."
fTroAst49,2021cicX13611464,father,M,F1,fTroAst36,2021cicX13611501,F2,Leading_hypothesis_below_Tier_B,False,False,False,0.4465,fTroAst49:0.447;fTroAst18:0.339;fTroAst55:0.096;fTroAst31:0.086,2,False,False,two_parent__C_mother_stable_father_ambiguous,A_one_parent_identity,two_parent,True,-750336.7115903818,"T08 child painting is a correlated cross-check, not an independent likelihood. Invariant calls agree across the individual and selected soft-prevalence models, marker densities, leave-one-chromosome analyses, model sensitivities, and the painted-child transmission cross-check."
fTroAst12,2021cicX13611466,mother,F,F1,fTroAst36,2021cicX13611501,F2,Tier_A_strict_identity,True,True,False,0.815,fTroAst12:0.815;fTroAst38:0.185,2,False,False,two_parent__C_mother_stable_father_ambiguous,A_one_parent_identity,two_parent,True,-750336.7115903818,"T08 child painting is a correlated cross-check, not an independent likelihood. Invariant calls agree across the individual and selected soft-prevalence models, marker densities, leave-one-chromosome analyses, model sensitivities, and the painted-child transmission cross-check."
fTroAst18,2021cicX13611459,father,M,F1,fTroAst42,2021cicX13611502,F2,Tier_A_strict_identity,True,True,False,0.9685,fTroAst18:0.969,2,True,True,two_parent__A_exact_multigeneration_stable,A_exact_pair,two_parent,True,-491973.642965653,"T08 child painting is a correlated cross-check, not an independent likelihood. Invariant calls agree across the individual and selected soft-prevalence models, marker densities, leave-one-chromosome analyses, model sensitivities, and the painted-child transmission cross-check."
fTroAst12,2021cicX13611466,mother,F,F1,fTroAst42,2021cicX13611502,F2,Tier_A_strict_identity,True,True,False,0.951,fTroAst12:0.951,2,True,True,two_parent__A_exact_multigeneration_stable,A_exact_pair,two_parent,True,-491973.642965653,"T08 child painting is a correlated cross-check, not an independent likelihood. Invariant calls agree across the individual and selected soft-prevalence models, marker densities, leave-one-chromosome analyses, model sensitivities, and the painted-child transmission cross-check."
fTroAst18,2021cicX13611459,father,M,F1,fTroAst48,2021cicX13611503,F2,Leading_hypothesis_below_Tier_B,False,False,False,0.37,fTroAst25:0.370;fTroAst18:0.342;fTroAst11:0.162;fTroAst37:0.120,2,False,False,two_parent__E_competing_parental_hypotheses,C_not_yet_defined,two_parent,True,-647964.1304702149,"T08 child painting is a correlated cross-check, not an independent likelihood. Invariant calls agree across the individual and selected soft-prevalence models, marker densities, leave-one-chromosome analyses, model sensitivities, and the painted-child transmission cross-check."
fTroAst56,2021cicX13611473,mother,F,F1,fTroAst48,2021cicX13611503,F2,Leading_hypothesis_below_Tier_B,False,False,False,0.3835,fTroAst56:0.384;fTroAst32:0.174;fTroAst26:0.141;fTroAst44:0.082;fTroAst38:0.070;fTroAst50:0.059;fTroAst12:0.051,2,False,False,two_parent__E_competing_parental_hypotheses,C_not_yet_defined,two_parent,True,-647964.1304702149,"T08 child painting is a correlated cross-check, not an independent likelihood. Invariant calls agree across the individual and selected soft-prevalence models, marker densities, leave-one-chromosome analyses, model sensitivities, and the painted-child transmission cross-check."
fTroAst18,2021cicX13611459,father,M,F1,fTroAst54,2021cicX13611504,F2,Tier_B_additional_identity,False,True,False,0.5175,fTroAst18:0.518;fTroAst25:0.321;fTroAst11:0.127,2,False,False,two_parent__C_mother_stable_father_ambiguous,B_both_parent_identities_pair_ambiguous,two_parent,True,-560258.916371794,"T08 child painting is a correlated cross-check, not an independent likelihood. Invariant calls agree across the individual and selected soft-prevalence models, marker densities, leave-one-chromosome analyses, model sensitivities, and the painted-child transmission cross-check."
fTroAst38,2021cicX13611470,mother,F,F1,fTroAst54,2021cicX13611504,F2,Tier_A_strict_identity,True,True,False,0.772,fTroAst38:0.772;fTroAst12:0.205,2,False,False,two_parent__C_mother_stable_father_ambiguous,B_both_parent_identities_pair_ambiguous,two_parent,True,-560258.916371794,"T08 child painting is a correlated cross-check, not an independent likelihood. Invariant calls agree across the individual and selected soft-prevalence models, marker densities, leave-one-chromosome analyses, model sensitivities, and the painted-child transmission cross-check."
fTroAst11,2021cicX13611458,father,M,F1,fTroAst60,2021cicX13611505,F2,Leading_hypothesis_below_Tier_B,False,False,False,0.382,fTroAst11:0.382;fTroAst18:0.327;fTroAst25:0.242,2,False,False,two_parent__C_mother_stable_father_ambiguous,A_one_parent_identity,two_parent,True,-715195.417216938,"T08 child painting is a correlated cross-check, not an independent likelihood. Invariant calls agree across the individual and selected soft-prevalence models, marker densities, leave-one-chromosome analyses, model sensitivities, and the painted-child transmission cross-check."
fTroAst12,2021cicX13611466,mother,F,F1,fTroAst60,2021cicX13611505,F2,Tier_A_strict_identity,True,True,False,0.707,fTroAst12:0.707;fTroAst38:0.149;fTroAst32:0.056;fTroAst44:0.053,2,False,False,two_parent__C_mother_stable_father_ambiguous,A_one_parent_identity,two_parent,True,-715195.417216938,"T08 child painting is a correlated cross-check, not an independent likelihood. Invariant calls agree across the individual and selected soft-prevalence models, marker densities, leave-one-chromosome analyses, model sensitivities, and the painted-child transmission cross-check."
fTroAst25,2021cicX13611460,father,M,F1,fTroAst17,2021cicX13611506,F2,Leading_hypothesis_below_Tier_B,False,False,False,0.472,fTroAst25:0.472;fTroAst18:0.233;fTroAst37:0.173;fTroAst11:0.107,2,False,False,two_parent__C_mother_stable_father_ambiguous,A_one_parent_identity,two_parent,True,-651129.653883737,"T08 child painting is a correlated cross-check, not an independent likelihood. Invariant calls agree across the individual and selected soft-prevalence models, marker densities, leave-one-chromosome analyses, model sensitivities, and the painted-child transmission cross-check."
fTroAst56,2021cicX13611473,mother,F,F1,fTroAst17,2021cicX13611506,F2,Tier_A_strict_identity,True,True,False,0.624,fTroAst56:0.624;fTroAst12:0.146;fTroAst26:0.075;fTroAst32:0.067;fTroAst38:0.030;fTroAst44:0.028,2,False,False,two_parent__C_mother_stable_father_ambiguous,A_one_parent_identity,two_parent,True,-651129.653883737,"T08 child painting is a correlated cross-check, not an independent likelihood. Invariant calls agree across the individual and selected soft-prevalence models, marker densities, leave-one-chromosome analyses, model sensitivities, and the painted-child transmission cross-check."
fTroAst37,2021cicX13611462,father,M,F1,fTroAst24,2021cicX13611507,F2,Leading_hypothesis_below_Tier_B,False,False,False,0.386,fTroAst37:0.386;fTroAst18:0.206;fTroAst11:0.176;fTroAst31:0.101;fTroAst25:0.073;fTroAst49:0.041,2,False,False,U_parent_count_or_identity_unresolved,C_not_yet_defined,two_parent,False,-785071.2225316241,"T08 child painting is a correlated cross-check, not an independent likelihood. Invariant calls agree across the individual and selected soft-prevalence models, marker densities, leave-one-chromosome analyses, model sensitivities, and the painted-child transmission cross-check."
fTroAst38,2021cicX13611470,mother,F,F1,fTroAst24,2021cicX13611507,F2,Leading_hypothesis_below_Tier_B,False,False,False,0.3885,fTroAst56:0.389;fTroAst38:0.264;fTroAst44:0.214;fTroAst12:0.124,2,False,False,U_parent_count_or_identity_unresolved,C_not_yet_defined,two_parent,False,-785071.2225316241,"T08 child painting is a correlated cross-check, not an independent likelihood. Invariant calls agree across the individual and selected soft-prevalence models, marker densities, leave-one-chromosome analyses, model sensitivities, and the painted-child transmission cross-check."
fTroAst43,2021cicX13611463,father,M,F1,fTroAst61,2021cicX13611508,F2,Tier_A_strict_identity,True,True,False,0.9995,fTroAst43:1.000,2,False,True,two_parent__C_father_stable_mother_ambiguous,B_exact_pair,two_parent,True,-576822.7926024366,"T08 child painting is a correlated cross-check, not an independent likelihood. Invariant calls agree across the individual and selected soft-prevalence models, marker densities, leave-one-chromosome analyses, model sensitivities, and the painted-child transmission cross-check."
fTroAst12,2021cicX13611466,mother,F,F1,fTroAst61,2021cicX13611508,F2,Tier_B_additional_identity,False,True,False,0.5415,fTroAst12:0.541;fTroAst32:0.383;fTroAst38:0.032,2,False,True,two_parent__C_father_stable_mother_ambiguous,B_exact_pair,two_parent,True,-576822.7926024366,"T08 child painting is a correlated cross-check, not an independent likelihood. Invariant calls agree across the individual and selected soft-prevalence models, marker densities, leave-one-chromosome analyses, model sensitivities, and the painted-child transmission cross-check."
fTroAst37,2021cicX13611462,father,M,F1,fTroAst62,2021cicX13611509,F2,Tier_A_strict_identity,True,True,False,0.726,fTroAst37:0.726;fTroAst11:0.165;fTroAst43:0.032;fTroAst18:0.025;fTroAst49:0.019,2,True,True,two_parent__A_exact_multigeneration_stable,A_exact_pair,two_parent,True,-790572.3756070375,"T08 child painting is a correlated cross-check, not an independent likelihood. Invariant calls agree across the individual and selected soft-prevalence models, marker densities, leave-one-chromosome analyses, model sensitivities, and the painted-child transmission cross-check."
fTroAst12,2021cicX13611466,mother,F,F1,fTroAst62,2021cicX13611509,F2,Tier_A_strict_identity,True,True,False,0.6585,fTroAst12:0.659;fTroAst44:0.213;fTroAst38:0.074;fTroAst56:0.035,2,True,True,two_parent__A_exact_multigeneration_stable,A_exact_pair,two_parent,True,-790572.3756070375,"T08 child painting is a correlated cross-check, not an independent likelihood. Invariant calls agree across the individual and selected soft-prevalence models, marker densities, leave-one-chromosome analyses, model sensitivities, and the painted-child transmission cross-check."
fTroAst25,2021cicX13611460,father,M,F1,fTroAst63,2021cicX14537282,F2,Tier_B_additional_identity,False,True,False,0.603,fTroAst25:0.603;fTroAst43:0.168;fTroAst31:0.104;fTroAst11:0.098,2,False,False,U_parent_count_or_identity_unresolved,B_one_parent_identity,two_parent,False,-1059341.030236628,"T08 child painting is a correlated cross-check, not an independent likelihood. Invariant calls agree across the individual and selected soft-prevalence models, marker densities, leave-one-chromosome analyses, model sensitivities, and the painted-child transmission cross-check."
fTroAst12,2021cicX13611466,mother,F,F1,fTroAst63,2021cicX14537282,F2,Leading_hypothesis_below_Tier_B,False,False,False,0.8,fTroAst12:0.800;fTroAst38:0.087;fTroAst32:0.069,2,False,False,U_parent_count_or_identity_unresolved,B_one_parent_identity,two_parent,False,-1059341.030236628,"T08 child painting is a correlated cross-check, not an independent likelihood. Invariant calls agree across the individual and selected soft-prevalence models, marker densities, leave-one-chromosome analyses, model sensitivities, and the painted-child transmission cross-check."
fTroAst43,2021cicX13611463,father,M,F1,fTroAst65,2021cicX14537283,F2,Tier_A_strict_identity,True,True,False,0.5735,fTroAst43:0.574;fTroAst11:0.231;fTroAst55:0.089;fTroAst49:0.041;fTroAst31:0.029,2,False,False,two_parent__C_father_stable_mother_ambiguous,A_one_parent_identity,two_parent,True,-641174.1404828504,"T08 child painting is a correlated cross-check, not an independent likelihood. Invariant calls agree across the individual and selected soft-prevalence models, marker densities, leave-one-chromosome analyses, model sensitivities, and the painted-child transmission cross-check."
fTroAst38,2021cicX13611470,mother,F,F1,fTroAst65,2021cicX14537283,F2,Leading_hypothesis_below_Tier_B,False,False,False,0.4895,fTroAst12:0.489;fTroAst38:0.358;fTroAst32:0.124,2,False,False,two_parent__C_father_stable_mother_ambiguous,A_one_parent_identity,two_parent,True,-641174.1404828504,"T08 child painting is a correlated cross-check, not an independent likelihood. Invariant calls agree across the individual and selected soft-prevalence models, marker densities, leave-one-chromosome analyses, model sensitivities, and the painted-child transmission cross-check."
fTroAst11,2021cicX13611458,father,M,F1,fTroAst67,2021cicX14537284,F2,Tier_B_additional_identity,False,True,False,0.528,fTroAst11:0.528;fTroAst37:0.395;fTroAst31:0.044,2,False,False,two_parent__E_competing_parental_hypotheses,B_one_parent_identity,two_parent,True,-809375.8030257351,"T08 child painting is a correlated cross-check, not an independent likelihood. Invariant calls agree across the individual and selected soft-prevalence models, marker densities, leave-one-chromosome analyses, model sensitivities, and the painted-child transmission cross-check."
fTroAst56,2021cicX13611473,mother,F,F1,fTroAst67,2021cicX14537284,F2,Leading_hypothesis_below_Tier_B,False,False,False,0.499,fTroAst56:0.499;fTroAst12:0.270;fTroAst38:0.121;fTroAst44:0.070,2,False,False,two_parent__E_competing_parental_hypotheses,B_one_parent_identity,two_parent,True,-809375.8030257351,"T08 child painting is a correlated cross-check, not an independent likelihood. Invariant calls agree across the individual and selected soft-prevalence models, marker densities, leave-one-chromosome analyses, model sensitivities, and the painted-child transmission cross-check."
fTroAst25,2021cicX13611460,father,M,F1,fTroAst68,2021cicX14537285,F2,Leading_hypothesis_below_Tier_B,False,False,False,0.5655,fTroAst25:0.566;fTroAst11:0.159;fTroAst18:0.102;fTroAst37:0.087;fTroAst31:0.080,2,False,False,U_parent_count_or_identity_unresolved,B_one_parent_identity,two_parent,False,-942829.7738705043,"T08 child painting is a correlated cross-check, not an independent likelihood. Invariant calls agree across the individual and selected soft-prevalence models, marker densities, leave-one-chromosome analyses, model sensitivities, and the painted-child transmission cross-check."
fTroAst56,2021cicX13611473,mother,F,F1,fTroAst68,2021cicX14537285,F2,Tier_B_additional_identity,False,True,False,0.584,fTroAst56:0.584;fTroAst32:0.133;fTroAst19:0.102;fTroAst12:0.053;fTroAst26:0.050;fTroAst38:0.034,2,False,False,U_parent_count_or_identity_unresolved,B_one_parent_identity,two_parent,False,-942829.7738705043,"T08 child painting is a correlated cross-check, not an independent likelihood. Invariant calls agree across the individual and selected soft-prevalence models, marker densities, leave-one-chromosome analyses, model sensitivities, and the painted-child transmission cross-check."
fTroAst18,2021cicX13611459,father,M,F1,fTroAst69,2021cicX14537286,F2,Tier_B_additional_identity,False,True,False,0.5575,fTroAst18:0.558;fTroAst25:0.303;fTroAst11:0.127,2,False,False,two_parent__E_competing_parental_hypotheses,B_one_parent_identity,two_parent,True,-592398.0080800173,"T08 child painting is a correlated cross-check, not an independent likelihood. Invariant calls agree across the individual and selected soft-prevalence models, marker densities, leave-one-chromosome analyses, model sensitivities, and the painted-child transmission cross-check."
fTroAst56,2021cicX13611473,mother,F,F1,fTroAst69,2021cicX14537286,F2,Leading_hypothesis_below_Tier_B,False,False,False,0.291,fTroAst56:0.291;fTroAst19:0.274;fTroAst32:0.233;fTroAst26:0.169,2,False,False,two_parent__E_competing_parental_hypotheses,B_one_parent_identity,two_parent,True,-592398.0080800173,"T08 child painting is a correlated cross-check, not an independent likelihood. Invariant calls agree across the individual and selected soft-prevalence models, marker densities, leave-one-chromosome analyses, model sensitivities, and the painted-child transmission cross-check."
fTroAst43,2021cicX13611463,father,M,F1,fTroAst70,2021cicX14537287,F2,Tier_B_additional_identity,False,True,False,0.71,fTroAst43:0.710;fTroAst11:0.152;fTroAst25:0.079;fTroAst31:0.034,2,False,True,U_parent_count_or_identity_unresolved,B_exact_pair,two_parent,False,-804896.9389236048,"T08 child painting is a correlated cross-check, not an independent likelihood. Invariant calls agree across the individual and selected soft-prevalence models, marker densities, leave-one-chromosome analyses, model sensitivities, and the painted-child transmission cross-check."
fTroAst38,2021cicX13611470,mother,F,F1,fTroAst70,2021cicX14537287,F2,Tier_B_additional_identity,False,True,False,0.7825,fTroAst38:0.782;fTroAst12:0.110;fTroAst32:0.086,2,False,True,U_parent_count_or_identity_unresolved,B_exact_pair,two_parent,False,-804896.9389236048,"T08 child painting is a correlated cross-check, not an independent likelihood. Invariant calls agree across the individual and selected soft-prevalence models, marker densities, leave-one-chromosome analyses, model sensitivities, and the painted-child transmission cross-check."
fTroAst43,2021cicX13611463,father,M,F1,fTroAst71,2021cicX14537288,F2,Tier_A_strict_identity,True,True,False,0.998,fTroAst43:0.998,2,True,True,two_parent__A_exact_multigeneration_stable,A_exact_pair,two_parent,True,-621518.5623539523,"T08 child painting is a correlated cross-check, not an independent likelihood. Invariant calls agree across the individual and selected soft-prevalence models, marker densities, leave-one-chromosome analyses, model sensitivities, and the painted-child transmission cross-check."
fTroAst38,2021cicX13611470,mother,F,F1,fTroAst71,2021cicX14537288,F2,Tier_A_strict_identity,True,True,False,0.5875,fTroAst38:0.588;fTroAst26:0.220;fTroAst44:0.072;fTroAst32:0.059;fTroAst50:0.035,2,True,True,two_parent__A_exact_multigeneration_stable,A_exact_pair,two_parent,True,-621518.5623539523,"T08 child painting is a correlated cross-check, not an independent likelihood. Invariant calls agree across the individual and selected soft-prevalence models, marker densities, leave-one-chromosome analyses, model sensitivities, and the painted-child transmission cross-check."
fTroAst11,2021cicX13611458,father,M,F1,fTroAst72,2021cicX14537289,F2,Leading_hypothesis_below_Tier_B,False,False,False,0.512,fTroAst11:0.512;fTroAst18:0.323;fTroAst43:0.076;fTroAst25:0.037;fTroAst49:0.034,2,False,False,two_parent__C_mother_stable_father_ambiguous,A_one_parent_identity,two_parent,True,-782362.5609137435,"T08 child painting is a correlated cross-check, not an independent likelihood. Invariant calls agree across the individual and selected soft-prevalence models, marker densities, leave-one-chromosome analyses, model sensitivities, and the painted-child transmission cross-check."
fTroAst12,2021cicX13611466,mother,F,F1,fTroAst72,2021cicX14537289,F2,Tier_A_strict_identity,True,True,False,0.8555,fTroAst12:0.856;fTroAst32:0.119,2,False,False,two_parent__C_mother_stable_father_ambiguous,A_one_parent_identity,two_parent,True,-782362.5609137435,"T08 child painting is a correlated cross-check, not an independent likelihood. Invariant calls agree across the individual and selected soft-prevalence models, marker densities, leave-one-chromosome analyses, model sensitivities, and the painted-child transmission cross-check."
fTroAst11,2021cicX13611458,father,M,F1,fTroAst64,2021cicX14537290,F2,Leading_hypothesis_below_Tier_B,False,False,False,0.5055,fTroAst18:0.506;fTroAst11:0.387;fTroAst25:0.094,2,False,False,two_parent__E_competing_parental_hypotheses,C_not_yet_defined,two_parent,True,-869531.8318389598,"T08 child painting is a correlated cross-check, not an independent likelihood. Invariant calls agree across the individual and selected soft-prevalence models, marker densities, leave-one-chromosome analyses, model sensitivities, and the painted-child transmission cross-check."
fTroAst56,2021cicX13611473,mother,F,F1,fTroAst64,2021cicX14537290,F2,Leading_hypothesis_below_Tier_B,False,False,False,0.4005,fTroAst56:0.401;fTroAst44:0.232;fTroAst19:0.164;fTroAst50:0.116;fTroAst26:0.051,2,False,False,two_parent__E_competing_parental_hypotheses,C_not_yet_defined,two_parent,True,-869531.8318389598,"T08 child painting is a correlated cross-check, not an independent likelihood. Invariant calls agree across the individual and selected soft-prevalence models, marker densities, leave-one-chromosome analyses, model sensitivities, and the painted-child transmission cross-check."
fTroAst43,2021cicX13611463,father,M,F1,fTroAst66,2021cicX14537291,F2,Leading_hypothesis_below_Tier_B,False,False,False,0.31,fTroAst25:0.310;fTroAst43:0.301;fTroAst11:0.211;fTroAst31:0.067;fTroAst18:0.067,2,False,False,U_parent_count_or_identity_unresolved,C_not_yet_defined,two_parent,False,-851597.6468380606,"T08 child painting is a correlated cross-check, not an independent likelihood. Invariant calls agree across the individual and selected soft-prevalence models, marker densities, leave-one-chromosome analyses, model sensitivities, and the painted-child transmission cross-check."
fTroAst38,2021cicX13611470,mother,F,F1,fTroAst66,2021cicX14537291,F2,Leading_hypothesis_below_Tier_B,False,False,False,0.3595,fTroAst12:0.359;fTroAst38:0.340;fTroAst32:0.267,2,False,False,U_parent_count_or_identity_unresolved,C_not_yet_defined,two_parent,False,-851597.6468380606,"T08 child painting is a correlated cross-check, not an independent likelihood. Invariant calls agree across the individual and selected soft-prevalence models, marker densities, leave-one-chromosome analyses, model sensitivities, and the painted-child transmission cross-check."
fTroAst18,2021cicX13611459,father,M,F1,fTroAst75,2021cicX14537292,F2,Leading_hypothesis_below_Tier_B,False,False,False,0.433,fTroAst25:0.433;fTroAst18:0.348;fTroAst37:0.144;fTroAst11:0.063,2,False,False,two_parent__E_competing_parental_hypotheses,C_not_yet_defined,two_parent,True,-839758.2371323933,"T08 child painting is a correlated cross-check, not an independent likelihood. Invariant calls agree across the individual and selected soft-prevalence models, marker densities, leave-one-chromosome analyses, model sensitivities, and the painted-child transmission cross-check."
fTroAst56,2021cicX13611473,mother,F,F1,fTroAst75,2021cicX14537292,F2,Leading_hypothesis_below_Tier_B,False,False,False,0.3755,fTroAst56:0.376;fTroAst44:0.364;fTroAst12:0.144;fTroAst32:0.042;fTroAst50:0.037,2,False,False,two_parent__E_competing_parental_hypotheses,C_not_yet_defined,two_parent,True,-839758.2371323933,"T08 child painting is a correlated cross-check, not an independent likelihood. Invariant calls agree across the individual and selected soft-prevalence models, marker densities, leave-one-chromosome analyses, model sensitivities, and the painted-child transmission cross-check."
fTroAst37,2021cicX13611462,father,M,F1,fTroAst77,2021cicX14537293,F2,Tier_A_strict_identity,True,True,False,0.746,fTroAst37:0.746;fTroAst11:0.184;fTroAst25:0.053,2,True,True,two_parent__A_exact_multigeneration_stable,A_exact_pair,two_parent,True,-759246.3602846125,"T08 child painting is a correlated cross-check, not an independent likelihood. Invariant calls agree across the individual and selected soft-prevalence models, marker densities, leave-one-chromosome analyses, model sensitivities, and the painted-child transmission cross-check."
fTroAst12,2021cicX13611466,mother,F,F1,fTroAst77,2021cicX14537293,F2,Tier_A_strict_identity,True,True,False,0.7435,fTroAst12:0.744;fTroAst44:0.158;fTroAst19:0.067,2,True,True,two_parent__A_exact_multigeneration_stable,A_exact_pair,two_parent,True,-759246.3602846125,"T08 child painting is a correlated cross-check, not an independent likelihood. Invariant calls agree across the individual and selected soft-prevalence models, marker densities, leave-one-chromosome analyses, model sensitivities, and the painted-child transmission cross-check."
fTroAst18,2021cicX13611459,father,M,F1,fTroAst79,2021cicX14537294,F2,Tier_A_strict_identity,True,True,False,0.696,fTroAst18:0.696;fTroAst11:0.206;fTroAst37:0.078,2,True,True,two_parent__A_exact_multigeneration_stable,A_exact_pair,two_parent,True,-860637.2136917673,"T08 child painting is a correlated cross-check, not an independent likelihood. Invariant calls agree across the individual and selected soft-prevalence models, marker densities, leave-one-chromosome analyses, model sensitivities, and the painted-child transmission cross-check."
fTroAst50,2021cicX13611472,mother,F,F1,fTroAst79,2021cicX14537294,F2,Tier_A_strict_identity,True,True,False,0.62,fTroAst50:0.620;fTroAst26:0.122;fTroAst32:0.093;fTroAst38:0.048;fTroAst44:0.042;fTroAst19:0.034,2,True,True,two_parent__A_exact_multigeneration_stable,A_exact_pair,two_parent,True,-860637.2136917673,"T08 child painting is a correlated cross-check, not an independent likelihood. Invariant calls agree across the individual and selected soft-prevalence models, marker densities, leave-one-chromosome analyses, model sensitivities, and the painted-child transmission cross-check."
fTroAst11,2021cicX13611458,father,M,F1,fTroAst80,2021cicX14537295,F2,Tier_A_strict_identity,True,True,False,0.717,fTroAst11:0.717;fTroAst18:0.176;fTroAst25:0.107,2,True,True,two_parent__A_exact_multigeneration_stable,A_exact_pair,two_parent,True,-542340.7942377455,"T08 child painting is a correlated cross-check, not an independent likelihood. Invariant calls agree across the individual and selected soft-prevalence models, marker densities, leave-one-chromosome analyses, model sensitivities, and the painted-child transmission cross-check."
fTroAst38,2021cicX13611470,mother,F,F1,fTroAst80,2021cicX14537295,F2,Tier_A_strict_identity,True,True,False,0.9865,fTroAst38:0.987,2,True,True,two_parent__A_exact_multigeneration_stable,A_exact_pair,two_parent,True,-542340.7942377455,"T08 child painting is a correlated cross-check, not an independent likelihood. Invariant calls agree across the individual and selected soft-prevalence models, marker densities, leave-one-chromosome analyses, model sensitivities, and the painted-child transmission cross-check."
fTroAst18,2021cicX13611459,father,M,F1,fTroAst81,2021cicX14537296,F2,Tier_A_strict_identity,True,True,False,0.7865,fTroAst18:0.786;fTroAst25:0.163;fTroAst11:0.051,2,True,True,two_parent__A_exact_multigeneration_stable,A_exact_pair,two_parent,True,-664084.6757638743,"T08 child painting is a correlated cross-check, not an independent likelihood. Invariant calls agree across the individual and selected soft-prevalence models, marker densities, leave-one-chromosome analyses, model sensitivities, and the painted-child transmission cross-check."
fTroAst12,2021cicX13611466,mother,F,F1,fTroAst81,2021cicX14537296,F2,Tier_A_strict_identity,True,True,False,0.7235,fTroAst12:0.724;fTroAst38:0.246,2,True,True,two_parent__A_exact_multigeneration_stable,A_exact_pair,two_parent,True,-664084.6757638743,"T08 child painting is a correlated cross-check, not an independent likelihood. Invariant calls agree across the individual and selected soft-prevalence models, marker densities, leave-one-chromosome analyses, model sensitivities, and the painted-child transmission cross-check."
fTroAst11,2021cicX13611458,father,M,F1,fTroAst82,2021cicX14537297,F2,Leading_hypothesis_below_Tier_B,False,False,False,0.395,fTroAst11:0.395;fTroAst18:0.362;fTroAst25:0.234,2,False,False,two_parent__E_competing_parental_hypotheses,B_one_parent_identity,two_parent,True,-855530.9311393946,"T08 child painting is a correlated cross-check, not an independent likelihood. Invariant calls agree across the individual and selected soft-prevalence models, marker densities, leave-one-chromosome analyses, model sensitivities, and the painted-child transmission cross-check."
fTroAst38,2021cicX13611470,mother,F,F1,fTroAst82,2021cicX14537297,F2,Tier_B_additional_identity,False,True,False,0.604,fTroAst38:0.604;fTroAst12:0.348,2,False,False,two_parent__E_competing_parental_hypotheses,B_one_parent_identity,two_parent,True,-855530.9311393946,"T08 child painting is a correlated cross-check, not an independent likelihood. Invariant calls agree across the individual and selected soft-prevalence models, marker densities, leave-one-chromosome analyses, model sensitivities, and the painted-child transmission cross-check."
fTroAst18,2021cicX13611459,father,M,F1,fTroAst73,2021cicX14537298,F2,Leading_hypothesis_below_Tier_B,False,False,False,0.426,fTroAst18:0.426;fTroAst25:0.354;fTroAst37:0.136;fTroAst11:0.041,2,False,False,two_parent__E_competing_parental_hypotheses,C_not_yet_defined,two_parent,True,-793805.4867603206,"T08 child painting is a correlated cross-check, not an independent likelihood. Invariant calls agree across the individual and selected soft-prevalence models, marker densities, leave-one-chromosome analyses, model sensitivities, and the painted-child transmission cross-check."
fTroAst56,2021cicX13611473,mother,F,F1,fTroAst73,2021cicX14537298,F2,Leading_hypothesis_below_Tier_B,False,False,False,0.4685,fTroAst56:0.469;fTroAst32:0.210;fTroAst26:0.091;fTroAst38:0.073;fTroAst12:0.062;fTroAst44:0.042;fTroAst19:0.037,2,False,False,two_parent__E_competing_parental_hypotheses,C_not_yet_defined,two_parent,True,-793805.4867603206,"T08 child painting is a correlated cross-check, not an independent likelihood. Invariant calls agree across the individual and selected soft-prevalence models, marker densities, leave-one-chromosome analyses, model sensitivities, and the painted-child transmission cross-check."
fTroAst11,2021cicX13611458,father,M,F1,fTroAst74,2021cicX14537299,F2,Tier_B_additional_identity,False,True,False,0.5235,fTroAst11:0.523;fTroAst37:0.260;fTroAst18:0.128;fTroAst25:0.087,2,False,False,U_parent_count_or_identity_unresolved,B_one_parent_identity,two_parent,False,-872358.3444845751,"T08 child painting is a correlated cross-check, not an independent likelihood. Invariant calls agree across the individual and selected soft-prevalence models, marker densities, leave-one-chromosome analyses, model sensitivities, and the painted-child transmission cross-check."
fTroAst44,2021cicX13611471,mother,F,F1,fTroAst74,2021cicX14537299,F2,Leading_hypothesis_below_Tier_B,False,False,False,0.353,fTroAst44:0.353;fTroAst56:0.264;fTroAst12:0.228;fTroAst32:0.068;fTroAst19:0.043,2,False,False,U_parent_count_or_identity_unresolved,B_one_parent_identity,two_parent,False,-872358.3444845751,"T08 child painting is a correlated cross-check, not an independent likelihood. Invariant calls agree across the individual and selected soft-prevalence models, marker densities, leave-one-chromosome analyses, model sensitivities, and the painted-child transmission cross-check."
fTroAst18,2021cicX13611459,father,M,F1,fTroAst76,2021cicX14537300,F2,Tier_A_strict_identity,True,True,False,0.786,fTroAst18:0.786;fTroAst25:0.171,2,True,True,two_parent__A_exact_multigeneration_stable,A_exact_pair,two_parent,True,-583030.9186601052,"T08 child painting is a correlated cross-check, not an independent likelihood. Invariant calls agree across the individual and selected soft-prevalence models, marker densities, leave-one-chromosome analyses, model sensitivities, and the painted-child transmission cross-check."
fTroAst12,2021cicX13611466,mother,F,F1,fTroAst76,2021cicX14537300,F2,Tier_A_strict_identity,True,True,False,0.672,fTroAst12:0.672;fTroAst38:0.328,2,True,True,two_parent__A_exact_multigeneration_stable,A_exact_pair,two_parent,True,-583030.9186601052,"T08 child painting is a correlated cross-check, not an independent likelihood. Invariant calls agree across the individual and selected soft-prevalence models, marker densities, leave-one-chromosome analyses, model sensitivities, and the painted-child transmission cross-check."
fTroAst43,2021cicX13611463,father,M,F1,fTroAst78,2021cicX14537301,F2,Tier_A_strict_identity,True,True,False,1.0,fTroAst43:1.000,2,True,True,two_parent__A_exact_multigeneration_stable,A_exact_pair,two_parent,True,9785.631987485567,"T08 child painting is a correlated cross-check, not an independent likelihood. Invariant calls agree across the individual and selected soft-prevalence models, marker densities, leave-one-chromosome analyses, model sensitivities, and the painted-child transmission cross-check."
fTroAst26,2021cicX13611468,mother,F,F1,fTroAst78,2021cicX14537301,F2,Tier_A_strict_identity,True,True,False,1.0,fTroAst26:1.000,2,True,True,two_parent__A_exact_multigeneration_stable,A_exact_pair,two_parent,True,9785.631987485567,"T08 child painting is a correlated cross-check, not an independent likelihood. Invariant calls agree across the individual and selected soft-prevalence models, marker densities, leave-one-chromosome analyses, model sensitivities, and the painted-child transmission cross-check."
fTroAst18,2021cicX13611459,father,M,F1,fTroAst87,2021cicX14537302,F2,Leading_hypothesis_below_Tier_B,False,False,False,0.45,fTroAst18:0.450;fTroAst25:0.326;fTroAst11:0.198,2,False,False,two_parent__C_mother_stable_father_ambiguous,A_one_parent_identity,two_parent,True,-576198.7434344599,"T08 child painting is a correlated cross-check, not an independent likelihood. Invariant calls agree across the individual and selected soft-prevalence models, marker densities, leave-one-chromosome analyses, model sensitivities, and the painted-child transmission cross-check."
fTroAst38,2021cicX13611470,mother,F,F1,fTroAst87,2021cicX14537302,F2,Tier_A_strict_identity,True,True,False,0.9855,fTroAst38:0.986,2,False,False,two_parent__C_mother_stable_father_ambiguous,A_one_parent_identity,two_parent,True,-576198.7434344599,"T08 child painting is a correlated cross-check, not an independent likelihood. Invariant calls agree across the individual and selected soft-prevalence models, marker densities, leave-one-chromosome analyses, model sensitivities, and the painted-child transmission cross-check."
fTroAst11,2021cicX13611458,father,M,F1,fTroAst89,2021cicX14537303,F2,Tier_A_strict_identity,True,True,False,0.733,fTroAst11:0.733;fTroAst37:0.231,2,False,False,two_parent__C_father_stable_mother_ambiguous,A_one_parent_identity,two_parent,True,-719035.1124356454,"T08 child painting is a correlated cross-check, not an independent likelihood. Invariant calls agree across the individual and selected soft-prevalence models, marker densities, leave-one-chromosome analyses, model sensitivities, and the painted-child transmission cross-check."
fTroAst44,2021cicX13611471,mother,F,F1,fTroAst89,2021cicX14537303,F2,Leading_hypothesis_below_Tier_B,False,False,False,0.4325,fTroAst44:0.432;fTroAst32:0.254;fTroAst12:0.163;fTroAst38:0.070;fTroAst56:0.046,2,False,False,two_parent__C_father_stable_mother_ambiguous,A_one_parent_identity,two_parent,True,-719035.1124356454,"T08 child painting is a correlated cross-check, not an independent likelihood. Invariant calls agree across the individual and selected soft-prevalence models, marker densities, leave-one-chromosome analyses, model sensitivities, and the painted-child transmission cross-check."
fTroAst43,2021cicX13611463,father,M,F1,fTroAst91,2021cicX14537304,F2,Tier_A_strict_identity,True,True,False,0.9535,fTroAst43:0.954,2,False,False,B_parent_count_ambiguous_shared_parent_identity_stable,A_one_parent_identity,two_parent,False,-651498.0855237334,"T08 child painting is a correlated cross-check, not an independent likelihood. Invariant calls agree across the individual and selected soft-prevalence models, marker densities, leave-one-chromosome analyses, model sensitivities, and the painted-child transmission cross-check."
fTroAst12,2021cicX13611466,mother,F,F1,fTroAst91,2021cicX14537304,F2,Leading_hypothesis_below_Tier_B,False,False,False,0.267,fTroAst12:0.267;fTroAst32:0.196;fTroAst26:0.184;fTroAst19:0.144;fTroAst50:0.140;fTroAst44:0.035,2,False,False,B_parent_count_ambiguous_shared_parent_identity_stable,A_one_parent_identity,two_parent,False,-651498.0855237334,"T08 child painting is a correlated cross-check, not an independent likelihood. Invariant calls agree across the individual and selected soft-prevalence models, marker densities, leave-one-chromosome analyses, model sensitivities, and the painted-child transmission cross-check."
fTroAst37,2021cicX13611462,father,M,F1,fTroAst92,2021cicX14537305,F2,Tier_A_strict_identity,True,True,False,0.848,fTroAst37:0.848;fTroAst18:0.064;fTroAst11:0.053,2,True,True,two_parent__A_exact_multigeneration_stable,A_exact_pair,two_parent,True,-695265.3329800614,"T08 child painting is a correlated cross-check, not an independent likelihood. Invariant calls agree across the individual and selected soft-prevalence models, marker densities, leave-one-chromosome analyses, model sensitivities, and the painted-child transmission cross-check."
fTroAst12,2021cicX13611466,mother,F,F1,fTroAst92,2021cicX14537305,F2,Tier_A_strict_identity,True,True,False,0.8225,fTroAst12:0.823;fTroAst44:0.065;fTroAst38:0.059;fTroAst56:0.048,2,True,True,two_parent__A_exact_multigeneration_stable,A_exact_pair,two_parent,True,-695265.3329800614,"T08 child painting is a correlated cross-check, not an independent likelihood. Invariant calls agree across the individual and selected soft-prevalence models, marker densities, leave-one-chromosome analyses, model sensitivities, and the painted-child transmission cross-check."
fTroAst11,2021cicX13611458,father,M,F1,fTroAst83,2021cicX14537306,F2,Tier_B_additional_identity,False,True,False,0.5965,fTroAst11:0.597;fTroAst18:0.379,2,False,True,two_parent__C_mother_stable_father_ambiguous,B_exact_pair,two_parent,True,-612604.0695797498,"T08 child painting is a correlated cross-check, not an independent likelihood. Invariant calls agree across the individual and selected soft-prevalence models, marker densities, leave-one-chromosome analyses, model sensitivities, and the painted-child transmission cross-check."
fTroAst19,2021cicX13611467,mother,F,F1,fTroAst83,2021cicX14537306,F2,Tier_A_strict_identity,True,True,False,0.9935,fTroAst19:0.994,2,False,True,two_parent__C_mother_stable_father_ambiguous,B_exact_pair,two_parent,True,-612604.0695797498,"T08 child painting is a correlated cross-check, not an independent likelihood. Invariant calls agree across the individual and selected soft-prevalence models, marker densities, leave-one-chromosome analyses, model sensitivities, and the painted-child transmission cross-check."
fTroAst43,2021cicX13611463,father,M,F1,fTroAst84,2021cicX14537307,F2,Leading_hypothesis_below_Tier_B,False,False,False,0.363,fTroAst43:0.363;fTroAst49:0.354;fTroAst55:0.250,2,False,False,two_parent__C_mother_stable_father_ambiguous,A_one_parent_identity,two_parent,True,-718223.86720159,"T08 child painting is a correlated cross-check, not an independent likelihood. Invariant calls agree across the individual and selected soft-prevalence models, marker densities, leave-one-chromosome analyses, model sensitivities, and the painted-child transmission cross-check."
fTroAst12,2021cicX13611466,mother,F,F1,fTroAst84,2021cicX14537307,F2,Tier_A_strict_identity,True,True,False,0.9985,fTroAst12:0.999,2,False,False,two_parent__C_mother_stable_father_ambiguous,A_one_parent_identity,two_parent,True,-718223.86720159,"T08 child painting is a correlated cross-check, not an independent likelihood. Invariant calls agree across the individual and selected soft-prevalence models, marker densities, leave-one-chromosome analyses, model sensitivities, and the painted-child transmission cross-check."
fTroAst18,2021cicX13611459,father,M,F1,fTroAst85,2021cicX14537308,F2,Tier_A_strict_identity,True,True,False,0.9915,fTroAst18:0.992,2,True,True,two_parent__A_exact_multigeneration_stable,A_exact_pair,two_parent,True,-462986.427946894,"T08 child painting is a correlated cross-check, not an independent likelihood. Invariant calls agree across the individual and selected soft-prevalence models, marker densities, leave-one-chromosome analyses, model sensitivities, and the painted-child transmission cross-check."
fTroAst38,2021cicX13611470,mother,F,F1,fTroAst85,2021cicX14537308,F2,Tier_A_strict_identity,True,True,False,0.715,fTroAst38:0.715;fTroAst12:0.283,2,True,True,two_parent__A_exact_multigeneration_stable,A_exact_pair,two_parent,True,-462986.427946894,"T08 child painting is a correlated cross-check, not an independent likelihood. Invariant calls agree across the individual and selected soft-prevalence models, marker densities, leave-one-chromosome analyses, model sensitivities, and the painted-child transmission cross-check."
fTroAst11,2021cicX13611458,father,M,F1,fTroAst86,2021cicX14537309,F2,Tier_A_strict_identity,True,True,False,0.69,fTroAst11:0.690;fTroAst18:0.249;fTroAst25:0.053,2,True,True,two_parent__A_exact_multigeneration_stable,A_exact_pair,two_parent,True,-502256.2134597581,"T08 child painting is a correlated cross-check, not an independent likelihood. Invariant calls agree across the individual and selected soft-prevalence models, marker densities, leave-one-chromosome analyses, model sensitivities, and the painted-child transmission cross-check."
fTroAst12,2021cicX13611466,mother,F,F1,fTroAst86,2021cicX14537309,F2,Tier_A_strict_identity,True,True,False,1.0,fTroAst12:1.000,2,True,True,two_parent__A_exact_multigeneration_stable,A_exact_pair,two_parent,True,-502256.2134597581,"T08 child painting is a correlated cross-check, not an independent likelihood. Invariant calls agree across the individual and selected soft-prevalence models, marker densities, leave-one-chromosome analyses, model sensitivities, and the painted-child transmission cross-check."
fTroAst31,2021cicX13611461,father,M,F1,fTroAst88,2021cicX14537310,F2,Tier_A_strict_identity,True,True,False,1.0,fTroAst31:1.000,2,True,True,two_parent__A_exact_multigeneration_stable,A_exact_pair,two_parent,True,-9551.126895702444,"T08 child painting is a correlated cross-check, not an independent likelihood. Invariant calls agree across the individual and selected soft-prevalence models, marker densities, leave-one-chromosome analyses, model sensitivities, and the painted-child transmission cross-check."
fTroAst38,2021cicX13611470,mother,F,F1,fTroAst88,2021cicX14537310,F2,Tier_A_strict_identity,True,True,False,1.0,fTroAst38:1.000,2,True,True,two_parent__A_exact_multigeneration_stable,A_exact_pair,two_parent,True,-9551.126895702444,"T08 child painting is a correlated cross-check, not an independent likelihood. Invariant calls agree across the individual and selected soft-prevalence models, marker densities, leave-one-chromosome analyses, model sensitivities, and the painted-child transmission cross-check."
fTroAst11,2021cicX13611458,father,M,F1,fTroAst90,2021cicX14537311,F2,Tier_A_strict_identity,True,True,False,0.679,fTroAst11:0.679;fTroAst25:0.141;fTroAst18:0.090;fTroAst37:0.068,2,True,True,two_parent__A_exact_multigeneration_stable,A_exact_pair,two_parent,True,-823324.459748718,"T08 child painting is a correlated cross-check, not an independent likelihood. Invariant calls agree across the individual and selected soft-prevalence models, marker densities, leave-one-chromosome analyses, model sensitivities, and the painted-child transmission cross-check."
fTroAst44,2021cicX13611471,mother,F,F1,fTroAst90,2021cicX14537311,F2,Tier_A_strict_identity,True,True,False,0.7145,fTroAst44:0.715;fTroAst26:0.083;fTroAst19:0.054;fTroAst38:0.053;fTroAst32:0.050,2,True,True,two_parent__A_exact_multigeneration_stable,A_exact_pair,two_parent,True,-823324.459748718,"T08 child painting is a correlated cross-check, not an independent likelihood. Invariant calls agree across the individual and selected soft-prevalence models, marker densities, leave-one-chromosome analyses, model sensitivities, and the painted-child transmission cross-check."
fTroAst11,2021cicX13611458,father,M,F1,fTroAst99,2021cicX14537312,F2,Tier_A_strict_identity,True,True,False,0.8175,fTroAst11:0.818;fTroAst18:0.172,2,True,True,two_parent__A_exact_multigeneration_stable,A_exact_pair,two_parent,True,-555680.9427366592,"T08 child painting is a correlated cross-check, not an independent likelihood. Invariant calls agree across the individual and selected soft-prevalence models, marker densities, leave-one-chromosome analyses, model sensitivities, and the painted-child transmission cross-check."
fTroAst19,2021cicX13611467,mother,F,F1,fTroAst99,2021cicX14537312,F2,Tier_A_strict_identity,True,True,False,0.9995,fTroAst19:1.000,2,True,True,two_parent__A_exact_multigeneration_stable,A_exact_pair,two_parent,True,-555680.9427366592,"T08 child painting is a correlated cross-check, not an independent likelihood. Invariant calls agree across the individual and selected soft-prevalence models, marker densities, leave-one-chromosome analyses, model sensitivities, and the painted-child transmission cross-check."
fTroAst25,2021cicX13611460,father,M,F1,fTroAst101,2021cicX14537313,F2,Leading_hypothesis_below_Tier_B,False,False,False,0.448,fTroAst25:0.448;fTroAst11:0.282;fTroAst49:0.146;fTroAst18:0.114,2,False,False,two_parent__E_competing_parental_hypotheses,B_one_parent_identity,two_parent,True,-899799.9565650383,"T08 child painting is a correlated cross-check, not an independent likelihood. Invariant calls agree across the individual and selected soft-prevalence models, marker densities, leave-one-chromosome analyses, model sensitivities, and the painted-child transmission cross-check."
fTroAst38,2021cicX13611470,mother,F,F1,fTroAst101,2021cicX14537313,F2,Tier_B_additional_identity,False,True,False,0.721,fTroAst38:0.721;fTroAst12:0.278,2,False,False,two_parent__E_competing_parental_hypotheses,B_one_parent_identity,two_parent,True,-899799.9565650383,"T08 child painting is a correlated cross-check, not an independent likelihood. Invariant calls agree across the individual and selected soft-prevalence models, marker densities, leave-one-chromosome analyses, model sensitivities, and the painted-child transmission cross-check."
fTroAst11,2021cicX13611458,father,M,F1,fTroAst93,2021cicX14537314,F2,Tier_B_additional_identity,False,True,False,0.521,fTroAst11:0.521;fTroAst18:0.273;fTroAst37:0.200,2,False,False,U_parent_count_or_identity_unresolved,B_one_parent_identity,two_parent,False,-851583.4985955921,"T08 child painting is a correlated cross-check, not an independent likelihood. Invariant calls agree across the individual and selected soft-prevalence models, marker densities, leave-one-chromosome analyses, model sensitivities, and the painted-child transmission cross-check."
fTroAst44,2021cicX13611471,mother,F,F1,fTroAst93,2021cicX14537314,F2,Leading_hypothesis_below_Tier_B,False,False,False,0.347,fTroAst44:0.347;fTroAst12:0.183;fTroAst50:0.137;fTroAst26:0.125;fTroAst32:0.123;fTroAst56:0.034;fTroAst19:0.033,2,False,False,U_parent_count_or_identity_unresolved,B_one_parent_identity,two_parent,False,-851583.4985955921,"T08 child painting is a correlated cross-check, not an independent likelihood. Invariant calls agree across the individual and selected soft-prevalence models, marker densities, leave-one-chromosome analyses, model sensitivities, and the painted-child transmission cross-check."
fTroAst49,2021cicX13611464,father,M,F1,fTroAst94,2021cicX14537315,F2,Tier_A_strict_identity,True,True,False,0.6775,fTroAst49:0.677;fTroAst31:0.204;fTroAst43:0.087,2,True,True,two_parent__A_exact_multigeneration_stable,A_exact_pair,two_parent,True,-794766.2387464042,"T08 child painting is a correlated cross-check, not an independent likelihood. Invariant calls agree across the individual and selected soft-prevalence models, marker densities, leave-one-chromosome analyses, model sensitivities, and the painted-child transmission cross-check."
fTroAst12,2021cicX13611466,mother,F,F1,fTroAst94,2021cicX14537315,F2,Tier_A_strict_identity,True,True,False,0.9485,fTroAst12:0.949;fTroAst38:0.051,2,True,True,two_parent__A_exact_multigeneration_stable,A_exact_pair,two_parent,True,-794766.2387464042,"T08 child painting is a correlated cross-check, not an independent likelihood. Invariant calls agree across the individual and selected soft-prevalence models, marker densities, leave-one-chromosome analyses, model sensitivities, and the painted-child transmission cross-check."
fTroAst25,2021cicX13611460,father,M,F1,fTroAst95,2021cicX14537316,F2,Tier_A_strict_identity,True,True,False,1.0,fTroAst25:1.000,2,False,False,two_parent__C_father_stable_mother_ambiguous,A_one_parent_identity,two_parent,True,-313419.56119887857,"T08 child painting is a correlated cross-check, not an independent likelihood. Invariant calls agree across the individual and selected soft-prevalence models, marker densities, leave-one-chromosome analyses, model sensitivities, and the painted-child transmission cross-check."
fTroAst56,2021cicX13611473,mother,F,F1,fTroAst95,2021cicX14537316,F2,Leading_hypothesis_below_Tier_B,False,False,False,0.4715,fTroAst56:0.471;fTroAst44:0.171;fTroAst19:0.158;fTroAst32:0.125;fTroAst26:0.061,2,False,False,two_parent__C_father_stable_mother_ambiguous,A_one_parent_identity,two_parent,True,-313419.56119887857,"T08 child painting is a correlated cross-check, not an independent likelihood. Invariant calls agree across the individual and selected soft-prevalence models, marker densities, leave-one-chromosome analyses, model sensitivities, and the painted-child transmission cross-check."
fTroAst31,2021cicX13611461,father,M,F1,fTroAst96,2021cicX14537317,F2,Tier_A_strict_identity,True,True,False,1.0,fTroAst31:1.000,2,True,True,two_parent__A_exact_multigeneration_stable,A_exact_pair,two_parent,True,75345.38390468247,"T08 child painting is a correlated cross-check, not an independent likelihood. Invariant calls agree across the individual and selected soft-prevalence models, marker densities, leave-one-chromosome analyses, model sensitivities, and the painted-child transmission cross-check."
fTroAst38,2021cicX13611470,mother,F,F1,fTroAst96,2021cicX14537317,F2,Tier_A_strict_identity,True,True,False,1.0,fTroAst38:1.000,2,True,True,two_parent__A_exact_multigeneration_stable,A_exact_pair,two_parent,True,75345.38390468247,"T08 child painting is a correlated cross-check, not an independent likelihood. Invariant calls agree across the individual and selected soft-prevalence models, marker densities, leave-one-chromosome analyses, model sensitivities, and the painted-child transmission cross-check."
fTroAst18,2021cicX13611459,father,M,F1,fTroAst97,2021cicX14537318,F2,Tier_B_additional_identity,False,True,False,0.577,fTroAst18:0.577;fTroAst25:0.280;fTroAst11:0.130,2,False,False,two_parent__C_mother_stable_father_ambiguous,B_both_parent_identities_pair_ambiguous,two_parent,True,-702485.7127806498,"T08 child painting is a correlated cross-check, not an independent likelihood. Invariant calls agree across the individual and selected soft-prevalence models, marker densities, leave-one-chromosome analyses, model sensitivities, and the painted-child transmission cross-check."
fTroAst44,2021cicX13611471,mother,F,F1,fTroAst97,2021cicX14537318,F2,Tier_A_strict_identity,True,True,False,0.5575,fTroAst44:0.557;fTroAst19:0.191;fTroAst56:0.115;fTroAst26:0.084;fTroAst12:0.024,2,False,False,two_parent__C_mother_stable_father_ambiguous,B_both_parent_identities_pair_ambiguous,two_parent,True,-702485.7127806498,"T08 child painting is a correlated cross-check, not an independent likelihood. Invariant calls agree across the individual and selected soft-prevalence models, marker densities, leave-one-chromosome analyses, model sensitivities, and the painted-child transmission cross-check."
fTroAst25,2021cicX13611460,father,M,F1,fTroAst98,2021cicX14537319,F2,Tier_A_strict_identity,True,True,False,1.0,fTroAst25:1.000,2,True,True,two_parent__A_exact_multigeneration_stable,A_exact_pair,two_parent,True,-278341.79494627425,"T08 child painting is a correlated cross-check, not an independent likelihood. Invariant calls agree across the individual and selected soft-prevalence models, marker densities, leave-one-chromosome analyses, model sensitivities, and the painted-child transmission cross-check."
fTroAst56,2021cicX13611473,mother,F,F1,fTroAst98,2021cicX14537319,F2,Tier_A_strict_identity,True,True,False,0.8515,fTroAst56:0.852;fTroAst50:0.082;fTroAst32:0.049,2,True,True,two_parent__A_exact_multigeneration_stable,A_exact_pair,two_parent,True,-278341.79494627425,"T08 child painting is a correlated cross-check, not an independent likelihood. Invariant calls agree across the individual and selected soft-prevalence models, marker densities, leave-one-chromosome analyses, model sensitivities, and the painted-child transmission cross-check."
fTroAst18,2021cicX13611459,father,M,F1,fTroAst100,2021cicX14537320,F2,Tier_A_strict_identity,True,True,False,0.6175,fTroAst18:0.618;fTroAst25:0.191;fTroAst11:0.164,2,True,True,two_parent__A_exact_multigeneration_stable,A_exact_pair,two_parent,True,-913684.9992170028,"T08 child painting is a correlated cross-check, not an independent likelihood. Invariant calls agree across the individual and selected soft-prevalence models, marker densities, leave-one-chromosome analyses, model sensitivities, and the painted-child transmission cross-check."
fTroAst44,2021cicX13611471,mother,F,F1,fTroAst100,2021cicX14537320,F2,Tier_A_strict_identity,True,True,False,0.7805,fTroAst44:0.781;fTroAst56:0.061;fTroAst32:0.055;fTroAst19:0.053;fTroAst12:0.026,2,True,True,two_parent__A_exact_multigeneration_stable,A_exact_pair,two_parent,True,-913684.9992170028,"T08 child painting is a correlated cross-check, not an independent likelihood. Invariant calls agree across the individual and selected soft-prevalence models, marker densities, leave-one-chromosome analyses, model sensitivities, and the painted-child transmission cross-check."
fTroAst11,2021cicX13611458,father,M,F1,fTroAst102,2021cicX14537321,F2,Leading_hypothesis_below_Tier_B,False,False,False,0.491,fTroAst11:0.491;fTroAst25:0.239;fTroAst37:0.175;fTroAst18:0.068,2,False,False,U_parent_count_or_identity_unresolved,C_not_yet_defined,two_parent,False,-755050.3453728897,"T08 child painting is a correlated cross-check, not an independent likelihood. Invariant calls agree across the individual and selected soft-prevalence models, marker densities, leave-one-chromosome analyses, model sensitivities, and the painted-child transmission cross-check."
fTroAst19,2021cicX13611467,mother,F,F1,fTroAst102,2021cicX14537321,F2,Leading_hypothesis_below_Tier_B,False,False,False,0.273,fTroAst19:0.273;fTroAst56:0.242;fTroAst12:0.190;fTroAst44:0.141;fTroAst32:0.097;fTroAst26:0.050,2,False,False,U_parent_count_or_identity_unresolved,C_not_yet_defined,two_parent,False,-755050.3453728897,"T08 child painting is a correlated cross-check, not an independent likelihood. Invariant calls agree across the individual and selected soft-prevalence models, marker densities, leave-one-chromosome analyses, model sensitivities, and the painted-child transmission cross-check."
fTroAst55,2021cicX13611465,father,M,F1,fTroAst103,2021cicX14537322,F2,Tier_A_strict_identity,True,True,False,0.9935,fTroAst55:0.994,2,True,True,two_parent__A_exact_multigeneration_stable,A_exact_pair,two_parent,True,-103329.56317578677,"T08 child painting is a correlated cross-check, not an independent likelihood. Invariant calls agree across the individual and selected soft-prevalence models, marker densities, leave-one-chromosome analyses, model sensitivities, and the painted-child transmission cross-check."
fTroAst19,2021cicX13611467,mother,F,F1,fTroAst103,2021cicX14537322,F2,Tier_A_strict_identity,True,True,False,1.0,fTroAst19:1.000,2,True,True,two_parent__A_exact_multigeneration_stable,A_exact_pair,two_parent,True,-103329.56317578677,"T08 child painting is a correlated cross-check, not an independent likelihood. Invariant calls agree across the individual and selected soft-prevalence models, marker densities, leave-one-chromosome analyses, model sensitivities, and the painted-child transmission cross-check."
fTroAst18,2021cicX13611459,father,M,F1,fTroAst105,2021cicX14537323,F2,Tier_B_additional_identity,False,True,False,0.6405,fTroAst18:0.641;fTroAst25:0.254;fTroAst11:0.092,2,False,True,two_parent__E_competing_parental_hypotheses,B_exact_pair,two_parent,True,-672590.5608848669,"T08 child painting is a correlated cross-check, not an independent likelihood. Invariant calls agree across the individual and selected soft-prevalence models, marker densities, leave-one-chromosome analyses, model sensitivities, and the painted-child transmission cross-check."
fTroAst12,2021cicX13611466,mother,F,F1,fTroAst105,2021cicX14537323,F2,Tier_B_additional_identity,False,True,False,0.609,fTroAst12:0.609;fTroAst38:0.391,2,False,True,two_parent__E_competing_parental_hypotheses,B_exact_pair,two_parent,True,-672590.5608848669,"T08 child painting is a correlated cross-check, not an independent likelihood. Invariant calls agree across the individual and selected soft-prevalence models, marker densities, leave-one-chromosome analyses, model sensitivities, and the painted-child transmission cross-check."
fTroAst11,2021cicX13611458,father,M,F1,fTroAst107,2021cicX14537324,F2,Leading_hypothesis_below_Tier_B,False,False,False,0.39,fTroAst11:0.390;fTroAst37:0.374;fTroAst25:0.128;fTroAst18:0.060,2,False,False,two_parent__E_competing_parental_hypotheses,C_not_yet_defined,two_parent,True,-867228.7792676105,"T08 child painting is a correlated cross-check, not an independent likelihood. Invariant calls agree across the individual and selected soft-prevalence models, marker densities, leave-one-chromosome analyses, model sensitivities, and the painted-child transmission cross-check."
fTroAst44,2021cicX13611471,mother,F,F1,fTroAst107,2021cicX14537324,F2,Leading_hypothesis_below_Tier_B,False,False,False,0.4665,fTroAst44:0.467;fTroAst12:0.304;fTroAst38:0.097;fTroAst56:0.089,2,False,False,two_parent__E_competing_parental_hypotheses,C_not_yet_defined,two_parent,True,-867228.7792676105,"T08 child painting is a correlated cross-check, not an independent likelihood. Invariant calls agree across the individual and selected soft-prevalence models, marker densities, leave-one-chromosome analyses, model sensitivities, and the painted-child transmission cross-check."
fTroAst31,2021cicX13611461,father,M,F1,fTroAst108,2021cicX14537325,F2,Tier_A_strict_identity,True,True,False,1.0,fTroAst31:1.000,2,True,True,two_parent__A_exact_multigeneration_stable,A_exact_pair,two_parent,True,-14261.464430419262,"T08 child painting is a correlated cross-check, not an independent likelihood. Invariant calls agree across the individual and selected soft-prevalence models, marker densities, leave-one-chromosome analyses, model sensitivities, and the painted-child transmission cross-check."
fTroAst38,2021cicX13611470,mother,F,F1,fTroAst108,2021cicX14537325,F2,Tier_A_strict_identity,True,True,False,1.0,fTroAst38:1.000,2,True,True,two_parent__A_exact_multigeneration_stable,A_exact_pair,two_parent,True,-14261.464430419262,"T08 child painting is a correlated cross-check, not an independent likelihood. Invariant calls agree across the individual and selected soft-prevalence models, marker densities, leave-one-chromosome analyses, model sensitivities, and the painted-child transmission cross-check."
fTroAst49,2021cicX13611464,father,M,F1,fTroAst109,2021cicX14537326,F2,Tier_A_strict_identity,True,True,False,1.0,fTroAst49:1.000,2,True,True,two_parent__A_exact_multigeneration_stable,A_exact_pair,two_parent,True,-5667.251399142202,"T08 child painting is a correlated cross-check, not an independent likelihood. Invariant calls agree across the individual and selected soft-prevalence models, marker densities, leave-one-chromosome analyses, model sensitivities, and the painted-child transmission cross-check."
fTroAst56,2021cicX13611473,mother,F,F1,fTroAst109,2021cicX14537326,F2,Tier_A_strict_identity,True,True,False,0.9965,fTroAst56:0.997,2,True,True,two_parent__A_exact_multigeneration_stable,A_exact_pair,two_parent,True,-5667.251399142202,"T08 child painting is a correlated cross-check, not an independent likelihood. Invariant calls agree across the individual and selected soft-prevalence models, marker densities, leave-one-chromosome analyses, model sensitivities, and the painted-child transmission cross-check."
fTroAst31,2021cicX13611461,father,M,F1,fTroAst110,2021cicX14537327,F2,Tier_A_strict_identity,True,True,False,1.0,fTroAst31:1.000,2,True,True,two_parent__A_exact_multigeneration_stable,A_exact_pair,two_parent,True,-451052.79003225546,"T08 child painting is a correlated cross-check, not an independent likelihood. Invariant calls agree across the individual and selected soft-prevalence models, marker densities, leave-one-chromosome analyses, model sensitivities, and the painted-child transmission cross-check."
fTroAst12,2021cicX13611466,mother,F,F1,fTroAst110,2021cicX14537327,F2,Tier_A_strict_identity,True,True,False,1.0,fTroAst12:1.000,2,True,True,two_parent__A_exact_multigeneration_stable,A_exact_pair,two_parent,True,-451052.79003225546,"T08 child painting is a correlated cross-check, not an independent likelihood. Invariant calls agree across the individual and selected soft-prevalence models, marker densities, leave-one-chromosome analyses, model sensitivities, and the painted-child transmission cross-check."
fTroAst11,2021cicX13611458,father,M,F1,fTroAst111,2021cicX14537328,F2,Leading_hypothesis_below_Tier_B,False,False,False,0.437,fTroAst11:0.437;fTroAst25:0.235;fTroAst37:0.172;fTroAst18:0.123,2,False,False,U_parent_count_or_identity_unresolved,C_not_yet_defined,two_parent,False,-979043.7122552564,"T08 child painting is a correlated cross-check, not an independent likelihood. Invariant calls agree across the individual and selected soft-prevalence models, marker densities, leave-one-chromosome analyses, model sensitivities, and the painted-child transmission cross-check."
fTroAst44,2021cicX13611471,mother,F,F1,fTroAst111,2021cicX14537328,F2,Leading_hypothesis_below_Tier_B,False,False,False,0.489,fTroAst44:0.489;fTroAst26:0.233;fTroAst12:0.138;fTroAst19:0.054;fTroAst32:0.035;fTroAst38:0.035,2,False,False,U_parent_count_or_identity_unresolved,C_not_yet_defined,two_parent,False,-979043.7122552564,"T08 child painting is a correlated cross-check, not an independent likelihood. Invariant calls agree across the individual and selected soft-prevalence models, marker densities, leave-one-chromosome analyses, model sensitivities, and the painted-child transmission cross-check."
fTroAst31,2021cicX13611461,father,M,F1,fTroAst112,2021cicX14537329,F2,Tier_A_strict_identity,True,True,False,1.0,fTroAst31:1.000,2,True,True,two_parent__A_exact_multigeneration_stable,A_exact_pair,two_parent,True,36112.92681470327,"T08 child painting is a correlated cross-check, not an independent likelihood. Invariant calls agree across the individual and selected soft-prevalence models, marker densities, leave-one-chromosome analyses, model sensitivities, and the painted-child transmission cross-check."
fTroAst38,2021cicX13611470,mother,F,F1,fTroAst112,2021cicX14537329,F2,Tier_A_strict_identity,True,True,False,1.0,fTroAst38:1.000,2,True,True,two_parent__A_exact_multigeneration_stable,A_exact_pair,two_parent,True,36112.92681470327,"T08 child painting is a correlated cross-check, not an independent likelihood. Invariant calls agree across the individual and selected soft-prevalence models, marker densities, leave-one-chromosome analyses, model sensitivities, and the painted-child transmission cross-check."
fTroAst49,2021cicX13611464,father,M,F1,fTroAst104,2021cicX14537330,F2,Tier_A_strict_identity,True,True,False,1.0,fTroAst49:1.000,2,True,True,two_parent__A_exact_multigeneration_stable,A_exact_pair,two_parent,True,-292491.4310780186,"T08 child painting is a correlated cross-check, not an independent likelihood. Invariant calls agree across the individual and selected soft-prevalence models, marker densities, leave-one-chromosome analyses, model sensitivities, and the painted-child transmission cross-check."
fTroAst56,2021cicX13611473,mother,F,F1,fTroAst104,2021cicX14537330,F2,Tier_A_strict_identity,True,True,False,0.6075,fTroAst56:0.608;fTroAst19:0.175;fTroAst26:0.116;fTroAst32:0.048;fTroAst44:0.048,2,True,True,two_parent__A_exact_multigeneration_stable,A_exact_pair,two_parent,True,-292491.4310780186,"T08 child painting is a correlated cross-check, not an independent likelihood. Invariant calls agree across the individual and selected soft-prevalence models, marker densities, leave-one-chromosome analyses, model sensitivities, and the painted-child transmission cross-check."
fTroAst18,2021cicX13611459,father,M,F1,fTroAst106,2021cicX14537331,F2,Leading_hypothesis_below_Tier_B,False,False,False,0.5945,fTroAst18:0.595;fTroAst11:0.368,2,False,False,two_parent__E_competing_parental_hypotheses,C_not_yet_defined,two_parent,True,-974720.2323571156,"T08 child painting is a correlated cross-check, not an independent likelihood. Invariant calls agree across the individual and selected soft-prevalence models, marker densities, leave-one-chromosome analyses, model sensitivities, and the painted-child transmission cross-check."
fTroAst44,2021cicX13611471,mother,F,F1,fTroAst106,2021cicX14537331,F2,Leading_hypothesis_below_Tier_B,False,False,False,0.3955,fTroAst44:0.396;fTroAst56:0.187;fTroAst50:0.165;fTroAst32:0.160;fTroAst26:0.087,2,False,False,two_parent__E_competing_parental_hypotheses,C_not_yet_defined,two_parent,True,-974720.2323571156,"T08 child painting is a correlated cross-check, not an independent likelihood. Invariant calls agree across the individual and selected soft-prevalence models, marker densities, leave-one-chromosome analyses, model sensitivities, and the painted-child transmission cross-check."
fTroMau1,2021cicX11218980,father,M,G0,fTroAst11,2021cicX13611458,F1,G0_to_F1_inferred_seed,True,True,False,1.0,fTroMau1:1.000,2,False,False,best_supported_hypothesis__exact_pair_stable,,,False,726263.694992651,Top admissible parent-pair hypothesis; consult stability and 95% alternative columns before treating it as resolved.
fAstCal30,2021cicX11218978,mother,F,G0,fTroAst11,2021cicX13611458,F1,G0_to_F1_inferred_seed,True,True,False,1.0,fAstCal30:1.000,2,False,False,best_supported_hypothesis__exact_pair_stable,,,False,726263.694992651,Top admissible parent-pair hypothesis; consult stability and 95% alternative columns before treating it as resolved.
fTroMau1,2021cicX11218980,father,M,G0,fTroAst18,2021cicX13611459,F1,G0_to_F1_inferred_seed,True,True,False,1.0,fTroMau1:1.000,2,False,False,best_supported_hypothesis__exact_pair_stable,,,False,786865.741088446,Top admissible parent-pair hypothesis; consult stability and 95% alternative columns before treating it as resolved.
fAstCal30,2021cicX11218978,mother,F,G0,fTroAst18,2021cicX13611459,F1,G0_to_F1_inferred_seed,True,True,False,1.0,fAstCal30:1.000,2,False,False,best_supported_hypothesis__exact_pair_stable,,,False,786865.741088446,Top admissible parent-pair hypothesis; consult stability and 95% alternative columns before treating it as resolved.
fTroMau1,2021cicX11218980,father,M,G0,fTroAst25,2021cicX13611460,F1,G0_to_F1_inferred_seed,True,True,False,1.0,fTroMau1:1.000,2,False,False,best_supported_hypothesis__exact_pair_stable,,,False,759118.8690862844,Top admissible parent-pair hypothesis; consult stability and 95% alternative columns before treating it as resolved.
fAstCal30,2021cicX11218978,mother,F,G0,fTroAst25,2021cicX13611460,F1,G0_to_F1_inferred_seed,True,True,False,1.0,fAstCal30:1.000,2,False,False,best_supported_hypothesis__exact_pair_stable,,,False,759118.8690862844,Top admissible parent-pair hypothesis; consult stability and 95% alternative columns before treating it as resolved.
fTroMau1,2021cicX11218980,father,M,G0,fTroAst31,2021cicX13611461,F1,G0_to_F1_inferred_seed,True,True,False,1.0,fTroMau1:1.000,2,False,False,best_supported_hypothesis__exact_pair_stable,,,False,760428.4529374961,Top admissible parent-pair hypothesis; consult stability and 95% alternative columns before treating it as resolved.
fAstCal29,2021cicX11218977,mother,F,G0,fTroAst31,2021cicX13611461,F1,G0_to_F1_inferred_seed,True,True,False,1.0,fAstCal29:1.000,2,False,False,best_supported_hypothesis__exact_pair_stable,,,False,760428.4529374961,Top admissible parent-pair hypothesis; consult stability and 95% alternative columns before treating it as resolved.
fTroMau1,2021cicX11218980,father,M,G0,fTroAst37,2021cicX13611462,F1,G0_to_F1_inferred_seed,True,True,False,1.0,fTroMau1:1.000,2,False,False,best_supported_hypothesis__exact_pair_stable,,,False,794797.1841484737,Top admissible parent-pair hypothesis; consult stability and 95% alternative columns before treating it as resolved.
fAstCal31,2021cicX11218979,mother,F,G0,fTroAst37,2021cicX13611462,F1,G0_to_F1_inferred_seed,True,True,False,1.0,fAstCal31:1.000,2,False,False,best_supported_hypothesis__exact_pair_stable,,,False,794797.1841484737,Top admissible parent-pair hypothesis; consult stability and 95% alternative columns before treating it as resolved.
fTroMau1,2021cicX11218980,father,M,G0,fTroAst43,2021cicX13611463,F1,G0_to_F1_inferred_seed,True,True,False,1.0,fTroMau1:1.000,2,False,False,best_supported_hypothesis__exact_pair_stable,,,False,742936.4139803159,Top admissible parent-pair hypothesis; consult stability and 95% alternative columns before treating it as resolved.
fAstCal29,2021cicX11218977,mother,F,G0,fTroAst43,2021cicX13611463,F1,G0_to_F1_inferred_seed,True,True,False,1.0,fAstCal29:1.000,2,False,False,best_supported_hypothesis__exact_pair_stable,,,False,742936.4139803159,Top admissible parent-pair hypothesis; consult stability and 95% alternative columns before treating it as resolved.
fTroMau1,2021cicX11218980,father,M,G0,fTroAst49,2021cicX13611464,F1,G0_to_F1_inferred_seed,True,True,False,1.0,fTroMau1:1.000,2,False,False,best_supported_hypothesis__exact_pair_stable,,,False,774928.5315063216,Top admissible parent-pair hypothesis; consult stability and 95% alternative columns before treating it as resolved.
fAstCal29,2021cicX11218977,mother,F,G0,fTroAst49,2021cicX13611464,F1,G0_to_F1_inferred_seed,True,True,False,1.0,fAstCal29:1.000,2,False,False,best_supported_hypothesis__exact_pair_stable,,,False,774928.5315063216,Top admissible parent-pair hypothesis; consult stability and 95% alternative columns before treating it as resolved.
fTroMau1,2021cicX11218980,father,M,G0,fTroAst55,2021cicX13611465,F1,G0_to_F1_inferred_seed,True,True,False,1.0,fTroMau1:1.000,2,False,False,best_supported_hypothesis__exact_pair_stable,,,False,348064.9893190968,Top admissible parent-pair hypothesis; consult stability and 95% alternative columns before treating it as resolved.
fAstCal29,2021cicX11218977,mother,F,G0,fTroAst55,2021cicX13611465,F1,G0_to_F1_inferred_seed,True,True,False,1.0,fAstCal29:1.000,2,False,False,best_supported_hypothesis__exact_pair_stable,,,False,348064.9893190968,Top admissible parent-pair hypothesis; consult stability and 95% alternative columns before treating it as resolved.
fTroMau1,2021cicX11218980,father,M,G0,fTroAst12,2021cicX13611466,F1,G0_to_F1_inferred_seed,True,True,False,1.0,fTroMau1:1.000,2,False,False,best_supported_hypothesis__exact_pair_stable,,,False,736395.5359774025,Top admissible parent-pair hypothesis; consult stability and 95% alternative columns before treating it as resolved.
fAstCal30,2021cicX11218978,mother,F,G0,fTroAst12,2021cicX13611466,F1,G0_to_F1_inferred_seed,True,True,False,1.0,fAstCal30:1.000,2,False,False,best_supported_hypothesis__exact_pair_stable,,,False,736395.5359774025,Top admissible parent-pair hypothesis; consult stability and 95% alternative columns before treating it as resolved.
fTroMau1,2021cicX11218980,father,M,G0,fTroAst19,2021cicX13611467,F1,G0_to_F1_inferred_seed,True,True,False,1.0,fTroMau1:1.000,2,False,False,best_supported_hypothesis__exact_pair_stable,,,False,756767.9222523693,Top admissible parent-pair hypothesis; consult stability and 95% alternative columns before treating it as resolved.
fAstCal31,2021cicX11218979,mother,F,G0,fTroAst19,2021cicX13611467,F1,G0_to_F1_inferred_seed,True,True,False,1.0,fAstCal31:1.000,2,False,False,best_supported_hypothesis__exact_pair_stable,,,False,756767.9222523693,Top admissible parent-pair hypothesis; consult stability and 95% alternative columns before treating it as resolved.
fTroMau1,2021cicX11218980,father,M,G0,fTroAst26,2021cicX13611468,F1,G0_to_F1_inferred_seed,True,True,False,1.0,fTroMau1:1.000,2,False,False,best_supported_hypothesis__exact_pair_stable,,,False,766972.4675828663,Top admissible parent-pair hypothesis; consult stability and 95% alternative columns before treating it as resolved.
fAstCal31,2021cicX11218979,mother,F,G0,fTroAst26,2021cicX13611468,F1,G0_to_F1_inferred_seed,True,True,False,1.0,fAstCal31:1.000,2,False,False,best_supported_hypothesis__exact_pair_stable,,,False,766972.4675828663,Top admissible parent-pair hypothesis; consult stability and 95% alternative columns before treating it as resolved.
fTroMau1,2021cicX11218980,father,M,G0,fTroAst32,2021cicX13611469,F1,G0_to_F1_inferred_seed,True,True,False,1.0,fTroMau1:1.000,2,False,False,best_supported_hypothesis__exact_pair_stable,,,False,761239.9307659771,Top admissible parent-pair hypothesis; consult stability and 95% alternative columns before treating it as resolved.
fAstCal31,2021cicX11218979,mother,F,G0,fTroAst32,2021cicX13611469,F1,G0_to_F1_inferred_seed,True,True,False,1.0,fAstCal31:1.000,2,False,False,best_supported_hypothesis__exact_pair_stable,,,False,761239.9307659771,Top admissible parent-pair hypothesis; consult stability and 95% alternative columns before treating it as resolved.
fTroMau1,2021cicX11218980,father,M,G0,fTroAst38,2021cicX13611470,F1,G0_to_F1_inferred_seed,True,True,False,1.0,fTroMau1:1.000,2,False,False,best_supported_hypothesis__exact_pair_stable,,,False,737368.1361286824,Top admissible parent-pair hypothesis; consult stability and 95% alternative columns before treating it as resolved.
fAstCal30,2021cicX11218978,mother,F,G0,fTroAst38,2021cicX13611470,F1,G0_to_F1_inferred_seed,True,True,False,1.0,fAstCal30:1.000,2,False,False,best_supported_hypothesis__exact_pair_stable,,,False,737368.1361286824,Top admissible parent-pair hypothesis; consult stability and 95% alternative columns before treating it as resolved.
fTroMau1,2021cicX11218980,father,M,G0,fTroAst44,2021cicX13611471,F1,G0_to_F1_inferred_seed,True,True,False,1.0,fTroMau1:1.000,2,False,False,best_supported_hypothesis__exact_pair_stable,,,False,748417.8837821716,Top admissible parent-pair hypothesis; consult stability and 95% alternative columns before treating it as resolved.
fAstCal31,2021cicX11218979,mother,F,G0,fTroAst44,2021cicX13611471,F1,G0_to_F1_inferred_seed,True,True,False,1.0,fAstCal31:1.000,2,False,False,best_supported_hypothesis__exact_pair_stable,,,False,748417.8837821716,Top admissible parent-pair hypothesis; consult stability and 95% alternative columns before treating it as resolved.
fTroMau1,2021cicX11218980,father,M,G0,fTroAst50,2021cicX13611472,F1,G0_to_F1_inferred_seed,True,True,False,1.0,fTroMau1:1.000,2,False,False,best_supported_hypothesis__exact_pair_stable,,,False,805389.1083814614,Top admissible parent-pair hypothesis; consult stability and 95% alternative columns before treating it as resolved.
fAstCal31,2021cicX11218979,mother,F,G0,fTroAst50,2021cicX13611472,F1,G0_to_F1_inferred_seed,True,True,False,1.0,fAstCal31:1.000,2,False,False,best_supported_hypothesis__exact_pair_stable,,,False,805389.1083814614,Top admissible parent-pair hypothesis; consult stability and 95% alternative columns before treating it as resolved.
fTroMau1,2021cicX11218980,father,M,G0,fTroAst56,2021cicX13611473,F1,G0_to_F1_inferred_seed,True,True,False,1.0,fTroMau1:1.000,2,False,False,best_supported_hypothesis__exact_pair_stable,,,False,467116.44977973145,Top admissible parent-pair hypothesis; consult stability and 95% alternative columns before treating it as resolved.
fAstCal31,2021cicX11218979,mother,F,G0,fTroAst56,2021cicX13611473,F1,G0_to_F1_inferred_seed,True,True,False,1.0,fAstCal31:1.000,2,False,False,best_supported_hypothesis__exact_pair_stable,,,False,467116.44977973145,Top admissible parent-pair hypothesis; consult stability and 95% alternative columns before treating it as resolved.
