ParentIndividualID,ParentProjectEntityID,ParentRole,ParentSex,ParentGeneration,ChildIndividualID,ChildProjectEntityID,ChildGeneration,EdgeEvidenceClass,IncludedInTierA,IncludedInTierB,IncludedInTierC,IncludedInComplete,FirstIncludedView,ForcedCompleteOnly,EdgeBootstrapFraction,EdgeVariantFraction,EdgeLeaveOneChromosomeFraction,EdgeAlternatives95,PairBootstrapFraction,PairVariantFraction,PairLeaveOneChromosomeFraction,PairAlternatives95,ParentCountMAPState,ParentCountStateBootstrapFraction,ParentCountStateLeaveOneChromosomeFraction,ParentCountStatePriorFraction,EdgeInclusionReason,Caveat
fAulAsc151,2021cicX11218969,father,M,F1,fAulAsc1,2021cicX11218795,F2,Tier_B_additional_identity,False,True,True,True,tier_B,False,0.7330000000000001,1.0,1.0,fAulAsc151:0.733;fAulAsc155:0.191;fAulAsc150:0.038,0.455,1.0,0.9545454545454546,fAulAsc151+fAulAsc153:0.455;fAulAsc151+fAulAsc154:0.278;fAulAsc155+fAulAsc153:0.179;fAulAsc150+fAulAsc153:0.038,mother_only,0.0,0.0,0.0,Tier B chromosome-resampling identity stability,Internal stability or leading rank is not breeding-record ground truth; Tier C identity is explicitly uncertain.
fAulAsc153,2021cicX11218971,mother,F,F1,fAulAsc1,2021cicX11218795,F2,Tier_B_additional_identity,False,True,True,True,tier_B,False,0.7105,1.0,0.9545454545454546,fAulAsc153:0.711;fAulAsc154:0.290,0.455,1.0,0.9545454545454546,fAulAsc151+fAulAsc153:0.455;fAulAsc151+fAulAsc154:0.278;fAulAsc155+fAulAsc153:0.179;fAulAsc150+fAulAsc153:0.038,mother_only,0.0,0.0,0.0,Tier B chromosome-resampling identity stability,Internal stability or leading rank is not breeding-record ground truth; Tier C identity is explicitly uncertain.
fAulAsc157,2021cicX11218975,father,M,F1,fAulAsc2,2021cicX11218796,F2,Tier_A_strict_identity,True,True,True,True,tier_A,False,0.95275,1.0,1.0,fAulAsc157:0.953,0.82375,1.0,1.0,fAulAsc157+fAulAsc154:0.824;fAulAsc157+fAulAsc153:0.129,zero_parent,0.0,0.0,0.0,strict chromosome-resampling identity stability,Internal stability or leading rank is not breeding-record ground truth; Tier C identity is explicitly uncertain.
fAulAsc154,2021cicX11218972,mother,F,F1,fAulAsc2,2021cicX11218796,F2,Tier_B_additional_identity,False,True,True,True,tier_B,False,0.8694999999999999,1.0,1.0,fAulAsc154:0.869;fAulAsc153:0.131,0.82375,1.0,1.0,fAulAsc157+fAulAsc154:0.824;fAulAsc157+fAulAsc153:0.129,zero_parent,0.0,0.0,0.0,Tier B chromosome-resampling identity stability,Internal stability or leading rank is not breeding-record ground truth; Tier C identity is explicitly uncertain.
fAulAsc157,2021cicX11218975,father,M,F1,fAulAsc3,2021cicX11218797,F2,Tier_B_additional_identity,False,True,True,True,tier_B,False,0.8135,1.0,1.0,fAulAsc157:0.814;fAulAsc158:0.182,0.474,1.0,0.8636363636363636,fAulAsc157+fAulAsc154:0.474;fAulAsc157+fAulAsc153:0.340;fAulAsc158+fAulAsc154:0.104;fAulAsc158+fAulAsc153:0.079,zero_parent,0.0,0.0,0.0,Tier B chromosome-resampling identity stability,Internal stability or leading rank is not breeding-record ground truth; Tier C identity is explicitly uncertain.
fAulAsc154,2021cicX11218972,mother,F,F1,fAulAsc3,2021cicX11218797,F2,Tier_B_additional_identity,False,True,True,True,tier_B,False,0.5812499999999999,1.0,0.8636363636363636,fAulAsc154:0.581;fAulAsc153:0.419,0.474,1.0,0.8636363636363636,fAulAsc157+fAulAsc154:0.474;fAulAsc157+fAulAsc153:0.340;fAulAsc158+fAulAsc154:0.104;fAulAsc158+fAulAsc153:0.079,zero_parent,0.0,0.0,0.0,Tier B chromosome-resampling identity stability,Internal stability or leading rank is not breeding-record ground truth; Tier C identity is explicitly uncertain.
fAulAsc157,2021cicX11218975,father,M,F1,fAulAsc4,2021cicX11218798,F2,Tier_B_additional_identity,False,True,True,True,tier_B,False,0.8407499999999999,1.0,1.0,fAulAsc157:0.841;fAulAsc158:0.159,0.691,1.0,1.0,fAulAsc157+fAulAsc153:0.691;fAulAsc157+fAulAsc154:0.150;fAulAsc158+fAulAsc153:0.090;fAulAsc158+fAulAsc154:0.069,father_only,0.0015,0.0,0.0,Tier B chromosome-resampling identity stability,Internal stability or leading rank is not breeding-record ground truth; Tier C identity is explicitly uncertain.
fAulAsc153,2021cicX11218971,mother,F,F1,fAulAsc4,2021cicX11218798,F2,Tier_B_additional_identity,False,True,True,True,tier_B,False,0.78125,1.0,1.0,fAulAsc153:0.781;fAulAsc154:0.219,0.691,1.0,1.0,fAulAsc157+fAulAsc153:0.691;fAulAsc157+fAulAsc154:0.150;fAulAsc158+fAulAsc153:0.090;fAulAsc158+fAulAsc154:0.069,father_only,0.0015,0.0,0.0,Tier B chromosome-resampling identity stability,Internal stability or leading rank is not breeding-record ground truth; Tier C identity is explicitly uncertain.
fAulAsc158,2021cicX11218976,father,M,F1,fAulAsc5,2021cicX11218799,F2,Tier_C_design_conditioned_leading_identity,False,False,True,True,tier_C,False,0.4815,1.0,0.7727272727272727,fAulAsc157:0.518;fAulAsc158:0.482,0.3805,1.0,0.7727272727272727,fAulAsc158+fAulAsc154:0.381;fAulAsc157+fAulAsc153:0.275;fAulAsc157+fAulAsc154:0.243;fAulAsc158+fAulAsc153:0.101,zero_parent,0.0,0.0,0.0,leading joint-MAP pair identity admitted because the recorded-F1 candidate panel is independently guaranteed complete,Internal stability or leading rank is not breeding-record ground truth; Tier C identity is explicitly uncertain.
fAulAsc154,2021cicX11218972,mother,F,F1,fAulAsc5,2021cicX11218799,F2,Tier_C_design_conditioned_leading_identity,False,False,True,True,tier_C,False,0.62375,1.0,0.7727272727272727,fAulAsc154:0.624;fAulAsc153:0.376,0.3805,1.0,0.7727272727272727,fAulAsc158+fAulAsc154:0.381;fAulAsc157+fAulAsc153:0.275;fAulAsc157+fAulAsc154:0.243;fAulAsc158+fAulAsc153:0.101,zero_parent,0.0,0.0,0.0,leading joint-MAP pair identity admitted because the recorded-F1 candidate panel is independently guaranteed complete,Internal stability or leading rank is not breeding-record ground truth; Tier C identity is explicitly uncertain.
fAulAsc158,2021cicX11218976,father,M,F1,fAulAsc6,2021cicX11218800,F2,Tier_C_design_conditioned_leading_identity,False,False,True,True,tier_C,False,0.623,0.1428571428571428,0.9090909090909092,fAulAsc158:0.623;fAulAsc157:0.368,0.43575,0.1428571428571428,0.9090909090909092,fAulAsc158+fAulAsc154:0.436;fAulAsc157+fAulAsc153:0.282;fAulAsc158+fAulAsc153:0.187;fAulAsc157+fAulAsc154:0.086,zero_parent,0.0,0.0,0.0,leading joint-MAP pair identity admitted because the recorded-F1 candidate panel is independently guaranteed complete,Internal stability or leading rank is not breeding-record ground truth; Tier C identity is explicitly uncertain.
fAulAsc154,2021cicX11218972,mother,F,F1,fAulAsc6,2021cicX11218800,F2,Tier_C_design_conditioned_leading_identity,False,False,True,True,tier_C,False,0.5295000000000001,0.1428571428571428,0.9090909090909092,fAulAsc154:0.530;fAulAsc153:0.470,0.43575,0.1428571428571428,0.9090909090909092,fAulAsc158+fAulAsc154:0.436;fAulAsc157+fAulAsc153:0.282;fAulAsc158+fAulAsc153:0.187;fAulAsc157+fAulAsc154:0.086,zero_parent,0.0,0.0,0.0,leading joint-MAP pair identity admitted because the recorded-F1 candidate panel is independently guaranteed complete,Internal stability or leading rank is not breeding-record ground truth; Tier C identity is explicitly uncertain.
fAulAsc158,2021cicX11218976,father,M,F1,fAulAsc7,2021cicX11218801,F2,Tier_B_additional_identity,False,True,True,True,tier_B,False,0.8875,1.0,1.0,fAulAsc158:0.887;fAulAsc157:0.112,0.8115,1.0,1.0,fAulAsc158+fAulAsc153:0.811;fAulAsc157+fAulAsc154:0.111;fAulAsc158+fAulAsc154:0.076,zero_parent,0.0,0.0,0.0,Tier B chromosome-resampling identity stability,Internal stability or leading rank is not breeding-record ground truth; Tier C identity is explicitly uncertain.
fAulAsc153,2021cicX11218971,mother,F,F1,fAulAsc7,2021cicX11218801,F2,Tier_B_additional_identity,False,True,True,True,tier_B,False,0.81275,1.0,1.0,fAulAsc153:0.813;fAulAsc154:0.187,0.8115,1.0,1.0,fAulAsc158+fAulAsc153:0.811;fAulAsc157+fAulAsc154:0.111;fAulAsc158+fAulAsc154:0.076,zero_parent,0.0,0.0,0.0,Tier B chromosome-resampling identity stability,Internal stability or leading rank is not breeding-record ground truth; Tier C identity is explicitly uncertain.
fAulAsc158,2021cicX11218976,father,M,F1,fAulAsc8,2021cicX11218802,F2,Tier_A_strict_identity,True,True,True,True,tier_A,False,0.99075,1.0,1.0,fAulAsc158:0.991,0.74425,1.0,1.0,fAulAsc158+fAulAsc154:0.744;fAulAsc158+fAulAsc153:0.246,zero_parent,0.0,0.0,0.0,strict chromosome-resampling identity stability,Internal stability or leading rank is not breeding-record ground truth; Tier C identity is explicitly uncertain.
fAulAsc154,2021cicX11218972,mother,F,F1,fAulAsc8,2021cicX11218802,F2,Tier_B_additional_identity,False,True,True,True,tier_B,False,0.748,1.0,1.0,fAulAsc154:0.748;fAulAsc153:0.252,0.74425,1.0,1.0,fAulAsc158+fAulAsc154:0.744;fAulAsc158+fAulAsc153:0.246,zero_parent,0.0,0.0,0.0,Tier B chromosome-resampling identity stability,Internal stability or leading rank is not breeding-record ground truth; Tier C identity is explicitly uncertain.
fAulAsc151,2021cicX11218969,father,M,F1,fAulAsc9,2021cicX11218803,F2,Tier_A_strict_identity,True,True,True,True,tier_A,False,0.9895,1.0,1.0,fAulAsc151:0.990,0.8025,1.0,1.0,fAulAsc151+fAulAsc154:0.802;fAulAsc151+fAulAsc153:0.187,father_only,0.0005,0.0,0.0,strict chromosome-resampling identity stability,Internal stability or leading rank is not breeding-record ground truth; Tier C identity is explicitly uncertain.
fAulAsc154,2021cicX11218972,mother,F,F1,fAulAsc9,2021cicX11218803,F2,Tier_B_additional_identity,False,True,True,True,tier_B,False,0.813,1.0,1.0,fAulAsc154:0.813;fAulAsc153:0.187,0.8025,1.0,1.0,fAulAsc151+fAulAsc154:0.802;fAulAsc151+fAulAsc153:0.187,father_only,0.0005,0.0,0.0,Tier B chromosome-resampling identity stability,Internal stability or leading rank is not breeding-record ground truth; Tier C identity is explicitly uncertain.
fAulAsc151,2021cicX11218969,father,M,F1,fAulAsc10,2021cicX11218804,F2,Tier_A_strict_identity,True,True,True,True,tier_A,False,0.97375,1.0,1.0,fAulAsc151:0.974,0.94725,1.0,1.0,fAulAsc151+fAulAsc154:0.947;fAulAsc151+fAulAsc153:0.026,father_only,0.0,0.0,0.0,strict chromosome-resampling identity stability,Internal stability or leading rank is not breeding-record ground truth; Tier C identity is explicitly uncertain.
fAulAsc154,2021cicX11218972,mother,F,F1,fAulAsc10,2021cicX11218804,F2,Tier_A_strict_identity,True,True,True,True,tier_A,False,0.96375,1.0,1.0,fAulAsc154:0.964,0.94725,1.0,1.0,fAulAsc151+fAulAsc154:0.947;fAulAsc151+fAulAsc153:0.026,father_only,0.0,0.0,0.0,strict chromosome-resampling identity stability,Internal stability or leading rank is not breeding-record ground truth; Tier C identity is explicitly uncertain.
fAulAsc158,2021cicX11218976,father,M,F1,fAulAsc11,2021cicX11218805,F2,Tier_C_design_conditioned_leading_identity,False,False,True,True,tier_C,False,0.59525,0.5714285714285714,0.7727272727272727,fAulAsc158:0.595;fAulAsc157:0.405,0.594,0.5714285714285714,0.7727272727272727,fAulAsc158+fAulAsc154:0.594;fAulAsc157+fAulAsc153:0.394,zero_parent,0.0,0.0,0.0,leading joint-MAP pair identity admitted because the recorded-F1 candidate panel is independently guaranteed complete,Internal stability or leading rank is not breeding-record ground truth; Tier C identity is explicitly uncertain.
fAulAsc154,2021cicX11218972,mother,F,F1,fAulAsc11,2021cicX11218805,F2,Tier_C_design_conditioned_leading_identity,False,False,True,True,tier_C,False,0.60525,0.5714285714285714,0.7727272727272727,fAulAsc154:0.605;fAulAsc153:0.395,0.594,0.5714285714285714,0.7727272727272727,fAulAsc158+fAulAsc154:0.594;fAulAsc157+fAulAsc153:0.394,zero_parent,0.0,0.0,0.0,leading joint-MAP pair identity admitted because the recorded-F1 candidate panel is independently guaranteed complete,Internal stability or leading rank is not breeding-record ground truth; Tier C identity is explicitly uncertain.
fAulAsc151,2021cicX11218969,father,M,F1,fAulAsc12,2021cicX11218806,F2,Tier_A_strict_identity,True,True,True,True,tier_A,False,0.98425,1.0,1.0,fAulAsc151:0.984,0.68625,1.0,1.0,fAulAsc151+fAulAsc154:0.686;fAulAsc151+fAulAsc153:0.298,zero_parent,0.00825,0.0,0.0,strict chromosome-resampling identity stability,Internal stability or leading rank is not breeding-record ground truth; Tier C identity is explicitly uncertain.
fAulAsc154,2021cicX11218972,mother,F,F1,fAulAsc12,2021cicX11218806,F2,Tier_B_additional_identity,False,True,True,True,tier_B,False,0.6985,1.0,1.0,fAulAsc154:0.699;fAulAsc153:0.301,0.68625,1.0,1.0,fAulAsc151+fAulAsc154:0.686;fAulAsc151+fAulAsc153:0.298,zero_parent,0.00825,0.0,0.0,Tier B chromosome-resampling identity stability,Internal stability or leading rank is not breeding-record ground truth; Tier C identity is explicitly uncertain.
fAulAsc151,2021cicX11218969,father,M,F1,fAulAsc13,2021cicX11218807,F2,Tier_A_strict_identity,True,True,True,True,tier_A,False,0.98475,1.0,1.0,fAulAsc151:0.985,0.98475,1.0,1.0,fAulAsc151+fAulAsc153:0.985,father_only,0.01625,0.0,0.0,strict chromosome-resampling identity stability,Internal stability or leading rank is not breeding-record ground truth; Tier C identity is explicitly uncertain.
fAulAsc153,2021cicX11218971,mother,F,F1,fAulAsc13,2021cicX11218807,F2,Tier_A_strict_identity,True,True,True,True,tier_A,False,0.99975,1.0,1.0,fAulAsc153:1.000,0.98475,1.0,1.0,fAulAsc151+fAulAsc153:0.985,father_only,0.01625,0.0,0.0,strict chromosome-resampling identity stability,Internal stability or leading rank is not breeding-record ground truth; Tier C identity is explicitly uncertain.
fAulAsc151,2021cicX11218969,father,M,F1,fAulAsc14,2021cicX11218808,F2,Tier_A_strict_identity,True,True,True,True,tier_A,False,0.97025,1.0,1.0,fAulAsc151:0.970,0.55225,0.1428571428571428,0.7727272727272727,fAulAsc151+fAulAsc153:0.552;fAulAsc151+fAulAsc154:0.418,father_only,0.00025,0.0,0.0,strict chromosome-resampling identity stability,Internal stability or leading rank is not breeding-record ground truth; Tier C identity is explicitly uncertain.
fAulAsc153,2021cicX11218971,mother,F,F1,fAulAsc14,2021cicX11218808,F2,Tier_C_design_conditioned_leading_identity,False,False,True,True,tier_C,False,0.565,0.1428571428571428,0.7727272727272727,fAulAsc153:0.565;fAulAsc154:0.435,0.55225,0.1428571428571428,0.7727272727272727,fAulAsc151+fAulAsc153:0.552;fAulAsc151+fAulAsc154:0.418,father_only,0.00025,0.0,0.0,leading joint-MAP pair identity admitted because the recorded-F1 candidate panel is independently guaranteed complete,Internal stability or leading rank is not breeding-record ground truth; Tier C identity is explicitly uncertain.
fAulAsc157,2021cicX11218975,father,M,F1,fAulAsc15,2021cicX11218809,F2,Tier_C_design_conditioned_leading_identity,False,False,True,True,tier_C,False,0.5025,1.0,0.5909090909090909,fAulAsc157:0.502;fAulAsc158:0.497,0.5025,1.0,0.5909090909090909,fAulAsc157+fAulAsc154:0.502;fAulAsc158+fAulAsc154:0.461,zero_parent,0.00075,0.0,0.0,leading joint-MAP pair identity admitted because the recorded-F1 candidate panel is independently guaranteed complete,Internal stability or leading rank is not breeding-record ground truth; Tier C identity is explicitly uncertain.
fAulAsc154,2021cicX11218972,mother,F,F1,fAulAsc15,2021cicX11218809,F2,Tier_A_strict_identity,True,True,True,True,tier_A,False,0.96375,1.0,1.0,fAulAsc154:0.964,0.5025,1.0,0.5909090909090909,fAulAsc157+fAulAsc154:0.502;fAulAsc158+fAulAsc154:0.461,zero_parent,0.00075,0.0,0.0,strict chromosome-resampling identity stability,Internal stability or leading rank is not breeding-record ground truth; Tier C identity is explicitly uncertain.
fAulAsc158,2021cicX11218976,father,M,F1,fAulAsc16,2021cicX11218810,F2,Tier_B_additional_identity,False,True,True,True,tier_B,False,0.65125,1.0,1.0,fAulAsc158:0.651;fAulAsc157:0.349,0.48275,1.0,1.0,fAulAsc158+fAulAsc154:0.483;fAulAsc157+fAulAsc154:0.228;fAulAsc158+fAulAsc153:0.169;fAulAsc157+fAulAsc153:0.120,zero_parent,0.0,0.0,0.0,Tier B chromosome-resampling identity stability,Internal stability or leading rank is not breeding-record ground truth; Tier C identity is explicitly uncertain.
fAulAsc154,2021cicX11218972,mother,F,F1,fAulAsc16,2021cicX11218810,F2,Tier_B_additional_identity,False,True,True,True,tier_B,False,0.71075,1.0,1.0,fAulAsc154:0.711;fAulAsc153:0.289,0.48275,1.0,1.0,fAulAsc158+fAulAsc154:0.483;fAulAsc157+fAulAsc154:0.228;fAulAsc158+fAulAsc153:0.169;fAulAsc157+fAulAsc153:0.120,zero_parent,0.0,0.0,0.0,Tier B chromosome-resampling identity stability,Internal stability or leading rank is not breeding-record ground truth; Tier C identity is explicitly uncertain.
fAulAsc157,2021cicX11218975,father,M,F1,fAulAsc17,2021cicX11218811,F2,Tier_B_additional_identity,False,True,True,True,tier_B,False,0.74075,1.0,1.0,fAulAsc157:0.741;fAulAsc158:0.259,0.53,0.2857142857142857,1.0,fAulAsc157+fAulAsc154:0.530;fAulAsc157+fAulAsc153:0.211;fAulAsc158+fAulAsc154:0.181;fAulAsc158+fAulAsc153:0.078,zero_parent,0.0,0.0,0.0,Tier B chromosome-resampling identity stability,Internal stability or leading rank is not breeding-record ground truth; Tier C identity is explicitly uncertain.
fAulAsc154,2021cicX11218972,mother,F,F1,fAulAsc17,2021cicX11218811,F2,Tier_C_design_conditioned_leading_identity,False,False,True,True,tier_C,False,0.7110000000000001,0.2857142857142857,1.0,fAulAsc154:0.711;fAulAsc153:0.289,0.53,0.2857142857142857,1.0,fAulAsc157+fAulAsc154:0.530;fAulAsc157+fAulAsc153:0.211;fAulAsc158+fAulAsc154:0.181;fAulAsc158+fAulAsc153:0.078,zero_parent,0.0,0.0,0.0,leading joint-MAP pair identity admitted because the recorded-F1 candidate panel is independently guaranteed complete,Internal stability or leading rank is not breeding-record ground truth; Tier C identity is explicitly uncertain.
fAulAsc158,2021cicX11218976,father,M,F1,fAulAsc18,2021cicX11218812,F2,Tier_C_design_conditioned_leading_identity,False,False,True,True,tier_C,False,0.694,1.0,0.7727272727272727,fAulAsc158:0.694;fAulAsc157:0.306,0.4585,0.1428571428571428,0.7727272727272727,fAulAsc158+fAulAsc154:0.459;fAulAsc157+fAulAsc153:0.262;fAulAsc158+fAulAsc153:0.235,zero_parent,0.0,0.0,0.0,leading joint-MAP pair identity admitted because the recorded-F1 candidate panel is independently guaranteed complete,Internal stability or leading rank is not breeding-record ground truth; Tier C identity is explicitly uncertain.
fAulAsc154,2021cicX11218972,mother,F,F1,fAulAsc18,2021cicX11218812,F2,Tier_C_design_conditioned_leading_identity,False,False,True,True,tier_C,False,0.50275,0.1428571428571428,0.7727272727272727,fAulAsc154:0.503;fAulAsc153:0.497,0.4585,0.1428571428571428,0.7727272727272727,fAulAsc158+fAulAsc154:0.459;fAulAsc157+fAulAsc153:0.262;fAulAsc158+fAulAsc153:0.235,zero_parent,0.0,0.0,0.0,leading joint-MAP pair identity admitted because the recorded-F1 candidate panel is independently guaranteed complete,Internal stability or leading rank is not breeding-record ground truth; Tier C identity is explicitly uncertain.
fAulAsc157,2021cicX11218975,father,M,F1,fAulAsc19,2021cicX11218813,F2,Tier_B_additional_identity,False,True,True,True,tier_B,False,0.5612499999999999,1.0,0.8181818181818182,fAulAsc157:0.561;fAulAsc158:0.439,0.56075,1.0,0.8181818181818182,fAulAsc157+fAulAsc154:0.561;fAulAsc158+fAulAsc154:0.321;fAulAsc158+fAulAsc153:0.117,zero_parent,0.0,0.0,0.0,Tier B chromosome-resampling identity stability,Internal stability or leading rank is not breeding-record ground truth; Tier C identity is explicitly uncertain.
fAulAsc154,2021cicX11218972,mother,F,F1,fAulAsc19,2021cicX11218813,F2,Tier_B_additional_identity,False,True,True,True,tier_B,False,0.8819999999999999,1.0,1.0,fAulAsc154:0.882;fAulAsc153:0.118,0.56075,1.0,0.8181818181818182,fAulAsc157+fAulAsc154:0.561;fAulAsc158+fAulAsc154:0.321;fAulAsc158+fAulAsc153:0.117,zero_parent,0.0,0.0,0.0,Tier B chromosome-resampling identity stability,Internal stability or leading rank is not breeding-record ground truth; Tier C identity is explicitly uncertain.
fAulAsc157,2021cicX11218975,father,M,F1,fAulAsc20,2021cicX11218814,F2,Tier_C_design_conditioned_leading_identity,False,False,True,True,tier_C,False,0.44925,1.0,0.5909090909090909,fAulAsc158:0.549;fAulAsc157:0.449,0.44925,1.0,0.5909090909090909,fAulAsc157+fAulAsc154:0.449;fAulAsc158+fAulAsc154:0.381;fAulAsc158+fAulAsc153:0.168,zero_parent,0.0,0.0,0.0,leading joint-MAP pair identity admitted because the recorded-F1 candidate panel is independently guaranteed complete,Internal stability or leading rank is not breeding-record ground truth; Tier C identity is explicitly uncertain.
fAulAsc154,2021cicX11218972,mother,F,F1,fAulAsc20,2021cicX11218814,F2,Tier_B_additional_identity,False,True,True,True,tier_B,False,0.82975,1.0,1.0,fAulAsc154:0.830;fAulAsc153:0.170,0.44925,1.0,0.5909090909090909,fAulAsc157+fAulAsc154:0.449;fAulAsc158+fAulAsc154:0.381;fAulAsc158+fAulAsc153:0.168,zero_parent,0.0,0.0,0.0,Tier B chromosome-resampling identity stability,Internal stability or leading rank is not breeding-record ground truth; Tier C identity is explicitly uncertain.
fAulAsc151,2021cicX11218969,father,M,F1,fAulAsc21,2021cicX11218815,F2,Tier_B_additional_identity,False,True,True,True,tier_B,False,0.85225,1.0,1.0,fAulAsc151:0.852;fAulAsc152:0.076;fAulAsc155:0.035,0.699,1.0,1.0,fAulAsc151+fAulAsc154:0.699;fAulAsc151+fAulAsc153:0.153;fAulAsc152+fAulAsc153:0.075;fAulAsc155+fAulAsc154:0.035,zero_parent,0.001,0.0,0.0,Tier B chromosome-resampling identity stability,Internal stability or leading rank is not breeding-record ground truth; Tier C identity is explicitly uncertain.
fAulAsc154,2021cicX11218972,mother,F,F1,fAulAsc21,2021cicX11218815,F2,Tier_B_additional_identity,False,True,True,True,tier_B,False,0.7579999999999999,1.0,1.0,fAulAsc154:0.758;fAulAsc153:0.242,0.699,1.0,1.0,fAulAsc151+fAulAsc154:0.699;fAulAsc151+fAulAsc153:0.153;fAulAsc152+fAulAsc153:0.075;fAulAsc155+fAulAsc154:0.035,zero_parent,0.001,0.0,0.0,Tier B chromosome-resampling identity stability,Internal stability or leading rank is not breeding-record ground truth; Tier C identity is explicitly uncertain.
fAulAsc158,2021cicX11218976,father,M,F1,fAulAsc22,2021cicX11218816,F2,Tier_B_additional_identity,False,True,True,True,tier_B,False,0.60775,1.0,1.0,fAulAsc158:0.608;fAulAsc157:0.392,0.3565,0.1428571428571428,0.8181818181818182,fAulAsc158+fAulAsc154:0.356;fAulAsc158+fAulAsc153:0.251;fAulAsc157+fAulAsc153:0.249;fAulAsc157+fAulAsc154:0.143,zero_parent,0.0,0.0,0.0,Tier B chromosome-resampling identity stability,Internal stability or leading rank is not breeding-record ground truth; Tier C identity is explicitly uncertain.
fAulAsc154,2021cicX11218972,mother,F,F1,fAulAsc22,2021cicX11218816,F2,Tier_C_design_conditioned_leading_identity,False,False,True,True,tier_C,False,0.4997499999999999,0.1428571428571428,0.8181818181818182,fAulAsc153:0.500;fAulAsc154:0.500,0.3565,0.1428571428571428,0.8181818181818182,fAulAsc158+fAulAsc154:0.356;fAulAsc158+fAulAsc153:0.251;fAulAsc157+fAulAsc153:0.249;fAulAsc157+fAulAsc154:0.143,zero_parent,0.0,0.0,0.0,leading joint-MAP pair identity admitted because the recorded-F1 candidate panel is independently guaranteed complete,Internal stability or leading rank is not breeding-record ground truth; Tier C identity is explicitly uncertain.
fAulAsc151,2021cicX11218969,father,M,F1,fAulAsc23,2021cicX11218817,F2,Tier_A_strict_identity,True,True,True,True,tier_A,False,1.0,1.0,1.0,fAulAsc151:1.000,1.0,1.0,1.0,fAulAsc151+fAulAsc154:1.000,two_parent,1.0,1.0,1.0,strict chromosome-resampling identity stability,Internal stability or leading rank is not breeding-record ground truth; Tier C identity is explicitly uncertain.
fAulAsc154,2021cicX11218972,mother,F,F1,fAulAsc23,2021cicX11218817,F2,Tier_A_strict_identity,True,True,True,True,tier_A,False,1.0,1.0,1.0,fAulAsc154:1.000,1.0,1.0,1.0,fAulAsc151+fAulAsc154:1.000,two_parent,1.0,1.0,1.0,strict chromosome-resampling identity stability,Internal stability or leading rank is not breeding-record ground truth; Tier C identity is explicitly uncertain.
fAulAsc151,2021cicX11218969,father,M,F1,fAulAsc24,2021cicX11218818,F2,Tier_B_additional_identity,False,True,True,True,tier_B,False,0.7222500000000001,1.0,1.0,fAulAsc151:0.722;fAulAsc155:0.196;fAulAsc152:0.043,0.44125,1.0,0.9090909090909092,fAulAsc151+fAulAsc153:0.441;fAulAsc151+fAulAsc154:0.281;fAulAsc155+fAulAsc154:0.184;fAulAsc152+fAulAsc153:0.043;fAulAsc158+fAulAsc153:0.022,zero_parent,0.0005,0.0,0.0,Tier B chromosome-resampling identity stability,Internal stability or leading rank is not breeding-record ground truth; Tier C identity is explicitly uncertain.
fAulAsc153,2021cicX11218971,mother,F,F1,fAulAsc24,2021cicX11218818,F2,Tier_B_additional_identity,False,True,True,True,tier_B,False,0.5185,1.0,0.9090909090909092,fAulAsc153:0.518;fAulAsc154:0.481,0.44125,1.0,0.9090909090909092,fAulAsc151+fAulAsc153:0.441;fAulAsc151+fAulAsc154:0.281;fAulAsc155+fAulAsc154:0.184;fAulAsc152+fAulAsc153:0.043;fAulAsc158+fAulAsc153:0.022,zero_parent,0.0005,0.0,0.0,Tier B chromosome-resampling identity stability,Internal stability or leading rank is not breeding-record ground truth; Tier C identity is explicitly uncertain.
fAulAsc158,2021cicX11218976,father,M,F1,fAulAsc25,2021cicX11218819,F2,Tier_B_additional_identity,False,True,True,True,tier_B,False,0.94775,1.0,1.0,fAulAsc158:0.948;fAulAsc157:0.052,0.628,1.0,1.0,fAulAsc158+fAulAsc153:0.628;fAulAsc158+fAulAsc154:0.320;fAulAsc157+fAulAsc154:0.052,zero_parent,0.0,0.0,0.0,Tier B chromosome-resampling identity stability,Internal stability or leading rank is not breeding-record ground truth; Tier C identity is explicitly uncertain.
fAulAsc153,2021cicX11218971,mother,F,F1,fAulAsc25,2021cicX11218819,F2,Tier_B_additional_identity,False,True,True,True,tier_B,False,0.628,1.0,1.0,fAulAsc153:0.628;fAulAsc154:0.372,0.628,1.0,1.0,fAulAsc158+fAulAsc153:0.628;fAulAsc158+fAulAsc154:0.320;fAulAsc157+fAulAsc154:0.052,zero_parent,0.0,0.0,0.0,Tier B chromosome-resampling identity stability,Internal stability or leading rank is not breeding-record ground truth; Tier C identity is explicitly uncertain.
fAulAsc158,2021cicX11218976,father,M,F1,fAulAsc26,2021cicX11218820,F2,Tier_B_additional_identity,False,True,True,True,tier_B,False,0.8654999999999999,1.0,1.0,fAulAsc158:0.865;fAulAsc157:0.124,0.5365,1.0,0.8636363636363636,fAulAsc158+fAulAsc153:0.536;fAulAsc158+fAulAsc154:0.329;fAulAsc157+fAulAsc154:0.119,zero_parent,0.0,0.0,0.0,Tier B chromosome-resampling identity stability,Internal stability or leading rank is not breeding-record ground truth; Tier C identity is explicitly uncertain.
fAulAsc153,2021cicX11218971,mother,F,F1,fAulAsc26,2021cicX11218820,F2,Tier_B_additional_identity,False,True,True,True,tier_B,False,0.5435,1.0,0.8636363636363636,fAulAsc153:0.543;fAulAsc154:0.457,0.5365,1.0,0.8636363636363636,fAulAsc158+fAulAsc153:0.536;fAulAsc158+fAulAsc154:0.329;fAulAsc157+fAulAsc154:0.119,zero_parent,0.0,0.0,0.0,Tier B chromosome-resampling identity stability,Internal stability or leading rank is not breeding-record ground truth; Tier C identity is explicitly uncertain.
fAulAsc157,2021cicX11218975,father,M,F1,fAulAsc27,2021cicX11218821,F2,Tier_C_design_conditioned_leading_identity,False,False,True,True,tier_C,False,0.552,0.1428571428571428,0.8181818181818182,fAulAsc157:0.552;fAulAsc158:0.448,0.549,0.1428571428571428,0.8181818181818182,fAulAsc157+fAulAsc154:0.549;fAulAsc158+fAulAsc154:0.384;fAulAsc158+fAulAsc153:0.064,zero_parent,0.00075,0.0,0.0,leading joint-MAP pair identity admitted because the recorded-F1 candidate panel is independently guaranteed complete,Internal stability or leading rank is not breeding-record ground truth; Tier C identity is explicitly uncertain.
fAulAsc154,2021cicX11218972,mother,F,F1,fAulAsc27,2021cicX11218821,F2,Tier_B_additional_identity,False,True,True,True,tier_B,False,0.93325,1.0,1.0,fAulAsc154:0.933;fAulAsc153:0.067,0.549,0.1428571428571428,0.8181818181818182,fAulAsc157+fAulAsc154:0.549;fAulAsc158+fAulAsc154:0.384;fAulAsc158+fAulAsc153:0.064,zero_parent,0.00075,0.0,0.0,Tier B chromosome-resampling identity stability,Internal stability or leading rank is not breeding-record ground truth; Tier C identity is explicitly uncertain.
fAulAsc151,2021cicX11218969,father,M,F1,fAulAsc28,2021cicX11218822,F2,Tier_B_additional_identity,False,True,True,True,tier_B,False,0.94,1.0,1.0,fAulAsc151:0.940;fAulAsc150:0.057,0.48675,0.2857142857142857,0.6818181818181818,fAulAsc151+fAulAsc153:0.487;fAulAsc151+fAulAsc154:0.453;fAulAsc150+fAulAsc154:0.057,father_only,0.0,0.0,0.0,Tier B chromosome-resampling identity stability,Internal stability or leading rank is not breeding-record ground truth; Tier C identity is explicitly uncertain.
fAulAsc153,2021cicX11218971,mother,F,F1,fAulAsc28,2021cicX11218822,F2,Tier_C_design_conditioned_leading_identity,False,False,True,True,tier_C,False,0.4895,0.2857142857142857,0.6818181818181818,fAulAsc154:0.510;fAulAsc153:0.489,0.48675,0.2857142857142857,0.6818181818181818,fAulAsc151+fAulAsc153:0.487;fAulAsc151+fAulAsc154:0.453;fAulAsc150+fAulAsc154:0.057,father_only,0.0,0.0,0.0,leading joint-MAP pair identity admitted because the recorded-F1 candidate panel is independently guaranteed complete,Internal stability or leading rank is not breeding-record ground truth; Tier C identity is explicitly uncertain.
fAulAsc150,2021cicX11218968,father,M,F1,fAulAsc29,2021cicX11218823,F2,Tier_A_strict_identity,True,True,True,True,tier_A,False,1.0,1.0,1.0,fAulAsc150:1.000,0.96175,1.0,1.0,fAulAsc150+fAulAsc154:0.962,father_only,0.00275,0.0,0.0,strict chromosome-resampling identity stability,Internal stability or leading rank is not breeding-record ground truth; Tier C identity is explicitly uncertain.
fAulAsc154,2021cicX11218972,mother,F,F1,fAulAsc29,2021cicX11218823,F2,Tier_A_strict_identity,True,True,True,True,tier_A,False,0.96175,1.0,1.0,fAulAsc154:0.962,0.96175,1.0,1.0,fAulAsc150+fAulAsc154:0.962,father_only,0.00275,0.0,0.0,strict chromosome-resampling identity stability,Internal stability or leading rank is not breeding-record ground truth; Tier C identity is explicitly uncertain.
fAulAsc158,2021cicX11218976,father,M,F1,fAulAsc30,2021cicX11218824,F2,Tier_C_design_conditioned_leading_identity,False,False,True,True,tier_C,False,0.75875,0.1428571428571428,1.0,fAulAsc158:0.759;fAulAsc157:0.238,0.51275,0.1428571428571428,1.0,fAulAsc158+fAulAsc154:0.513;fAulAsc158+fAulAsc153:0.246;fAulAsc157+fAulAsc154:0.225,zero_parent,0.0,0.0,0.0,leading joint-MAP pair identity admitted because the recorded-F1 candidate panel is independently guaranteed complete,Internal stability or leading rank is not breeding-record ground truth; Tier C identity is explicitly uncertain.
fAulAsc154,2021cicX11218972,mother,F,F1,fAulAsc30,2021cicX11218824,F2,Tier_B_additional_identity,False,True,True,True,tier_B,False,0.7372500000000001,1.0,1.0,fAulAsc154:0.737;fAulAsc153:0.263,0.51275,0.1428571428571428,1.0,fAulAsc158+fAulAsc154:0.513;fAulAsc158+fAulAsc153:0.246;fAulAsc157+fAulAsc154:0.225,zero_parent,0.0,0.0,0.0,Tier B chromosome-resampling identity stability,Internal stability or leading rank is not breeding-record ground truth; Tier C identity is explicitly uncertain.
fAulAsc157,2021cicX11218975,father,M,F1,fAulAsc31,2021cicX11218825,F2,Tier_C_design_conditioned_leading_identity,False,False,True,True,tier_C,False,0.52175,1.0,0.6363636363636364,fAulAsc157:0.522;fAulAsc158:0.478,0.453,1.0,0.6363636363636364,fAulAsc157+fAulAsc153:0.453;fAulAsc158+fAulAsc154:0.388;fAulAsc158+fAulAsc153:0.090;fAulAsc157+fAulAsc154:0.069,zero_parent,0.0,0.0,0.0,leading joint-MAP pair identity admitted because the recorded-F1 candidate panel is independently guaranteed complete,Internal stability or leading rank is not breeding-record ground truth; Tier C identity is explicitly uncertain.
fAulAsc153,2021cicX11218971,mother,F,F1,fAulAsc31,2021cicX11218825,F2,Tier_C_design_conditioned_leading_identity,False,False,True,True,tier_C,False,0.54325,1.0,0.6363636363636364,fAulAsc153:0.543;fAulAsc154:0.457,0.453,1.0,0.6363636363636364,fAulAsc157+fAulAsc153:0.453;fAulAsc158+fAulAsc154:0.388;fAulAsc158+fAulAsc153:0.090;fAulAsc157+fAulAsc154:0.069,zero_parent,0.0,0.0,0.0,leading joint-MAP pair identity admitted because the recorded-F1 candidate panel is independently guaranteed complete,Internal stability or leading rank is not breeding-record ground truth; Tier C identity is explicitly uncertain.
fAulAsc157,2021cicX11218975,father,M,F1,fAulAsc32,2021cicX11218826,F2,Tier_B_additional_identity,False,True,True,True,tier_B,False,0.8005,1.0,1.0,fAulAsc157:0.800;fAulAsc158:0.199,0.7785,1.0,1.0,fAulAsc157+fAulAsc154:0.778;fAulAsc158+fAulAsc154:0.124;fAulAsc158+fAulAsc153:0.075,zero_parent,0.0,0.0,0.0,Tier B chromosome-resampling identity stability,Internal stability or leading rank is not breeding-record ground truth; Tier C identity is explicitly uncertain.
fAulAsc154,2021cicX11218972,mother,F,F1,fAulAsc32,2021cicX11218826,F2,Tier_B_additional_identity,False,True,True,True,tier_B,False,0.90325,1.0,1.0,fAulAsc154:0.903;fAulAsc153:0.097,0.7785,1.0,1.0,fAulAsc157+fAulAsc154:0.778;fAulAsc158+fAulAsc154:0.124;fAulAsc158+fAulAsc153:0.075,zero_parent,0.0,0.0,0.0,Tier B chromosome-resampling identity stability,Internal stability or leading rank is not breeding-record ground truth; Tier C identity is explicitly uncertain.
fAulAsc157,2021cicX11218975,father,M,F1,fAulAsc33,2021cicX11218827,F2,Tier_C_design_conditioned_leading_identity,False,False,True,True,tier_C,False,0.4157499999999999,1.0,0.6363636363636364,fAulAsc158:0.584;fAulAsc157:0.416,0.4115,1.0,0.6363636363636364,fAulAsc157+fAulAsc154:0.411;fAulAsc158+fAulAsc154:0.342;fAulAsc158+fAulAsc153:0.242,zero_parent,0.0,0.0,0.0,leading joint-MAP pair identity admitted because the recorded-F1 candidate panel is independently guaranteed complete,Internal stability or leading rank is not breeding-record ground truth; Tier C identity is explicitly uncertain.
fAulAsc154,2021cicX11218972,mother,F,F1,fAulAsc33,2021cicX11218827,F2,Tier_B_additional_identity,False,True,True,True,tier_B,False,0.753,1.0,1.0,fAulAsc154:0.753;fAulAsc153:0.247,0.4115,1.0,0.6363636363636364,fAulAsc157+fAulAsc154:0.411;fAulAsc158+fAulAsc154:0.342;fAulAsc158+fAulAsc153:0.242,zero_parent,0.0,0.0,0.0,Tier B chromosome-resampling identity stability,Internal stability or leading rank is not breeding-record ground truth; Tier C identity is explicitly uncertain.
fAulAsc151,2021cicX11218969,father,M,F1,fAulAsc34,2021cicX11218828,F2,Tier_A_strict_identity,True,True,True,True,tier_A,False,1.0,1.0,1.0,fAulAsc151:1.000,1.0,1.0,1.0,fAulAsc151+fAulAsc153:1.000,two_parent,1.0,1.0,1.0,strict chromosome-resampling identity stability,Internal stability or leading rank is not breeding-record ground truth; Tier C identity is explicitly uncertain.
fAulAsc153,2021cicX11218971,mother,F,F1,fAulAsc34,2021cicX11218828,F2,Tier_A_strict_identity,True,True,True,True,tier_A,False,1.0,1.0,1.0,fAulAsc153:1.000,1.0,1.0,1.0,fAulAsc151+fAulAsc153:1.000,two_parent,1.0,1.0,1.0,strict chromosome-resampling identity stability,Internal stability or leading rank is not breeding-record ground truth; Tier C identity is explicitly uncertain.
fAulAsc158,2021cicX11218976,father,M,F1,fAulAsc35,2021cicX11218829,F2,Tier_B_additional_identity,False,True,True,True,tier_B,False,0.815,1.0,1.0,fAulAsc158:0.815;fAulAsc157:0.185,0.64025,1.0,1.0,fAulAsc158+fAulAsc153:0.640;fAulAsc158+fAulAsc154:0.175;fAulAsc157+fAulAsc154:0.165,zero_parent,0.0,0.0,0.0,Tier B chromosome-resampling identity stability,Internal stability or leading rank is not breeding-record ground truth; Tier C identity is explicitly uncertain.
fAulAsc153,2021cicX11218971,mother,F,F1,fAulAsc35,2021cicX11218829,F2,Tier_B_additional_identity,False,True,True,True,tier_B,False,0.66025,1.0,1.0,fAulAsc153:0.660;fAulAsc154:0.340,0.64025,1.0,1.0,fAulAsc158+fAulAsc153:0.640;fAulAsc158+fAulAsc154:0.175;fAulAsc157+fAulAsc154:0.165,zero_parent,0.0,0.0,0.0,Tier B chromosome-resampling identity stability,Internal stability or leading rank is not breeding-record ground truth; Tier C identity is explicitly uncertain.
fAulAsc157,2021cicX11218975,father,M,F1,fAulAsc36,2021cicX11218830,F2,Tier_B_additional_identity,False,True,True,True,tier_B,False,0.77425,1.0,1.0,fAulAsc157:0.774;fAulAsc158:0.226,0.645,1.0,1.0,fAulAsc157+fAulAsc153:0.645;fAulAsc158+fAulAsc153:0.150;fAulAsc157+fAulAsc154:0.129;fAulAsc158+fAulAsc154:0.075,father_only,0.00025,0.0,0.0,Tier B chromosome-resampling identity stability,Internal stability or leading rank is not breeding-record ground truth; Tier C identity is explicitly uncertain.
fAulAsc153,2021cicX11218971,mother,F,F1,fAulAsc36,2021cicX11218830,F2,Tier_B_additional_identity,False,True,True,True,tier_B,False,0.7955,1.0,1.0,fAulAsc153:0.795;fAulAsc154:0.205,0.645,1.0,1.0,fAulAsc157+fAulAsc153:0.645;fAulAsc158+fAulAsc153:0.150;fAulAsc157+fAulAsc154:0.129;fAulAsc158+fAulAsc154:0.075,father_only,0.00025,0.0,0.0,Tier B chromosome-resampling identity stability,Internal stability or leading rank is not breeding-record ground truth; Tier C identity is explicitly uncertain.
fAulAsc157,2021cicX11218975,father,M,F1,fAulAsc37,2021cicX11218831,F2,Tier_C_design_conditioned_leading_identity,False,False,True,True,tier_C,False,0.62525,1.0,0.7727272727272727,fAulAsc157:0.625;fAulAsc158:0.362,0.37875,1.0,0.7727272727272727,fAulAsc157+fAulAsc154:0.379;fAulAsc158+fAulAsc153:0.291;fAulAsc157+fAulAsc153:0.246;fAulAsc158+fAulAsc154:0.071,zero_parent,0.0,0.0,0.0,leading joint-MAP pair identity admitted because the recorded-F1 candidate panel is independently guaranteed complete,Internal stability or leading rank is not breeding-record ground truth; Tier C identity is explicitly uncertain.
fAulAsc154,2021cicX11218972,mother,F,F1,fAulAsc37,2021cicX11218831,F2,Tier_C_design_conditioned_leading_identity,False,False,True,True,tier_C,False,0.46175,1.0,0.7727272727272727,fAulAsc153:0.538;fAulAsc154:0.462,0.37875,1.0,0.7727272727272727,fAulAsc157+fAulAsc154:0.379;fAulAsc158+fAulAsc153:0.291;fAulAsc157+fAulAsc153:0.246;fAulAsc158+fAulAsc154:0.071,zero_parent,0.0,0.0,0.0,leading joint-MAP pair identity admitted because the recorded-F1 candidate panel is independently guaranteed complete,Internal stability or leading rank is not breeding-record ground truth; Tier C identity is explicitly uncertain.
fAulAsc151,2021cicX11218969,father,M,F1,fAulAsc38,2021cicX11218832,F2,Tier_A_strict_identity,True,True,True,True,tier_A,False,0.989,1.0,1.0,fAulAsc151:0.989,0.85325,1.0,1.0,fAulAsc151+fAulAsc153:0.853;fAulAsc151+fAulAsc154:0.136,zero_parent,0.00075,0.0,0.0,strict chromosome-resampling identity stability,Internal stability or leading rank is not breeding-record ground truth; Tier C identity is explicitly uncertain.
fAulAsc153,2021cicX11218971,mother,F,F1,fAulAsc38,2021cicX11218832,F2,Tier_B_additional_identity,False,True,True,True,tier_B,False,0.8624999999999999,1.0,1.0,fAulAsc153:0.862;fAulAsc154:0.138,0.85325,1.0,1.0,fAulAsc151+fAulAsc153:0.853;fAulAsc151+fAulAsc154:0.136,zero_parent,0.00075,0.0,0.0,Tier B chromosome-resampling identity stability,Internal stability or leading rank is not breeding-record ground truth; Tier C identity is explicitly uncertain.
fAulAsc158,2021cicX11218976,father,M,F1,fAulAsc39,2021cicX11218833,F2,Tier_C_design_conditioned_leading_identity,False,False,True,True,tier_C,False,0.5325,1.0,0.6363636363636364,fAulAsc158:0.532;fAulAsc157:0.467,0.52725,1.0,0.6363636363636364,fAulAsc158+fAulAsc154:0.527;fAulAsc157+fAulAsc154:0.451,zero_parent,0.00375,0.0,0.0,leading joint-MAP pair identity admitted because the recorded-F1 candidate panel is independently guaranteed complete,Internal stability or leading rank is not breeding-record ground truth; Tier C identity is explicitly uncertain.
fAulAsc154,2021cicX11218972,mother,F,F1,fAulAsc39,2021cicX11218833,F2,Tier_A_strict_identity,True,True,True,True,tier_A,False,0.978,1.0,1.0,fAulAsc154:0.978,0.52725,1.0,0.6363636363636364,fAulAsc158+fAulAsc154:0.527;fAulAsc157+fAulAsc154:0.451,zero_parent,0.00375,0.0,0.0,strict chromosome-resampling identity stability,Internal stability or leading rank is not breeding-record ground truth; Tier C identity is explicitly uncertain.
fAulAsc157,2021cicX11218975,father,M,F1,fAulAsc40,2021cicX11218834,F2,Tier_C_design_conditioned_leading_identity,False,False,True,True,tier_C,False,0.559,0.1428571428571428,0.6363636363636364,fAulAsc157:0.559;fAulAsc158:0.435,0.452,0.1428571428571428,0.6363636363636364,fAulAsc157+fAulAsc154:0.452;fAulAsc158+fAulAsc154:0.388;fAulAsc157+fAulAsc153:0.107;fAulAsc158+fAulAsc153:0.047,zero_parent,0.0,0.0,0.0,leading joint-MAP pair identity admitted because the recorded-F1 candidate panel is independently guaranteed complete,Internal stability or leading rank is not breeding-record ground truth; Tier C identity is explicitly uncertain.
fAulAsc154,2021cicX11218972,mother,F,F1,fAulAsc40,2021cicX11218834,F2,Tier_B_additional_identity,False,True,True,True,tier_B,False,0.8402499999999999,1.0,1.0,fAulAsc154:0.840;fAulAsc153:0.160,0.452,0.1428571428571428,0.6363636363636364,fAulAsc157+fAulAsc154:0.452;fAulAsc158+fAulAsc154:0.388;fAulAsc157+fAulAsc153:0.107;fAulAsc158+fAulAsc153:0.047,zero_parent,0.0,0.0,0.0,Tier B chromosome-resampling identity stability,Internal stability or leading rank is not breeding-record ground truth; Tier C identity is explicitly uncertain.
fAulAsc158,2021cicX11218976,father,M,F1,fAulAsc41,2021cicX11218835,F2,Tier_A_strict_identity,True,True,True,True,tier_A,False,0.96025,1.0,1.0,fAulAsc158:0.960,0.478,1.0,0.6363636363636364,fAulAsc158+fAulAsc154:0.482;fAulAsc158+fAulAsc153:0.478,zero_parent,0.0,0.0,0.0,strict chromosome-resampling identity stability,Internal stability or leading rank is not breeding-record ground truth; Tier C identity is explicitly uncertain.
fAulAsc153,2021cicX11218971,mother,F,F1,fAulAsc41,2021cicX11218835,F2,Tier_C_design_conditioned_leading_identity,False,False,True,True,tier_C,False,0.4937499999999999,1.0,0.6363636363636364,fAulAsc154:0.506;fAulAsc153:0.494,0.478,1.0,0.6363636363636364,fAulAsc158+fAulAsc154:0.482;fAulAsc158+fAulAsc153:0.478,zero_parent,0.0,0.0,0.0,leading joint-MAP pair identity admitted because the recorded-F1 candidate panel is independently guaranteed complete,Internal stability or leading rank is not breeding-record ground truth; Tier C identity is explicitly uncertain.
fAulAsc157,2021cicX11218975,father,M,F1,fAulAsc42,2021cicX11218836,F2,Tier_C_design_conditioned_leading_identity,False,False,True,True,tier_C,False,0.55675,1.0,0.6818181818181818,fAulAsc157:0.557;fAulAsc158:0.443,0.54325,1.0,0.6818181818181818,fAulAsc157+fAulAsc154:0.543;fAulAsc158+fAulAsc154:0.442,zero_parent,0.00025,0.0,0.0,leading joint-MAP pair identity admitted because the recorded-F1 candidate panel is independently guaranteed complete,Internal stability or leading rank is not breeding-record ground truth; Tier C identity is explicitly uncertain.
fAulAsc154,2021cicX11218972,mother,F,F1,fAulAsc42,2021cicX11218836,F2,Tier_A_strict_identity,True,True,True,True,tier_A,False,0.9855,1.0,1.0,fAulAsc154:0.986,0.54325,1.0,0.6818181818181818,fAulAsc157+fAulAsc154:0.543;fAulAsc158+fAulAsc154:0.442,zero_parent,0.00025,0.0,0.0,strict chromosome-resampling identity stability,Internal stability or leading rank is not breeding-record ground truth; Tier C identity is explicitly uncertain.
fAulAsc157,2021cicX11218975,father,M,F1,fAulAsc43,2021cicX11218837,F2,Tier_C_design_conditioned_leading_identity,False,False,True,True,tier_C,False,0.52025,1.0,0.7272727272727273,fAulAsc157:0.520;fAulAsc158:0.469,0.3575,1.0,0.7272727272727273,fAulAsc157+fAulAsc153:0.357;fAulAsc158+fAulAsc154:0.286;fAulAsc158+fAulAsc153:0.182;fAulAsc157+fAulAsc154:0.163,zero_parent,0.0,0.0,0.0,leading joint-MAP pair identity admitted because the recorded-F1 candidate panel is independently guaranteed complete,Internal stability or leading rank is not breeding-record ground truth; Tier C identity is explicitly uncertain.
fAulAsc153,2021cicX11218971,mother,F,F1,fAulAsc43,2021cicX11218837,F2,Tier_C_design_conditioned_leading_identity,False,False,True,True,tier_C,False,0.54975,1.0,0.7272727272727273,fAulAsc153:0.550;fAulAsc154:0.450,0.3575,1.0,0.7272727272727273,fAulAsc157+fAulAsc153:0.357;fAulAsc158+fAulAsc154:0.286;fAulAsc158+fAulAsc153:0.182;fAulAsc157+fAulAsc154:0.163,zero_parent,0.0,0.0,0.0,leading joint-MAP pair identity admitted because the recorded-F1 candidate panel is independently guaranteed complete,Internal stability or leading rank is not breeding-record ground truth; Tier C identity is explicitly uncertain.
fAulAsc158,2021cicX11218976,father,M,F1,fAulAsc44,2021cicX11218838,F2,Tier_B_additional_identity,False,True,True,True,tier_B,False,0.93225,1.0,1.0,fAulAsc158:0.932;fAulAsc157:0.068,0.83775,1.0,1.0,fAulAsc158+fAulAsc154:0.838;fAulAsc158+fAulAsc153:0.095;fAulAsc157+fAulAsc154:0.067,zero_parent,0.0,0.0,0.0,Tier B chromosome-resampling identity stability,Internal stability or leading rank is not breeding-record ground truth; Tier C identity is explicitly uncertain.
fAulAsc154,2021cicX11218972,mother,F,F1,fAulAsc44,2021cicX11218838,F2,Tier_B_additional_identity,False,True,True,True,tier_B,False,0.905,1.0,1.0,fAulAsc154:0.905;fAulAsc153:0.095,0.83775,1.0,1.0,fAulAsc158+fAulAsc154:0.838;fAulAsc158+fAulAsc153:0.095;fAulAsc157+fAulAsc154:0.067,zero_parent,0.0,0.0,0.0,Tier B chromosome-resampling identity stability,Internal stability or leading rank is not breeding-record ground truth; Tier C identity is explicitly uncertain.
fAulAsc151,2021cicX11218969,father,M,F1,fAulAsc45,2021cicX11218839,F2,Tier_A_strict_identity,True,True,True,True,tier_A,False,0.975,1.0,1.0,fAulAsc151:0.975,0.96925,1.0,1.0,fAulAsc151+fAulAsc153:0.969,father_only,0.00125,0.0,0.0,strict chromosome-resampling identity stability,Internal stability or leading rank is not breeding-record ground truth; Tier C identity is explicitly uncertain.
fAulAsc153,2021cicX11218971,mother,F,F1,fAulAsc45,2021cicX11218839,F2,Tier_A_strict_identity,True,True,True,True,tier_A,False,0.9805,1.0,1.0,fAulAsc153:0.980,0.96925,1.0,1.0,fAulAsc151+fAulAsc153:0.969,father_only,0.00125,0.0,0.0,strict chromosome-resampling identity stability,Internal stability or leading rank is not breeding-record ground truth; Tier C identity is explicitly uncertain.
fAulAsc158,2021cicX11218976,father,M,F1,fAulAsc46,2021cicX11218840,F2,Tier_B_additional_identity,False,True,True,True,tier_B,False,0.7915000000000001,1.0,1.0,fAulAsc158:0.792;fAulAsc157:0.209,0.59125,1.0,1.0,fAulAsc158+fAulAsc154:0.591;fAulAsc158+fAulAsc153:0.200;fAulAsc157+fAulAsc154:0.109;fAulAsc157+fAulAsc153:0.099,zero_parent,0.0,0.0,0.0,Tier B chromosome-resampling identity stability,Internal stability or leading rank is not breeding-record ground truth; Tier C identity is explicitly uncertain.
fAulAsc154,2021cicX11218972,mother,F,F1,fAulAsc46,2021cicX11218840,F2,Tier_B_additional_identity,False,True,True,True,tier_B,False,0.7005,1.0,1.0,fAulAsc154:0.701;fAulAsc153:0.299,0.59125,1.0,1.0,fAulAsc158+fAulAsc154:0.591;fAulAsc158+fAulAsc153:0.200;fAulAsc157+fAulAsc154:0.109;fAulAsc157+fAulAsc153:0.099,zero_parent,0.0,0.0,0.0,Tier B chromosome-resampling identity stability,Internal stability or leading rank is not breeding-record ground truth; Tier C identity is explicitly uncertain.
fAulAsc158,2021cicX11218976,father,M,F1,fAulAsc47,2021cicX11218841,F2,Tier_B_additional_identity,False,True,True,True,tier_B,False,0.85,1.0,1.0,fAulAsc158:0.850;fAulAsc157:0.149,0.6405,0.1428571428571428,1.0,fAulAsc158+fAulAsc154:0.640;fAulAsc158+fAulAsc153:0.209;fAulAsc157+fAulAsc153:0.108,zero_parent,0.0,0.0,0.0,Tier B chromosome-resampling identity stability,Internal stability or leading rank is not breeding-record ground truth; Tier C identity is explicitly uncertain.
fAulAsc154,2021cicX11218972,mother,F,F1,fAulAsc47,2021cicX11218841,F2,Tier_C_design_conditioned_leading_identity,False,False,True,True,tier_C,False,0.6819999999999999,0.1428571428571428,1.0,fAulAsc154:0.682;fAulAsc153:0.318,0.6405,0.1428571428571428,1.0,fAulAsc158+fAulAsc154:0.640;fAulAsc158+fAulAsc153:0.209;fAulAsc157+fAulAsc153:0.108,zero_parent,0.0,0.0,0.0,leading joint-MAP pair identity admitted because the recorded-F1 candidate panel is independently guaranteed complete,Internal stability or leading rank is not breeding-record ground truth; Tier C identity is explicitly uncertain.
fAulAsc158,2021cicX11218976,father,M,F1,fAulAsc48,2021cicX11218842,F2,Tier_B_additional_identity,False,True,True,True,tier_B,False,0.85775,1.0,1.0,fAulAsc158:0.858;fAulAsc157:0.141,0.8475,1.0,1.0,fAulAsc158+fAulAsc154:0.848;fAulAsc157+fAulAsc153:0.088;fAulAsc157+fAulAsc154:0.053,zero_parent,0.0,0.0,0.0,Tier B chromosome-resampling identity stability,Internal stability or leading rank is not breeding-record ground truth; Tier C identity is explicitly uncertain.
fAulAsc154,2021cicX11218972,mother,F,F1,fAulAsc48,2021cicX11218842,F2,Tier_B_additional_identity,False,True,True,True,tier_B,False,0.90025,1.0,1.0,fAulAsc154:0.900;fAulAsc153:0.100,0.8475,1.0,1.0,fAulAsc158+fAulAsc154:0.848;fAulAsc157+fAulAsc153:0.088;fAulAsc157+fAulAsc154:0.053,zero_parent,0.0,0.0,0.0,Tier B chromosome-resampling identity stability,Internal stability or leading rank is not breeding-record ground truth; Tier C identity is explicitly uncertain.
fAulAsc151,2021cicX11218969,father,M,F1,fAulAsc49,2021cicX11218843,F2,Tier_B_additional_identity,False,True,True,True,tier_B,False,0.9435,1.0,1.0,fAulAsc151:0.944;fAulAsc152:0.041,0.779,1.0,1.0,fAulAsc151+fAulAsc153:0.779;fAulAsc151+fAulAsc154:0.165;fAulAsc152+fAulAsc153:0.041,zero_parent,0.0,0.0,0.0,Tier B chromosome-resampling identity stability,Internal stability or leading rank is not breeding-record ground truth; Tier C identity is explicitly uncertain.
fAulAsc153,2021cicX11218971,mother,F,F1,fAulAsc49,2021cicX11218843,F2,Tier_B_additional_identity,False,True,True,True,tier_B,False,0.8355,1.0,1.0,fAulAsc153:0.836;fAulAsc154:0.165,0.779,1.0,1.0,fAulAsc151+fAulAsc153:0.779;fAulAsc151+fAulAsc154:0.165;fAulAsc152+fAulAsc153:0.041,zero_parent,0.0,0.0,0.0,Tier B chromosome-resampling identity stability,Internal stability or leading rank is not breeding-record ground truth; Tier C identity is explicitly uncertain.
fAulAsc158,2021cicX11218976,father,M,F1,fAulAsc50,2021cicX11218844,F2,Tier_B_additional_identity,False,True,True,True,tier_B,False,0.71875,1.0,1.0,fAulAsc158:0.719;fAulAsc157:0.281,0.705,1.0,1.0,fAulAsc158+fAulAsc154:0.705;fAulAsc157+fAulAsc154:0.278,zero_parent,0.0,0.0,0.0,Tier B chromosome-resampling identity stability,Internal stability or leading rank is not breeding-record ground truth; Tier C identity is explicitly uncertain.
fAulAsc154,2021cicX11218972,mother,F,F1,fAulAsc50,2021cicX11218844,F2,Tier_A_strict_identity,True,True,True,True,tier_A,False,0.9825,1.0,1.0,fAulAsc154:0.982,0.705,1.0,1.0,fAulAsc158+fAulAsc154:0.705;fAulAsc157+fAulAsc154:0.278,zero_parent,0.0,0.0,0.0,strict chromosome-resampling identity stability,Internal stability or leading rank is not breeding-record ground truth; Tier C identity is explicitly uncertain.
fAulAsc157,2021cicX11218975,father,M,F1,fAulAsc51,2021cicX11218845,F2,Tier_A_strict_identity,True,True,True,True,tier_A,False,0.97325,1.0,1.0,fAulAsc157:0.973,0.837,1.0,1.0,fAulAsc157+fAulAsc154:0.837;fAulAsc157+fAulAsc153:0.136,father_only,0.00025,0.0,0.0,strict chromosome-resampling identity stability,Internal stability or leading rank is not breeding-record ground truth; Tier C identity is explicitly uncertain.
fAulAsc154,2021cicX11218972,mother,F,F1,fAulAsc51,2021cicX11218845,F2,Tier_B_additional_identity,False,True,True,True,tier_B,False,0.858,1.0,1.0,fAulAsc154:0.858;fAulAsc153:0.142,0.837,1.0,1.0,fAulAsc157+fAulAsc154:0.837;fAulAsc157+fAulAsc153:0.136,father_only,0.00025,0.0,0.0,Tier B chromosome-resampling identity stability,Internal stability or leading rank is not breeding-record ground truth; Tier C identity is explicitly uncertain.
fAulAsc157,2021cicX11218975,father,M,F1,fAulAsc52,2021cicX11218846,F2,Tier_B_additional_identity,False,True,True,True,tier_B,False,0.88325,1.0,1.0,fAulAsc157:0.883;fAulAsc158:0.115,0.80675,1.0,1.0,fAulAsc157+fAulAsc153:0.807;fAulAsc157+fAulAsc154:0.076;fAulAsc158+fAulAsc154:0.065;fAulAsc158+fAulAsc153:0.050,father_only,0.0,0.0,0.0,Tier B chromosome-resampling identity stability,Internal stability or leading rank is not breeding-record ground truth; Tier C identity is explicitly uncertain.
fAulAsc153,2021cicX11218971,mother,F,F1,fAulAsc52,2021cicX11218846,F2,Tier_B_additional_identity,False,True,True,True,tier_B,False,0.85675,1.0,1.0,fAulAsc153:0.857;fAulAsc154:0.143,0.80675,1.0,1.0,fAulAsc157+fAulAsc153:0.807;fAulAsc157+fAulAsc154:0.076;fAulAsc158+fAulAsc154:0.065;fAulAsc158+fAulAsc153:0.050,father_only,0.0,0.0,0.0,Tier B chromosome-resampling identity stability,Internal stability or leading rank is not breeding-record ground truth; Tier C identity is explicitly uncertain.
fAulAsc157,2021cicX11218975,father,M,F1,fAulAsc53,2021cicX11218847,F2,Tier_C_design_conditioned_leading_identity,False,False,True,True,tier_C,False,0.41575,1.0,0.7272727272727273,fAulAsc158:0.581;fAulAsc157:0.416,0.35375,1.0,0.7272727272727273,fAulAsc157+fAulAsc153:0.354;fAulAsc158+fAulAsc154:0.294;fAulAsc158+fAulAsc153:0.287;fAulAsc157+fAulAsc154:0.062,zero_parent,0.0,0.0,0.0,leading joint-MAP pair identity admitted because the recorded-F1 candidate panel is independently guaranteed complete,Internal stability or leading rank is not breeding-record ground truth; Tier C identity is explicitly uncertain.
fAulAsc153,2021cicX11218971,mother,F,F1,fAulAsc53,2021cicX11218847,F2,Tier_C_design_conditioned_leading_identity,False,False,True,True,tier_C,False,0.642,1.0,0.7272727272727273,fAulAsc153:0.642;fAulAsc154:0.358,0.35375,1.0,0.7272727272727273,fAulAsc157+fAulAsc153:0.354;fAulAsc158+fAulAsc154:0.294;fAulAsc158+fAulAsc153:0.287;fAulAsc157+fAulAsc154:0.062,zero_parent,0.0,0.0,0.0,leading joint-MAP pair identity admitted because the recorded-F1 candidate panel is independently guaranteed complete,Internal stability or leading rank is not breeding-record ground truth; Tier C identity is explicitly uncertain.
fAulAsc151,2021cicX11218969,father,M,F1,fAulAsc54,2021cicX11218848,F2,Tier_A_strict_identity,True,True,True,True,tier_A,False,0.9725,1.0,1.0,fAulAsc151:0.973,0.92725,1.0,1.0,fAulAsc151+fAulAsc154:0.927;fAulAsc151+fAulAsc153:0.045,father_only,0.0015,0.0,0.0,strict chromosome-resampling identity stability,Internal stability or leading rank is not breeding-record ground truth; Tier C identity is explicitly uncertain.
fAulAsc154,2021cicX11218972,mother,F,F1,fAulAsc54,2021cicX11218848,F2,Tier_B_additional_identity,False,True,True,True,tier_B,False,0.93275,1.0,1.0,fAulAsc154:0.933;fAulAsc153:0.067,0.92725,1.0,1.0,fAulAsc151+fAulAsc154:0.927;fAulAsc151+fAulAsc153:0.045,father_only,0.0015,0.0,0.0,Tier B chromosome-resampling identity stability,Internal stability or leading rank is not breeding-record ground truth; Tier C identity is explicitly uncertain.
fAulAsc158,2021cicX11218976,father,M,F1,fAulAsc55,2021cicX11218849,F2,Tier_B_additional_identity,False,True,True,True,tier_B,False,0.791,1.0,1.0,fAulAsc158:0.791;fAulAsc157:0.208,0.5785,1.0,1.0,fAulAsc158+fAulAsc153:0.579;fAulAsc158+fAulAsc154:0.212;fAulAsc157+fAulAsc154:0.208,zero_parent,0.0,0.0,0.0,Tier B chromosome-resampling identity stability,Internal stability or leading rank is not breeding-record ground truth; Tier C identity is explicitly uncertain.
fAulAsc153,2021cicX11218971,mother,F,F1,fAulAsc55,2021cicX11218849,F2,Tier_B_additional_identity,False,True,True,True,tier_B,False,0.57875,1.0,1.0,fAulAsc153:0.579;fAulAsc154:0.421,0.5785,1.0,1.0,fAulAsc158+fAulAsc153:0.579;fAulAsc158+fAulAsc154:0.212;fAulAsc157+fAulAsc154:0.208,zero_parent,0.0,0.0,0.0,Tier B chromosome-resampling identity stability,Internal stability or leading rank is not breeding-record ground truth; Tier C identity is explicitly uncertain.
fAulAsc151,2021cicX11218969,father,M,F1,fAulAsc56,2021cicX11218850,F2,Tier_B_additional_identity,False,True,True,True,tier_B,False,0.88325,1.0,1.0,fAulAsc151:0.883;fAulAsc152:0.115,0.59475,1.0,1.0,fAulAsc151+fAulAsc153:0.595;fAulAsc151+fAulAsc154:0.288;fAulAsc152+fAulAsc154:0.105,father_only,0.0005,0.0,0.0,Tier B chromosome-resampling identity stability,Internal stability or leading rank is not breeding-record ground truth; Tier C identity is explicitly uncertain.
fAulAsc153,2021cicX11218971,mother,F,F1,fAulAsc56,2021cicX11218850,F2,Tier_B_additional_identity,False,True,True,True,tier_B,False,0.6045,1.0,1.0,fAulAsc153:0.605;fAulAsc154:0.395,0.59475,1.0,1.0,fAulAsc151+fAulAsc153:0.595;fAulAsc151+fAulAsc154:0.288;fAulAsc152+fAulAsc154:0.105,father_only,0.0005,0.0,0.0,Tier B chromosome-resampling identity stability,Internal stability or leading rank is not breeding-record ground truth; Tier C identity is explicitly uncertain.
fAulAsc158,2021cicX11218976,father,M,F1,fAulAsc57,2021cicX11218851,F2,Tier_B_additional_identity,False,True,True,True,tier_B,False,0.94675,1.0,1.0,fAulAsc158:0.947;fAulAsc157:0.053,0.7105,1.0,1.0,fAulAsc158+fAulAsc153:0.711;fAulAsc158+fAulAsc154:0.236;fAulAsc157+fAulAsc154:0.037,zero_parent,0.0,0.0,0.0,Tier B chromosome-resampling identity stability,Internal stability or leading rank is not breeding-record ground truth; Tier C identity is explicitly uncertain.
fAulAsc153,2021cicX11218971,mother,F,F1,fAulAsc57,2021cicX11218851,F2,Tier_B_additional_identity,False,True,True,True,tier_B,False,0.727,1.0,1.0,fAulAsc153:0.727;fAulAsc154:0.273,0.7105,1.0,1.0,fAulAsc158+fAulAsc153:0.711;fAulAsc158+fAulAsc154:0.236;fAulAsc157+fAulAsc154:0.037,zero_parent,0.0,0.0,0.0,Tier B chromosome-resampling identity stability,Internal stability or leading rank is not breeding-record ground truth; Tier C identity is explicitly uncertain.
fAulAsc157,2021cicX11218975,father,M,F1,fAulAsc58,2021cicX11218852,F2,Tier_B_additional_identity,False,True,True,True,tier_B,False,0.7294999999999999,1.0,1.0,fAulAsc157:0.729;fAulAsc158:0.271,0.706,1.0,1.0,fAulAsc157+fAulAsc154:0.706;fAulAsc158+fAulAsc154:0.223;fAulAsc158+fAulAsc153:0.048,zero_parent,0.003,0.0,0.0,Tier B chromosome-resampling identity stability,Internal stability or leading rank is not breeding-record ground truth; Tier C identity is explicitly uncertain.
fAulAsc154,2021cicX11218972,mother,F,F1,fAulAsc58,2021cicX11218852,F2,Tier_B_additional_identity,False,True,True,True,tier_B,False,0.9285,1.0,1.0,fAulAsc154:0.928;fAulAsc153:0.072,0.706,1.0,1.0,fAulAsc157+fAulAsc154:0.706;fAulAsc158+fAulAsc154:0.223;fAulAsc158+fAulAsc153:0.048,zero_parent,0.003,0.0,0.0,Tier B chromosome-resampling identity stability,Internal stability or leading rank is not breeding-record ground truth; Tier C identity is explicitly uncertain.
fAulAsc151,2021cicX11218969,father,M,F1,fAulAsc59,2021cicX11218853,F2,Tier_A_strict_identity,True,True,True,True,tier_A,False,0.9905,1.0,1.0,fAulAsc151:0.990,0.96075,1.0,1.0,fAulAsc151+fAulAsc154:0.961,zero_parent,0.059,0.0,0.0,strict chromosome-resampling identity stability,Internal stability or leading rank is not breeding-record ground truth; Tier C identity is explicitly uncertain.
fAulAsc154,2021cicX11218972,mother,F,F1,fAulAsc59,2021cicX11218853,F2,Tier_A_strict_identity,True,True,True,True,tier_A,False,0.97025,1.0,1.0,fAulAsc154:0.970,0.96075,1.0,1.0,fAulAsc151+fAulAsc154:0.961,zero_parent,0.059,0.0,0.0,strict chromosome-resampling identity stability,Internal stability or leading rank is not breeding-record ground truth; Tier C identity is explicitly uncertain.
fAulAsc158,2021cicX11218976,father,M,F1,fAulAsc60,2021cicX11218854,F2,Tier_C_design_conditioned_leading_identity,False,False,True,True,tier_C,False,0.662,0.1428571428571428,1.0,fAulAsc158:0.662;fAulAsc157:0.338,0.43575,0.1428571428571428,0.8181818181818182,fAulAsc158+fAulAsc154:0.436;fAulAsc157+fAulAsc153:0.240;fAulAsc158+fAulAsc153:0.226;fAulAsc157+fAulAsc154:0.098,zero_parent,0.0,0.0,0.0,leading joint-MAP pair identity admitted because the recorded-F1 candidate panel is independently guaranteed complete,Internal stability or leading rank is not breeding-record ground truth; Tier C identity is explicitly uncertain.
fAulAsc154,2021cicX11218972,mother,F,F1,fAulAsc60,2021cicX11218854,F2,Tier_C_design_conditioned_leading_identity,False,False,True,True,tier_C,False,0.53325,0.1428571428571428,0.8181818181818182,fAulAsc154:0.533;fAulAsc153:0.467,0.43575,0.1428571428571428,0.8181818181818182,fAulAsc158+fAulAsc154:0.436;fAulAsc157+fAulAsc153:0.240;fAulAsc158+fAulAsc153:0.226;fAulAsc157+fAulAsc154:0.098,zero_parent,0.0,0.0,0.0,leading joint-MAP pair identity admitted because the recorded-F1 candidate panel is independently guaranteed complete,Internal stability or leading rank is not breeding-record ground truth; Tier C identity is explicitly uncertain.
fAulAsc150,2021cicX11218968,father,M,F1,fAulAsc61,2021cicX11218855,F2,Tier_A_strict_identity,True,True,True,True,tier_A,False,1.0,1.0,1.0,fAulAsc150:1.000,1.0,1.0,1.0,fAulAsc150+fAulAsc154:1.000,two_parent,0.9985,1.0,1.0,strict chromosome-resampling identity stability,Internal stability or leading rank is not breeding-record ground truth; Tier C identity is explicitly uncertain.
fAulAsc154,2021cicX11218972,mother,F,F1,fAulAsc61,2021cicX11218855,F2,Tier_A_strict_identity,True,True,True,True,tier_A,False,1.0,1.0,1.0,fAulAsc154:1.000,1.0,1.0,1.0,fAulAsc150+fAulAsc154:1.000,two_parent,0.9985,1.0,1.0,strict chromosome-resampling identity stability,Internal stability or leading rank is not breeding-record ground truth; Tier C identity is explicitly uncertain.
fAulAsc158,2021cicX11218976,father,M,F1,fAulAsc62,2021cicX11218856,F2,Tier_B_additional_identity,False,True,True,True,tier_B,False,0.76825,1.0,1.0,fAulAsc158:0.768;fAulAsc157:0.206,0.5915,1.0,1.0,fAulAsc158+fAulAsc153:0.592;fAulAsc157+fAulAsc154:0.179;fAulAsc158+fAulAsc154:0.177;fAulAsc157+fAulAsc153:0.028,zero_parent,0.0,0.0,0.0,Tier B chromosome-resampling identity stability,Internal stability or leading rank is not breeding-record ground truth; Tier C identity is explicitly uncertain.
fAulAsc153,2021cicX11218971,mother,F,F1,fAulAsc62,2021cicX11218856,F2,Tier_B_additional_identity,False,True,True,True,tier_B,False,0.63175,1.0,1.0,fAulAsc153:0.632;fAulAsc154:0.368,0.5915,1.0,1.0,fAulAsc158+fAulAsc153:0.592;fAulAsc157+fAulAsc154:0.179;fAulAsc158+fAulAsc154:0.177;fAulAsc157+fAulAsc153:0.028,zero_parent,0.0,0.0,0.0,Tier B chromosome-resampling identity stability,Internal stability or leading rank is not breeding-record ground truth; Tier C identity is explicitly uncertain.
fAulAsc41,2021cicX11218835,father,M,F2,fAulAsc63,2021cicX11218857,F3,Forced_completion_uncertain,False,False,False,True,complete,True,0.423,0.8571428571428571,0.9090909090909092,fAulAsc41:0.423;fAulAsc129:0.170;fAulAsc48:0.146;fAulAsc199:0.079;fAulAsc100:0.052;fAulAsc88:0.034;fAulAsc84:0.022;fAulAsc142:0.020;fAulAsc93:0.012,,,,,zero_parent,0.70325,0.0,0.0,complete-only leading identity; full-data and LOCO parent-count evidence do not support an observed father,Internal stability or leading rank is not breeding-record ground truth; Tier C identity is explicitly uncertain.
fAulAsc151,2021cicX11218969,father,M,F1,fAulAsc64,2021cicX11218858,F2,Tier_A_strict_identity,True,True,True,True,tier_A,False,0.991,1.0,1.0,fAulAsc151:0.991,0.9725,1.0,1.0,fAulAsc151+fAulAsc154:0.973,father_only,0.00675,0.0,0.0,strict chromosome-resampling identity stability,Internal stability or leading rank is not breeding-record ground truth; Tier C identity is explicitly uncertain.
fAulAsc154,2021cicX11218972,mother,F,F1,fAulAsc64,2021cicX11218858,F2,Tier_A_strict_identity,True,True,True,True,tier_A,False,0.97725,1.0,1.0,fAulAsc154:0.977,0.9725,1.0,1.0,fAulAsc151+fAulAsc154:0.973,father_only,0.00675,0.0,0.0,strict chromosome-resampling identity stability,Internal stability or leading rank is not breeding-record ground truth; Tier C identity is explicitly uncertain.
fAulAsc106,2021cicX11218924,father,M,F2,fAulAsc65,2021cicX11218859,F3,Tier_C_state_supported_leading_identity,False,False,True,True,tier_C,False,0.774,0.2857142857142857,1.0,fAulAsc106:0.774;fAulAsc19:0.217,,,,,one_observed_parent,1.0,1.0,1.0,one-observed-parent state supported; selected father identity remains below Tier B stability,Internal stability or leading rank is not breeding-record ground truth; Tier C identity is explicitly uncertain.
fAulAsc19,2021cicX11218813,father,M,F2,fAulAsc66,2021cicX11218860,F3,Tier_B_additional_identity,False,True,True,True,tier_B,False,0.7915,1.0,1.0,fAulAsc19:0.791;fAulAsc59:0.062;fAulAsc29:0.045;fAulAsc62:0.028;fAulAsc56:0.027,,,,,one_observed_parent,1.0,1.0,1.0,Tier B chromosome-resampling identity stability,Internal stability or leading rank is not breeding-record ground truth; Tier C identity is explicitly uncertain.
fAulAsc15,2021cicX11218809,father,M,F2,fAulAsc67,2021cicX11218861,F3,Tier_B_additional_identity,False,True,True,True,tier_B,False,0.646,1.0,0.9545454545454546,fAulAsc15:0.646;fAulAsc5:0.307,,,,,one_observed_parent,1.0,1.0,1.0,Tier B chromosome-resampling identity stability,Internal stability or leading rank is not breeding-record ground truth; Tier C identity is explicitly uncertain.
fAulAsc32,2021cicX11218826,father,M,F2,fAulAsc68,2021cicX11218862,F3,Tier_B_additional_identity,False,True,True,True,tier_B,False,0.78525,1.0,1.0,fAulAsc32:0.785;fAulAsc5:0.075;fAulAsc90:0.063;fAulAsc49:0.014;fAulAsc72:0.013,,,,,one_observed_parent,1.0,1.0,1.0,Tier B chromosome-resampling identity stability,Internal stability or leading rank is not breeding-record ground truth; Tier C identity is explicitly uncertain.
fAulAsc38,2021cicX11218832,father,M,F2,fAulAsc69,2021cicX11218863,F3,Tier_A_strict_identity,True,True,True,True,tier_A,False,0.95225,1.0,1.0,fAulAsc38:0.952,,,,,one_observed_parent,1.0,1.0,1.0,strict chromosome-resampling identity stability,Internal stability or leading rank is not breeding-record ground truth; Tier C identity is explicitly uncertain.
fAulAsc38,2021cicX11218832,father,M,F2,fAulAsc70,2021cicX11218864,F3,Tier_B_additional_identity,False,True,True,True,tier_B,False,0.866,1.0,1.0,fAulAsc38:0.866;fAulAsc123:0.046;fAulAsc24:0.034;fAulAsc147:0.022,,,,,one_observed_parent,1.0,1.0,1.0,Tier B chromosome-resampling identity stability,Internal stability or leading rank is not breeding-record ground truth; Tier C identity is explicitly uncertain.
fAulAsc151,2021cicX11218969,father,M,F1,fAulAsc71,2021cicX11218865,F2,Tier_A_strict_identity,True,True,True,True,tier_A,False,0.98825,1.0,1.0,fAulAsc151:0.988,0.56675,0.4285714285714285,0.8181818181818182,fAulAsc151+fAulAsc153:0.567;fAulAsc151+fAulAsc154:0.421,father_only,0.001,0.0,0.0,strict chromosome-resampling identity stability,Internal stability or leading rank is not breeding-record ground truth; Tier C identity is explicitly uncertain.
fAulAsc153,2021cicX11218971,mother,F,F1,fAulAsc71,2021cicX11218865,F2,Tier_C_design_conditioned_leading_identity,False,False,True,True,tier_C,False,0.5715,0.4285714285714285,0.8181818181818182,fAulAsc153:0.572;fAulAsc154:0.428,0.56675,0.4285714285714285,0.8181818181818182,fAulAsc151+fAulAsc153:0.567;fAulAsc151+fAulAsc154:0.421,father_only,0.001,0.0,0.0,leading joint-MAP pair identity admitted because the recorded-F1 candidate panel is independently guaranteed complete,Internal stability or leading rank is not breeding-record ground truth; Tier C identity is explicitly uncertain.
fAulAsc157,2021cicX11218975,father,M,F1,fAulAsc72,2021cicX11218866,F2,Tier_C_design_conditioned_leading_identity,False,False,True,True,tier_C,False,0.5880000000000001,1.0,0.7727272727272727,fAulAsc157:0.588;fAulAsc158:0.412,0.55625,1.0,0.7727272727272727,fAulAsc157+fAulAsc154:0.556;fAulAsc158+fAulAsc154:0.369;fAulAsc158+fAulAsc153:0.043,zero_parent,0.0,0.0,0.0,leading joint-MAP pair identity admitted because the recorded-F1 candidate panel is independently guaranteed complete,Internal stability or leading rank is not breeding-record ground truth; Tier C identity is explicitly uncertain.
fAulAsc154,2021cicX11218972,mother,F,F1,fAulAsc72,2021cicX11218866,F2,Tier_B_additional_identity,False,True,True,True,tier_B,False,0.92525,1.0,1.0,fAulAsc154:0.925;fAulAsc153:0.075,0.55625,1.0,0.7727272727272727,fAulAsc157+fAulAsc154:0.556;fAulAsc158+fAulAsc154:0.369;fAulAsc158+fAulAsc153:0.043,zero_parent,0.0,0.0,0.0,Tier B chromosome-resampling identity stability,Internal stability or leading rank is not breeding-record ground truth; Tier C identity is explicitly uncertain.
fAulAsc158,2021cicX11218976,father,M,F1,fAulAsc73,2021cicX11218867,F2,Tier_B_additional_identity,False,True,True,True,tier_B,False,0.79025,1.0,1.0,fAulAsc158:0.790;fAulAsc157:0.209,0.79025,1.0,1.0,fAulAsc158+fAulAsc154:0.790;fAulAsc157+fAulAsc154:0.109;fAulAsc157+fAulAsc153:0.100,zero_parent,0.0005,0.0,0.0,Tier B chromosome-resampling identity stability,Internal stability or leading rank is not breeding-record ground truth; Tier C identity is explicitly uncertain.
fAulAsc154,2021cicX11218972,mother,F,F1,fAulAsc73,2021cicX11218867,F2,Tier_B_additional_identity,False,True,True,True,tier_B,False,0.9,1.0,1.0,fAulAsc154:0.900;fAulAsc153:0.100,0.79025,1.0,1.0,fAulAsc158+fAulAsc154:0.790;fAulAsc157+fAulAsc154:0.109;fAulAsc157+fAulAsc153:0.100,zero_parent,0.0005,0.0,0.0,Tier B chromosome-resampling identity stability,Internal stability or leading rank is not breeding-record ground truth; Tier C identity is explicitly uncertain.
fAulAsc151,2021cicX11218969,father,M,F1,fAulAsc74,2021cicX11218868,F2,Tier_A_strict_identity,True,True,True,True,tier_A,False,0.9955,1.0,1.0,fAulAsc151:0.996,0.50875,1.0,0.6818181818181818,fAulAsc151+fAulAsc153:0.509;fAulAsc151+fAulAsc154:0.487,father_only,0.0005,0.0,0.0,strict chromosome-resampling identity stability,Internal stability or leading rank is not breeding-record ground truth; Tier C identity is explicitly uncertain.
fAulAsc153,2021cicX11218971,mother,F,F1,fAulAsc74,2021cicX11218868,F2,Tier_C_design_conditioned_leading_identity,False,False,True,True,tier_C,False,0.50925,1.0,0.6818181818181818,fAulAsc153:0.509;fAulAsc154:0.491,0.50875,1.0,0.6818181818181818,fAulAsc151+fAulAsc153:0.509;fAulAsc151+fAulAsc154:0.487,father_only,0.0005,0.0,0.0,leading joint-MAP pair identity admitted because the recorded-F1 candidate panel is independently guaranteed complete,Internal stability or leading rank is not breeding-record ground truth; Tier C identity is explicitly uncertain.
fAulAsc158,2021cicX11218976,father,M,F1,fAulAsc75,2021cicX11218869,F2,Tier_B_additional_identity,False,True,True,True,tier_B,False,0.72125,1.0,1.0,fAulAsc158:0.721;fAulAsc157:0.278,0.434,0.1428571428571428,0.7727272727272727,fAulAsc158+fAulAsc154:0.434;fAulAsc158+fAulAsc153:0.287;fAulAsc157+fAulAsc154:0.264,zero_parent,0.0,0.0,0.0,Tier B chromosome-resampling identity stability,Internal stability or leading rank is not breeding-record ground truth; Tier C identity is explicitly uncertain.
fAulAsc154,2021cicX11218972,mother,F,F1,fAulAsc75,2021cicX11218869,F2,Tier_C_design_conditioned_leading_identity,False,False,True,True,tier_C,False,0.69825,0.1428571428571428,0.7727272727272727,fAulAsc154:0.698;fAulAsc153:0.302,0.434,0.1428571428571428,0.7727272727272727,fAulAsc158+fAulAsc154:0.434;fAulAsc158+fAulAsc153:0.287;fAulAsc157+fAulAsc154:0.264,zero_parent,0.0,0.0,0.0,leading joint-MAP pair identity admitted because the recorded-F1 candidate panel is independently guaranteed complete,Internal stability or leading rank is not breeding-record ground truth; Tier C identity is explicitly uncertain.
fAulAsc158,2021cicX11218976,father,M,F1,fAulAsc76,2021cicX11218870,F2,Tier_B_additional_identity,False,True,True,True,tier_B,False,0.8832500000000001,1.0,1.0,fAulAsc158:0.883;fAulAsc157:0.117,0.71025,1.0,1.0,fAulAsc158+fAulAsc153:0.710;fAulAsc158+fAulAsc154:0.173;fAulAsc157+fAulAsc153:0.085,zero_parent,0.0,0.0,0.0,Tier B chromosome-resampling identity stability,Internal stability or leading rank is not breeding-record ground truth; Tier C identity is explicitly uncertain.
fAulAsc153,2021cicX11218971,mother,F,F1,fAulAsc76,2021cicX11218870,F2,Tier_B_additional_identity,False,True,True,True,tier_B,False,0.79525,1.0,1.0,fAulAsc153:0.795;fAulAsc154:0.205,0.71025,1.0,1.0,fAulAsc158+fAulAsc153:0.710;fAulAsc158+fAulAsc154:0.173;fAulAsc157+fAulAsc153:0.085,zero_parent,0.0,0.0,0.0,Tier B chromosome-resampling identity stability,Internal stability or leading rank is not breeding-record ground truth; Tier C identity is explicitly uncertain.
fAulAsc158,2021cicX11218976,father,M,F1,fAulAsc77,2021cicX11218871,F2,Tier_C_design_conditioned_leading_identity,False,False,True,True,tier_C,False,0.55675,0.8571428571428571,0.7272727272727273,fAulAsc158:0.557;fAulAsc157:0.443,0.46975,0.8571428571428571,0.7272727272727273,fAulAsc158+fAulAsc154:0.470;fAulAsc157+fAulAsc153:0.319;fAulAsc157+fAulAsc154:0.124;fAulAsc158+fAulAsc153:0.087,zero_parent,0.0,0.0,0.0,leading joint-MAP pair identity admitted because the recorded-F1 candidate panel is independently guaranteed complete,Internal stability or leading rank is not breeding-record ground truth; Tier C identity is explicitly uncertain.
fAulAsc154,2021cicX11218972,mother,F,F1,fAulAsc77,2021cicX11218871,F2,Tier_C_design_conditioned_leading_identity,False,False,True,True,tier_C,False,0.5935,0.8571428571428571,0.7272727272727273,fAulAsc154:0.594;fAulAsc153:0.406,0.46975,0.8571428571428571,0.7272727272727273,fAulAsc158+fAulAsc154:0.470;fAulAsc157+fAulAsc153:0.319;fAulAsc157+fAulAsc154:0.124;fAulAsc158+fAulAsc153:0.087,zero_parent,0.0,0.0,0.0,leading joint-MAP pair identity admitted because the recorded-F1 candidate panel is independently guaranteed complete,Internal stability or leading rank is not breeding-record ground truth; Tier C identity is explicitly uncertain.
fAulAsc150,2021cicX11218968,father,M,F1,fAulAsc78,2021cicX11218872,F2,Tier_B_additional_identity,False,True,True,True,tier_B,False,0.9175,1.0,1.0,fAulAsc150:0.917;fAulAsc152:0.041,0.68875,1.0,1.0,fAulAsc150+fAulAsc154:0.689;fAulAsc150+fAulAsc153:0.229;fAulAsc152+fAulAsc153:0.041,father_only,0.0,0.0,0.0,Tier B chromosome-resampling identity stability,Internal stability or leading rank is not breeding-record ground truth; Tier C identity is explicitly uncertain.
fAulAsc154,2021cicX11218972,mother,F,F1,fAulAsc78,2021cicX11218872,F2,Tier_B_additional_identity,False,True,True,True,tier_B,False,0.70975,1.0,1.0,fAulAsc154:0.710;fAulAsc153:0.290,0.68875,1.0,1.0,fAulAsc150+fAulAsc154:0.689;fAulAsc150+fAulAsc153:0.229;fAulAsc152+fAulAsc153:0.041,father_only,0.0,0.0,0.0,Tier B chromosome-resampling identity stability,Internal stability or leading rank is not breeding-record ground truth; Tier C identity is explicitly uncertain.
fAulAsc150,2021cicX11218968,father,M,F1,fAulAsc79,2021cicX11218873,F2,Tier_A_strict_identity,True,True,True,True,tier_A,False,0.9925,1.0,1.0,fAulAsc150:0.992,0.856,1.0,1.0,fAulAsc150+fAulAsc154:0.856;fAulAsc150+fAulAsc153:0.137,father_only,0.0,0.0,0.0,strict chromosome-resampling identity stability,Internal stability or leading rank is not breeding-record ground truth; Tier C identity is explicitly uncertain.
fAulAsc154,2021cicX11218972,mother,F,F1,fAulAsc79,2021cicX11218873,F2,Tier_B_additional_identity,False,True,True,True,tier_B,False,0.86225,1.0,1.0,fAulAsc154:0.862;fAulAsc153:0.138,0.856,1.0,1.0,fAulAsc150+fAulAsc154:0.856;fAulAsc150+fAulAsc153:0.137,father_only,0.0,0.0,0.0,Tier B chromosome-resampling identity stability,Internal stability or leading rank is not breeding-record ground truth; Tier C identity is explicitly uncertain.
fAulAsc157,2021cicX11218975,father,M,F1,fAulAsc80,2021cicX11218874,F2,Tier_B_additional_identity,False,True,True,True,tier_B,False,0.5117499999999999,1.0,0.9090909090909092,fAulAsc157:0.512;fAulAsc158:0.488,0.50225,1.0,0.9090909090909092,fAulAsc157+fAulAsc154:0.502;fAulAsc158+fAulAsc153:0.279;fAulAsc158+fAulAsc154:0.210,zero_parent,0.0005,0.0,0.0,Tier B chromosome-resampling identity stability,Internal stability or leading rank is not breeding-record ground truth; Tier C identity is explicitly uncertain.
fAulAsc154,2021cicX11218972,mother,F,F1,fAulAsc80,2021cicX11218874,F2,Tier_B_additional_identity,False,True,True,True,tier_B,False,0.712,1.0,0.9090909090909092,fAulAsc154:0.712;fAulAsc153:0.288,0.50225,1.0,0.9090909090909092,fAulAsc157+fAulAsc154:0.502;fAulAsc158+fAulAsc153:0.279;fAulAsc158+fAulAsc154:0.210,zero_parent,0.0005,0.0,0.0,Tier B chromosome-resampling identity stability,Internal stability or leading rank is not breeding-record ground truth; Tier C identity is explicitly uncertain.
fAulAsc150,2021cicX11218968,father,M,F1,fAulAsc81,2021cicX11218875,F2,Tier_A_strict_identity,True,True,True,True,tier_A,False,0.99425,1.0,1.0,fAulAsc150:0.994,0.6935,1.0,1.0,fAulAsc150+fAulAsc153:0.694;fAulAsc150+fAulAsc154:0.301,father_only,0.00025,0.0,0.0,strict chromosome-resampling identity stability,Internal stability or leading rank is not breeding-record ground truth; Tier C identity is explicitly uncertain.
fAulAsc153,2021cicX11218971,mother,F,F1,fAulAsc81,2021cicX11218875,F2,Tier_B_additional_identity,False,True,True,True,tier_B,False,0.69775,1.0,1.0,fAulAsc153:0.698;fAulAsc154:0.302,0.6935,1.0,1.0,fAulAsc150+fAulAsc153:0.694;fAulAsc150+fAulAsc154:0.301,father_only,0.00025,0.0,0.0,Tier B chromosome-resampling identity stability,Internal stability or leading rank is not breeding-record ground truth; Tier C identity is explicitly uncertain.
fAulAsc151,2021cicX11218969,father,M,F1,fAulAsc82,2021cicX11218876,F2,Tier_B_additional_identity,False,True,True,True,tier_B,False,0.88825,1.0,1.0,fAulAsc151:0.888;fAulAsc150:0.059;fAulAsc156:0.026,0.6535,1.0,1.0,fAulAsc151+fAulAsc154:0.653;fAulAsc151+fAulAsc153:0.235;fAulAsc150+fAulAsc153:0.059;fAulAsc156+fAulAsc154:0.026,father_only,0.0265,0.0,0.0,Tier B chromosome-resampling identity stability,Internal stability or leading rank is not breeding-record ground truth; Tier C identity is explicitly uncertain.
fAulAsc154,2021cicX11218972,mother,F,F1,fAulAsc82,2021cicX11218876,F2,Tier_B_additional_identity,False,True,True,True,tier_B,False,0.7057499999999999,1.0,1.0,fAulAsc154:0.706;fAulAsc153:0.294,0.6535,1.0,1.0,fAulAsc151+fAulAsc154:0.653;fAulAsc151+fAulAsc153:0.235;fAulAsc150+fAulAsc153:0.059;fAulAsc156+fAulAsc154:0.026,father_only,0.0265,0.0,0.0,Tier B chromosome-resampling identity stability,Internal stability or leading rank is not breeding-record ground truth; Tier C identity is explicitly uncertain.
fAulAsc158,2021cicX11218976,father,M,F1,fAulAsc83,2021cicX11218877,F2,Tier_B_additional_identity,False,True,True,True,tier_B,False,0.9275,1.0,1.0,fAulAsc158:0.927;fAulAsc157:0.072,0.63675,0.5714285714285714,1.0,fAulAsc158+fAulAsc153:0.637;fAulAsc158+fAulAsc154:0.291;fAulAsc157+fAulAsc153:0.046,zero_parent,0.0,0.0,0.0,Tier B chromosome-resampling identity stability,Internal stability or leading rank is not breeding-record ground truth; Tier C identity is explicitly uncertain.
fAulAsc153,2021cicX11218971,mother,F,F1,fAulAsc83,2021cicX11218877,F2,Tier_C_design_conditioned_leading_identity,False,False,True,True,tier_C,False,0.683,0.5714285714285714,1.0,fAulAsc153:0.683;fAulAsc154:0.317,0.63675,0.5714285714285714,1.0,fAulAsc158+fAulAsc153:0.637;fAulAsc158+fAulAsc154:0.291;fAulAsc157+fAulAsc153:0.046,zero_parent,0.0,0.0,0.0,leading joint-MAP pair identity admitted because the recorded-F1 candidate panel is independently guaranteed complete,Internal stability or leading rank is not breeding-record ground truth; Tier C identity is explicitly uncertain.
fAulAsc158,2021cicX11218976,father,M,F1,fAulAsc84,2021cicX11218878,F2,Tier_B_additional_identity,False,True,True,True,tier_B,False,0.68625,1.0,1.0,fAulAsc158:0.686;fAulAsc157:0.313,0.60975,1.0,1.0,fAulAsc158+fAulAsc154:0.610;fAulAsc157+fAulAsc153:0.206;fAulAsc157+fAulAsc154:0.107;fAulAsc158+fAulAsc153:0.076,zero_parent,0.0,0.0,0.0,Tier B chromosome-resampling identity stability,Internal stability or leading rank is not breeding-record ground truth; Tier C identity is explicitly uncertain.
fAulAsc154,2021cicX11218972,mother,F,F1,fAulAsc84,2021cicX11218878,F2,Tier_B_additional_identity,False,True,True,True,tier_B,False,0.71675,1.0,1.0,fAulAsc154:0.717;fAulAsc153:0.283,0.60975,1.0,1.0,fAulAsc158+fAulAsc154:0.610;fAulAsc157+fAulAsc153:0.206;fAulAsc157+fAulAsc154:0.107;fAulAsc158+fAulAsc153:0.076,zero_parent,0.0,0.0,0.0,Tier B chromosome-resampling identity stability,Internal stability or leading rank is not breeding-record ground truth; Tier C identity is explicitly uncertain.
fAulAsc150,2021cicX11218968,father,M,F1,fAulAsc85,2021cicX11218879,F2,Tier_A_strict_identity,True,True,True,True,tier_A,False,1.0,1.0,1.0,fAulAsc150:1.000,1.0,1.0,1.0,fAulAsc150+fAulAsc154:1.000,father_only,0.17225,0.0,0.0,strict chromosome-resampling identity stability,Internal stability or leading rank is not breeding-record ground truth; Tier C identity is explicitly uncertain.
fAulAsc154,2021cicX11218972,mother,F,F1,fAulAsc85,2021cicX11218879,F2,Tier_A_strict_identity,True,True,True,True,tier_A,False,1.0,1.0,1.0,fAulAsc154:1.000,1.0,1.0,1.0,fAulAsc150+fAulAsc154:1.000,father_only,0.17225,0.0,0.0,strict chromosome-resampling identity stability,Internal stability or leading rank is not breeding-record ground truth; Tier C identity is explicitly uncertain.
fAulAsc150,2021cicX11218968,father,M,F1,fAulAsc86,2021cicX11218880,F2,Tier_A_strict_identity,True,True,True,True,tier_A,False,0.9875,1.0,1.0,fAulAsc150:0.988,0.722,1.0,1.0,fAulAsc150+fAulAsc154:0.722;fAulAsc150+fAulAsc153:0.266,father_only,0.0005,0.0,0.0,strict chromosome-resampling identity stability,Internal stability or leading rank is not breeding-record ground truth; Tier C identity is explicitly uncertain.
fAulAsc154,2021cicX11218972,mother,F,F1,fAulAsc86,2021cicX11218880,F2,Tier_B_additional_identity,False,True,True,True,tier_B,False,0.7334999999999999,1.0,1.0,fAulAsc154:0.733;fAulAsc153:0.267,0.722,1.0,1.0,fAulAsc150+fAulAsc154:0.722;fAulAsc150+fAulAsc153:0.266,father_only,0.0005,0.0,0.0,Tier B chromosome-resampling identity stability,Internal stability or leading rank is not breeding-record ground truth; Tier C identity is explicitly uncertain.
fAulAsc158,2021cicX11218976,father,M,F1,fAulAsc87,2021cicX11218881,F2,Tier_B_additional_identity,False,True,True,True,tier_B,False,0.74375,1.0,1.0,fAulAsc158:0.744;fAulAsc157:0.255,0.6175,0.1428571428571428,1.0,fAulAsc158+fAulAsc154:0.618;fAulAsc157+fAulAsc153:0.201;fAulAsc158+fAulAsc153:0.126;fAulAsc157+fAulAsc154:0.054,zero_parent,0.0,0.0,0.0,Tier B chromosome-resampling identity stability,Internal stability or leading rank is not breeding-record ground truth; Tier C identity is explicitly uncertain.
fAulAsc154,2021cicX11218972,mother,F,F1,fAulAsc87,2021cicX11218881,F2,Tier_C_design_conditioned_leading_identity,False,False,True,True,tier_C,False,0.6717500000000001,0.1428571428571428,1.0,fAulAsc154:0.672;fAulAsc153:0.328,0.6175,0.1428571428571428,1.0,fAulAsc158+fAulAsc154:0.618;fAulAsc157+fAulAsc153:0.201;fAulAsc158+fAulAsc153:0.126;fAulAsc157+fAulAsc154:0.054,zero_parent,0.0,0.0,0.0,leading joint-MAP pair identity admitted because the recorded-F1 candidate panel is independently guaranteed complete,Internal stability or leading rank is not breeding-record ground truth; Tier C identity is explicitly uncertain.
fAulAsc158,2021cicX11218976,father,M,F1,fAulAsc88,2021cicX11218882,F2,Tier_C_design_conditioned_leading_identity,False,False,True,True,tier_C,False,0.7662500000000001,0.2857142857142857,1.0,fAulAsc158:0.766;fAulAsc157:0.234,0.50475,0.2857142857142857,1.0,fAulAsc158+fAulAsc154:0.505;fAulAsc158+fAulAsc153:0.262;fAulAsc157+fAulAsc153:0.144;fAulAsc157+fAulAsc154:0.090,father_only,0.00125,0.0,0.0,leading joint-MAP pair identity admitted because the recorded-F1 candidate panel is independently guaranteed complete,Internal stability or leading rank is not breeding-record ground truth; Tier C identity is explicitly uncertain.
fAulAsc154,2021cicX11218972,mother,F,F1,fAulAsc88,2021cicX11218882,F2,Tier_C_design_conditioned_leading_identity,False,False,True,True,tier_C,False,0.59475,0.2857142857142857,1.0,fAulAsc154:0.595;fAulAsc153:0.405,0.50475,0.2857142857142857,1.0,fAulAsc158+fAulAsc154:0.505;fAulAsc158+fAulAsc153:0.262;fAulAsc157+fAulAsc153:0.144;fAulAsc157+fAulAsc154:0.090,father_only,0.00125,0.0,0.0,leading joint-MAP pair identity admitted because the recorded-F1 candidate panel is independently guaranteed complete,Internal stability or leading rank is not breeding-record ground truth; Tier C identity is explicitly uncertain.
fAulAsc158,2021cicX11218976,father,M,F1,fAulAsc89,2021cicX11218883,F2,Tier_B_additional_identity,False,True,True,True,tier_B,False,0.8432499999999999,1.0,1.0,fAulAsc158:0.843;fAulAsc157:0.155,0.58,1.0,1.0,fAulAsc158+fAulAsc154:0.580;fAulAsc158+fAulAsc153:0.263;fAulAsc157+fAulAsc154:0.092;fAulAsc157+fAulAsc153:0.062,zero_parent,0.0,0.0,0.0,Tier B chromosome-resampling identity stability,Internal stability or leading rank is not breeding-record ground truth; Tier C identity is explicitly uncertain.
fAulAsc154,2021cicX11218972,mother,F,F1,fAulAsc89,2021cicX11218883,F2,Tier_B_additional_identity,False,True,True,True,tier_B,False,0.67425,1.0,1.0,fAulAsc154:0.674;fAulAsc153:0.326,0.58,1.0,1.0,fAulAsc158+fAulAsc154:0.580;fAulAsc158+fAulAsc153:0.263;fAulAsc157+fAulAsc154:0.092;fAulAsc157+fAulAsc153:0.062,zero_parent,0.0,0.0,0.0,Tier B chromosome-resampling identity stability,Internal stability or leading rank is not breeding-record ground truth; Tier C identity is explicitly uncertain.
fAulAsc158,2021cicX11218976,father,M,F1,fAulAsc90,2021cicX11218884,F2,Tier_B_additional_identity,False,True,True,True,tier_B,False,0.72375,1.0,1.0,fAulAsc158:0.724;fAulAsc157:0.275,0.51325,1.0,1.0,fAulAsc158+fAulAsc154:0.513;fAulAsc157+fAulAsc154:0.238;fAulAsc158+fAulAsc153:0.210,zero_parent,0.0,0.0,0.0,Tier B chromosome-resampling identity stability,Internal stability or leading rank is not breeding-record ground truth; Tier C identity is explicitly uncertain.
fAulAsc154,2021cicX11218972,mother,F,F1,fAulAsc90,2021cicX11218884,F2,Tier_B_additional_identity,False,True,True,True,tier_B,False,0.7525,1.0,1.0,fAulAsc154:0.752;fAulAsc153:0.247,0.51325,1.0,1.0,fAulAsc158+fAulAsc154:0.513;fAulAsc157+fAulAsc154:0.238;fAulAsc158+fAulAsc153:0.210,zero_parent,0.0,0.0,0.0,Tier B chromosome-resampling identity stability,Internal stability or leading rank is not breeding-record ground truth; Tier C identity is explicitly uncertain.
fAulAsc150,2021cicX11218968,father,M,F1,fAulAsc91,2021cicX11218885,F2,Tier_B_additional_identity,False,True,True,True,tier_B,False,0.87725,1.0,1.0,fAulAsc150:0.877;fAulAsc151:0.063;fAulAsc155:0.055,0.579,1.0,0.9545454545454546,fAulAsc150+fAulAsc154:0.579;fAulAsc150+fAulAsc153:0.298;fAulAsc151+fAulAsc153:0.063;fAulAsc155+fAulAsc154:0.055,zero_parent,0.0,0.0,0.0,Tier B chromosome-resampling identity stability,Internal stability or leading rank is not breeding-record ground truth; Tier C identity is explicitly uncertain.
fAulAsc154,2021cicX11218972,mother,F,F1,fAulAsc91,2021cicX11218885,F2,Tier_B_additional_identity,False,True,True,True,tier_B,False,0.63825,1.0,0.9545454545454546,fAulAsc154:0.638;fAulAsc153:0.362,0.579,1.0,0.9545454545454546,fAulAsc150+fAulAsc154:0.579;fAulAsc150+fAulAsc153:0.298;fAulAsc151+fAulAsc153:0.063;fAulAsc155+fAulAsc154:0.055,zero_parent,0.0,0.0,0.0,Tier B chromosome-resampling identity stability,Internal stability or leading rank is not breeding-record ground truth; Tier C identity is explicitly uncertain.
fAulAsc158,2021cicX11218976,father,M,F1,fAulAsc92,2021cicX11218886,F2,Tier_B_additional_identity,False,True,True,True,tier_B,False,0.728,1.0,1.0,fAulAsc158:0.728;fAulAsc157:0.272,0.4275,1.0,0.7272727272727273,fAulAsc158+fAulAsc153:0.427;fAulAsc158+fAulAsc154:0.300;fAulAsc157+fAulAsc154:0.217;fAulAsc157+fAulAsc153:0.055,zero_parent,0.0,0.0,0.0,Tier B chromosome-resampling identity stability,Internal stability or leading rank is not breeding-record ground truth; Tier C identity is explicitly uncertain.
fAulAsc153,2021cicX11218971,mother,F,F1,fAulAsc92,2021cicX11218886,F2,Tier_C_design_conditioned_leading_identity,False,False,True,True,tier_C,False,0.48275,1.0,0.7272727272727273,fAulAsc154:0.517;fAulAsc153:0.483,0.4275,1.0,0.7272727272727273,fAulAsc158+fAulAsc153:0.427;fAulAsc158+fAulAsc154:0.300;fAulAsc157+fAulAsc154:0.217;fAulAsc157+fAulAsc153:0.055,zero_parent,0.0,0.0,0.0,leading joint-MAP pair identity admitted because the recorded-F1 candidate panel is independently guaranteed complete,Internal stability or leading rank is not breeding-record ground truth; Tier C identity is explicitly uncertain.
fAulAsc158,2021cicX11218976,father,M,F1,fAulAsc93,2021cicX11218887,F2,Tier_B_additional_identity,False,True,True,True,tier_B,False,0.8035,1.0,1.0,fAulAsc158:0.803;fAulAsc157:0.194,0.482,1.0,0.8636363636363636,fAulAsc158+fAulAsc154:0.482;fAulAsc158+fAulAsc153:0.322;fAulAsc157+fAulAsc154:0.104;fAulAsc157+fAulAsc153:0.089,zero_parent,0.0,0.0,0.0,Tier B chromosome-resampling identity stability,Internal stability or leading rank is not breeding-record ground truth; Tier C identity is explicitly uncertain.
fAulAsc154,2021cicX11218972,mother,F,F1,fAulAsc93,2021cicX11218887,F2,Tier_B_additional_identity,False,True,True,True,tier_B,False,0.588,1.0,0.8636363636363636,fAulAsc154:0.588;fAulAsc153:0.412,0.482,1.0,0.8636363636363636,fAulAsc158+fAulAsc154:0.482;fAulAsc158+fAulAsc153:0.322;fAulAsc157+fAulAsc154:0.104;fAulAsc157+fAulAsc153:0.089,zero_parent,0.0,0.0,0.0,Tier B chromosome-resampling identity stability,Internal stability or leading rank is not breeding-record ground truth; Tier C identity is explicitly uncertain.
fAulAsc150,2021cicX11218968,father,M,F1,fAulAsc94,2021cicX11218888,F2,Tier_B_additional_identity,False,True,True,True,tier_B,False,0.942,1.0,1.0,fAulAsc150:0.942;fAulAsc155:0.055,0.72625,1.0,1.0,fAulAsc150+fAulAsc154:0.726;fAulAsc150+fAulAsc153:0.216;fAulAsc155+fAulAsc154:0.055,father_only,0.0,0.0,0.0,Tier B chromosome-resampling identity stability,Internal stability or leading rank is not breeding-record ground truth; Tier C identity is explicitly uncertain.
fAulAsc154,2021cicX11218972,mother,F,F1,fAulAsc94,2021cicX11218888,F2,Tier_B_additional_identity,False,True,True,True,tier_B,False,0.78425,1.0,1.0,fAulAsc154:0.784;fAulAsc153:0.216,0.72625,1.0,1.0,fAulAsc150+fAulAsc154:0.726;fAulAsc150+fAulAsc153:0.216;fAulAsc155+fAulAsc154:0.055,father_only,0.0,0.0,0.0,Tier B chromosome-resampling identity stability,Internal stability or leading rank is not breeding-record ground truth; Tier C identity is explicitly uncertain.
fAulAsc157,2021cicX11218975,father,M,F1,fAulAsc95,2021cicX11218889,F2,Tier_C_design_conditioned_leading_identity,False,False,True,True,tier_C,False,0.5995,1.0,0.7727272727272727,fAulAsc157:0.600;fAulAsc158:0.394,0.3365,0.1428571428571428,0.6818181818181818,fAulAsc157+fAulAsc154:0.337;fAulAsc158+fAulAsc154:0.297;fAulAsc157+fAulAsc153:0.263;fAulAsc158+fAulAsc153:0.098,zero_parent,0.0,0.0,0.0,leading joint-MAP pair identity admitted because the recorded-F1 candidate panel is independently guaranteed complete,Internal stability or leading rank is not breeding-record ground truth; Tier C identity is explicitly uncertain.
fAulAsc154,2021cicX11218972,mother,F,F1,fAulAsc95,2021cicX11218889,F2,Tier_C_design_conditioned_leading_identity,False,False,True,True,tier_C,False,0.6345000000000001,0.1428571428571428,0.9090909090909092,fAulAsc154:0.635;fAulAsc153:0.366,0.3365,0.1428571428571428,0.6818181818181818,fAulAsc157+fAulAsc154:0.337;fAulAsc158+fAulAsc154:0.297;fAulAsc157+fAulAsc153:0.263;fAulAsc158+fAulAsc153:0.098,zero_parent,0.0,0.0,0.0,leading joint-MAP pair identity admitted because the recorded-F1 candidate panel is independently guaranteed complete,Internal stability or leading rank is not breeding-record ground truth; Tier C identity is explicitly uncertain.
fAulAsc157,2021cicX11218975,father,M,F1,fAulAsc96,2021cicX11218890,F2,Tier_B_additional_identity,False,True,True,True,tier_B,False,0.7090000000000001,1.0,1.0,fAulAsc157:0.709;fAulAsc158:0.291,0.55625,1.0,1.0,fAulAsc157+fAulAsc153:0.556;fAulAsc158+fAulAsc154:0.192;fAulAsc157+fAulAsc154:0.153;fAulAsc158+fAulAsc153:0.100,zero_parent,0.0,0.0,0.0,Tier B chromosome-resampling identity stability,Internal stability or leading rank is not breeding-record ground truth; Tier C identity is explicitly uncertain.
fAulAsc153,2021cicX11218971,mother,F,F1,fAulAsc96,2021cicX11218890,F2,Tier_B_additional_identity,False,True,True,True,tier_B,False,0.65575,1.0,1.0,fAulAsc153:0.656;fAulAsc154:0.344,0.55625,1.0,1.0,fAulAsc157+fAulAsc153:0.556;fAulAsc158+fAulAsc154:0.192;fAulAsc157+fAulAsc154:0.153;fAulAsc158+fAulAsc153:0.100,zero_parent,0.0,0.0,0.0,Tier B chromosome-resampling identity stability,Internal stability or leading rank is not breeding-record ground truth; Tier C identity is explicitly uncertain.
fAulAsc157,2021cicX11218975,father,M,F1,fAulAsc97,2021cicX11218915,F2,Tier_C_design_conditioned_leading_identity,False,False,True,True,tier_C,False,0.57475,0.2857142857142857,0.5454545454545454,fAulAsc157:0.575;fAulAsc158:0.417,0.3865,0.1428571428571428,0.5454545454545454,fAulAsc158+fAulAsc154:0.417;fAulAsc157+fAulAsc154:0.387;fAulAsc157+fAulAsc153:0.188,zero_parent,0.00025,0.0,0.0,leading joint-MAP pair identity admitted because the recorded-F1 candidate panel is independently guaranteed complete,Internal stability or leading rank is not breeding-record ground truth; Tier C identity is explicitly uncertain.
fAulAsc154,2021cicX11218972,mother,F,F1,fAulAsc97,2021cicX11218915,F2,Tier_B_additional_identity,False,True,True,True,tier_B,False,0.804,0.8571428571428571,1.0,fAulAsc154:0.804;fAulAsc153:0.196,0.3865,0.1428571428571428,0.5454545454545454,fAulAsc158+fAulAsc154:0.417;fAulAsc157+fAulAsc154:0.387;fAulAsc157+fAulAsc153:0.188,zero_parent,0.00025,0.0,0.0,Tier B chromosome-resampling identity stability,Internal stability or leading rank is not breeding-record ground truth; Tier C identity is explicitly uncertain.
fAulAsc158,2021cicX11218976,father,M,F1,fAulAsc98,2021cicX11218916,F2,Tier_B_additional_identity,False,True,True,True,tier_B,False,0.879,1.0,1.0,fAulAsc158:0.879;fAulAsc157:0.121,0.8605,1.0,1.0,fAulAsc158+fAulAsc154:0.861;fAulAsc157+fAulAsc154:0.106,zero_parent,0.0,0.0,0.0,Tier B chromosome-resampling identity stability,Internal stability or leading rank is not breeding-record ground truth; Tier C identity is explicitly uncertain.
fAulAsc154,2021cicX11218972,mother,F,F1,fAulAsc98,2021cicX11218916,F2,Tier_A_strict_identity,True,True,True,True,tier_A,False,0.967,1.0,1.0,fAulAsc154:0.967,0.8605,1.0,1.0,fAulAsc158+fAulAsc154:0.861;fAulAsc157+fAulAsc154:0.106,zero_parent,0.0,0.0,0.0,strict chromosome-resampling identity stability,Internal stability or leading rank is not breeding-record ground truth; Tier C identity is explicitly uncertain.
fAulAsc151,2021cicX11218969,father,M,F1,fAulAsc99,2021cicX11218917,F2,Tier_B_additional_identity,False,True,True,True,tier_B,False,0.669,1.0,1.0,fAulAsc151:0.669;fAulAsc152:0.225;fAulAsc150:0.102,0.66625,1.0,1.0,fAulAsc151+fAulAsc154:0.666;fAulAsc152+fAulAsc154:0.225;fAulAsc150+fAulAsc153:0.073,zero_parent,0.0165,0.0,0.0,Tier B chromosome-resampling identity stability,Internal stability or leading rank is not breeding-record ground truth; Tier C identity is explicitly uncertain.
fAulAsc154,2021cicX11218972,mother,F,F1,fAulAsc99,2021cicX11218917,F2,Tier_B_additional_identity,False,True,True,True,tier_B,False,0.92025,1.0,1.0,fAulAsc154:0.920;fAulAsc153:0.080,0.66625,1.0,1.0,fAulAsc151+fAulAsc154:0.666;fAulAsc152+fAulAsc154:0.225;fAulAsc150+fAulAsc153:0.073,zero_parent,0.0165,0.0,0.0,Tier B chromosome-resampling identity stability,Internal stability or leading rank is not breeding-record ground truth; Tier C identity is explicitly uncertain.
fAulAsc157,2021cicX11218975,father,M,F1,fAulAsc100,2021cicX11218918,F2,Tier_C_design_conditioned_leading_identity,False,False,True,True,tier_C,False,0.583,0.1428571428571428,0.9090909090909092,fAulAsc157:0.583;fAulAsc158:0.415,0.5495,0.1428571428571428,0.9090909090909092,fAulAsc157+fAulAsc154:0.549;fAulAsc158+fAulAsc154:0.274;fAulAsc158+fAulAsc153:0.141,zero_parent,0.00025,0.0,0.0,leading joint-MAP pair identity admitted because the recorded-F1 candidate panel is independently guaranteed complete,Internal stability or leading rank is not breeding-record ground truth; Tier C identity is explicitly uncertain.
fAulAsc154,2021cicX11218972,mother,F,F1,fAulAsc100,2021cicX11218918,F2,Tier_B_additional_identity,False,True,True,True,tier_B,False,0.82325,1.0,1.0,fAulAsc154:0.823;fAulAsc153:0.177,0.5495,0.1428571428571428,0.9090909090909092,fAulAsc157+fAulAsc154:0.549;fAulAsc158+fAulAsc154:0.274;fAulAsc158+fAulAsc153:0.141,zero_parent,0.00025,0.0,0.0,Tier B chromosome-resampling identity stability,Internal stability or leading rank is not breeding-record ground truth; Tier C identity is explicitly uncertain.
fAulAsc157,2021cicX11218975,father,M,F1,fAulAsc101,2021cicX11218919,F2,Tier_B_additional_identity,False,True,True,True,tier_B,False,0.629,1.0,1.0,fAulAsc157:0.629;fAulAsc158:0.371,0.6225,1.0,1.0,fAulAsc157+fAulAsc154:0.623;fAulAsc158+fAulAsc154:0.348,zero_parent,0.0025,0.0,0.0,Tier B chromosome-resampling identity stability,Internal stability or leading rank is not breeding-record ground truth; Tier C identity is explicitly uncertain.
fAulAsc154,2021cicX11218972,mother,F,F1,fAulAsc101,2021cicX11218919,F2,Tier_A_strict_identity,True,True,True,True,tier_A,False,0.9705,1.0,1.0,fAulAsc154:0.971,0.6225,1.0,1.0,fAulAsc157+fAulAsc154:0.623;fAulAsc158+fAulAsc154:0.348,zero_parent,0.0025,0.0,0.0,strict chromosome-resampling identity stability,Internal stability or leading rank is not breeding-record ground truth; Tier C identity is explicitly uncertain.
fAulAsc158,2021cicX11218976,father,M,F1,fAulAsc102,2021cicX11218920,F2,Tier_B_additional_identity,False,True,True,True,tier_B,False,0.7095,1.0,1.0,fAulAsc158:0.710;fAulAsc157:0.290,0.639,1.0,1.0,fAulAsc158+fAulAsc154:0.639;fAulAsc157+fAulAsc154:0.255;fAulAsc158+fAulAsc153:0.070,zero_parent,0.0,0.0,0.0,Tier B chromosome-resampling identity stability,Internal stability or leading rank is not breeding-record ground truth; Tier C identity is explicitly uncertain.
fAulAsc154,2021cicX11218972,mother,F,F1,fAulAsc102,2021cicX11218920,F2,Tier_B_additional_identity,False,True,True,True,tier_B,False,0.89425,1.0,1.0,fAulAsc154:0.894;fAulAsc153:0.106,0.639,1.0,1.0,fAulAsc158+fAulAsc154:0.639;fAulAsc157+fAulAsc154:0.255;fAulAsc158+fAulAsc153:0.070,zero_parent,0.0,0.0,0.0,Tier B chromosome-resampling identity stability,Internal stability or leading rank is not breeding-record ground truth; Tier C identity is explicitly uncertain.
fAulAsc157,2021cicX11218975,father,M,F1,fAulAsc103,2021cicX11218921,F2,Tier_C_design_conditioned_leading_identity,False,False,True,True,tier_C,False,0.501,0.8571428571428571,0.5909090909090909,fAulAsc157:0.501;fAulAsc158:0.498,0.49575,0.8571428571428571,0.5909090909090909,fAulAsc157+fAulAsc154:0.496;fAulAsc158+fAulAsc154:0.457,zero_parent,0.0,0.0,0.0,leading joint-MAP pair identity admitted because the recorded-F1 candidate panel is independently guaranteed complete,Internal stability or leading rank is not breeding-record ground truth; Tier C identity is explicitly uncertain.
fAulAsc154,2021cicX11218972,mother,F,F1,fAulAsc103,2021cicX11218921,F2,Tier_A_strict_identity,True,True,True,True,tier_A,False,0.95325,1.0,1.0,fAulAsc154:0.953,0.49575,0.8571428571428571,0.5909090909090909,fAulAsc157+fAulAsc154:0.496;fAulAsc158+fAulAsc154:0.457,zero_parent,0.0,0.0,0.0,strict chromosome-resampling identity stability,Internal stability or leading rank is not breeding-record ground truth; Tier C identity is explicitly uncertain.
fAulAsc157,2021cicX11218975,father,M,F1,fAulAsc104,2021cicX11218922,F2,Tier_B_additional_identity,False,True,True,True,tier_B,False,0.874,1.0,1.0,fAulAsc157:0.874;fAulAsc158:0.125,0.855,1.0,1.0,fAulAsc157+fAulAsc154:0.855;fAulAsc158+fAulAsc154:0.106,zero_parent,0.00075,0.0,0.0,Tier B chromosome-resampling identity stability,Internal stability or leading rank is not breeding-record ground truth; Tier C identity is explicitly uncertain.
fAulAsc154,2021cicX11218972,mother,F,F1,fAulAsc104,2021cicX11218922,F2,Tier_A_strict_identity,True,True,True,True,tier_A,False,0.961,1.0,1.0,fAulAsc154:0.961,0.855,1.0,1.0,fAulAsc157+fAulAsc154:0.855;fAulAsc158+fAulAsc154:0.106,zero_parent,0.00075,0.0,0.0,strict chromosome-resampling identity stability,Internal stability or leading rank is not breeding-record ground truth; Tier C identity is explicitly uncertain.
fAulAsc158,2021cicX11218976,father,M,F1,fAulAsc105,2021cicX11218923,F2,Tier_C_design_conditioned_leading_identity,False,False,True,True,tier_C,False,0.67225,0.2857142857142857,0.9545454545454546,fAulAsc158:0.672;fAulAsc157:0.325,0.5365,0.2857142857142857,0.9545454545454546,fAulAsc158+fAulAsc153:0.536;fAulAsc157+fAulAsc154:0.298;fAulAsc158+fAulAsc154:0.136,zero_parent,0.00025,0.0,0.0,leading joint-MAP pair identity admitted because the recorded-F1 candidate panel is independently guaranteed complete,Internal stability or leading rank is not breeding-record ground truth; Tier C identity is explicitly uncertain.
fAulAsc153,2021cicX11218971,mother,F,F1,fAulAsc105,2021cicX11218923,F2,Tier_C_design_conditioned_leading_identity,False,False,True,True,tier_C,False,0.565,0.2857142857142857,0.9545454545454546,fAulAsc153:0.565;fAulAsc154:0.435,0.5365,0.2857142857142857,0.9545454545454546,fAulAsc158+fAulAsc153:0.536;fAulAsc157+fAulAsc154:0.298;fAulAsc158+fAulAsc154:0.136,zero_parent,0.00025,0.0,0.0,leading joint-MAP pair identity admitted because the recorded-F1 candidate panel is independently guaranteed complete,Internal stability or leading rank is not breeding-record ground truth; Tier C identity is explicitly uncertain.
fAulAsc157,2021cicX11218975,father,M,F1,fAulAsc106,2021cicX11218924,F2,Tier_B_additional_identity,False,True,True,True,tier_B,False,0.74575,1.0,1.0,fAulAsc157:0.746;fAulAsc158:0.254,0.7235,1.0,1.0,fAulAsc157+fAulAsc154:0.724;fAulAsc158+fAulAsc154:0.148;fAulAsc158+fAulAsc153:0.106,zero_parent,0.0,0.0,0.0,Tier B chromosome-resampling identity stability,Internal stability or leading rank is not breeding-record ground truth; Tier C identity is explicitly uncertain.
fAulAsc154,2021cicX11218972,mother,F,F1,fAulAsc106,2021cicX11218924,F2,Tier_B_additional_identity,False,True,True,True,tier_B,False,0.8714999999999999,1.0,1.0,fAulAsc154:0.871;fAulAsc153:0.129,0.7235,1.0,1.0,fAulAsc157+fAulAsc154:0.724;fAulAsc158+fAulAsc154:0.148;fAulAsc158+fAulAsc153:0.106,zero_parent,0.0,0.0,0.0,Tier B chromosome-resampling identity stability,Internal stability or leading rank is not breeding-record ground truth; Tier C identity is explicitly uncertain.
fAulAsc150,2021cicX11218968,father,M,F1,fAulAsc107,2021cicX11218925,F2,Tier_A_strict_identity,True,True,True,True,tier_A,False,1.0,1.0,1.0,fAulAsc150:1.000,1.0,1.0,1.0,fAulAsc150+fAulAsc153:1.000,two_parent,1.0,1.0,1.0,strict chromosome-resampling identity stability,Internal stability or leading rank is not breeding-record ground truth; Tier C identity is explicitly uncertain.
fAulAsc153,2021cicX11218971,mother,F,F1,fAulAsc107,2021cicX11218925,F2,Tier_A_strict_identity,True,True,True,True,tier_A,False,1.0,1.0,1.0,fAulAsc153:1.000,1.0,1.0,1.0,fAulAsc150+fAulAsc153:1.000,two_parent,1.0,1.0,1.0,strict chromosome-resampling identity stability,Internal stability or leading rank is not breeding-record ground truth; Tier C identity is explicitly uncertain.
fAulAsc158,2021cicX11218976,father,M,F1,fAulAsc108,2021cicX11218926,F2,Tier_B_additional_identity,False,True,True,True,tier_B,False,0.83625,1.0,1.0,fAulAsc158:0.836;fAulAsc157:0.164,0.5935,1.0,1.0,fAulAsc158+fAulAsc154:0.594;fAulAsc158+fAulAsc153:0.243;fAulAsc157+fAulAsc154:0.156,father_only,0.0,0.0,0.0,Tier B chromosome-resampling identity stability,Internal stability or leading rank is not breeding-record ground truth; Tier C identity is explicitly uncertain.
fAulAsc154,2021cicX11218972,mother,F,F1,fAulAsc108,2021cicX11218926,F2,Tier_B_additional_identity,False,True,True,True,tier_B,False,0.74925,1.0,1.0,fAulAsc154:0.749;fAulAsc153:0.251,0.5935,1.0,1.0,fAulAsc158+fAulAsc154:0.594;fAulAsc158+fAulAsc153:0.243;fAulAsc157+fAulAsc154:0.156,father_only,0.0,0.0,0.0,Tier B chromosome-resampling identity stability,Internal stability or leading rank is not breeding-record ground truth; Tier C identity is explicitly uncertain.
fAulAsc38,2021cicX11218832,father,M,F2,fAulAsc109,2021cicX11218927,F3,Tier_A_strict_identity,True,True,True,True,tier_A,False,0.9825,1.0,1.0,fAulAsc38:0.983,,,,,one_observed_parent,1.0,1.0,1.0,strict chromosome-resampling identity stability,Internal stability or leading rank is not breeding-record ground truth; Tier C identity is explicitly uncertain.
fAulAsc38,2021cicX11218832,father,M,F2,fAulAsc110,2021cicX11218928,F3,Tier_B_additional_identity,False,True,True,True,tier_B,False,0.86375,1.0,1.0,fAulAsc38:0.864;fAulAsc34:0.046;fAulAsc141:0.042,,,,,one_observed_parent,1.0,1.0,1.0,Tier B chromosome-resampling identity stability,Internal stability or leading rank is not breeding-record ground truth; Tier C identity is explicitly uncertain.
fAulAsc19,2021cicX11218813,father,M,F2,fAulAsc111,2021cicX11218929,F3,Tier_C_state_supported_leading_identity,False,False,True,True,tier_C,False,0.52675,0.1428571428571428,0.8181818181818182,fAulAsc19:0.527;fAulAsc106:0.392;fAulAsc57:0.029;fAulAsc27:0.017,,,,,one_observed_parent,1.0,1.0,1.0,one-observed-parent state supported; selected father identity remains below Tier B stability,Internal stability or leading rank is not breeding-record ground truth; Tier C identity is explicitly uncertain.
fAulAsc19,2021cicX11218813,father,M,F2,fAulAsc112,2021cicX11218930,F3,Tier_B_additional_identity,False,True,True,True,tier_B,False,0.69425,1.0,0.9545454545454546,fAulAsc19:0.694;fAulAsc106:0.269,,,,,one_observed_parent,1.0,1.0,1.0,Tier B chromosome-resampling identity stability,Internal stability or leading rank is not breeding-record ground truth; Tier C identity is explicitly uncertain.
fAulAsc32,2021cicX11218826,father,M,F2,fAulAsc113,2021cicX11218931,F3,Tier_B_additional_identity,False,True,True,True,tier_B,False,0.92025,1.0,1.0,fAulAsc32:0.920;fAulAsc3:0.025;fAulAsc87:0.024,,,,,one_observed_parent,1.0,1.0,1.0,Tier B chromosome-resampling identity stability,Internal stability or leading rank is not breeding-record ground truth; Tier C identity is explicitly uncertain.
fAulAsc38,2021cicX11218832,father,M,F2,fAulAsc114,2021cicX11218932,F3,Tier_B_additional_identity,False,True,True,True,tier_B,False,0.82675,1.0,1.0,fAulAsc38:0.827;fAulAsc59:0.081;fAulAsc24:0.045,,,,,one_observed_parent,1.0,1.0,1.0,Tier B chromosome-resampling identity stability,Internal stability or leading rank is not breeding-record ground truth; Tier C identity is explicitly uncertain.
fAulAsc32,2021cicX11218826,father,M,F2,fAulAsc115,2021cicX11218933,F3,Tier_B_additional_identity,False,True,True,True,tier_B,False,0.85425,1.0,1.0,fAulAsc32:0.854;fAulAsc86:0.086;fAulAsc59:0.044,,,,,one_observed_parent,1.0,1.0,1.0,Tier B chromosome-resampling identity stability,Internal stability or leading rank is not breeding-record ground truth; Tier C identity is explicitly uncertain.
fAulAsc38,2021cicX11218832,father,M,F2,fAulAsc116,2021cicX11218934,F3,Tier_B_additional_identity,False,True,True,True,tier_B,False,0.901,1.0,1.0,fAulAsc38:0.901;fAulAsc71:0.048;fAulAsc28:0.019,,,,,one_observed_parent,1.0,1.0,1.0,Tier B chromosome-resampling identity stability,Internal stability or leading rank is not breeding-record ground truth; Tier C identity is explicitly uncertain.
fAulAsc38,2021cicX11218832,father,M,F2,fAulAsc117,2021cicX11218935,F3,Tier_B_additional_identity,False,True,True,True,tier_B,False,0.61075,1.0,0.9545454545454546,fAulAsc38:0.611;fAulAsc9:0.268;fAulAsc12:0.073,,,,,one_observed_parent,1.0,1.0,1.0,Tier B chromosome-resampling identity stability,Internal stability or leading rank is not breeding-record ground truth; Tier C identity is explicitly uncertain.
fAulAsc32,2021cicX11218826,father,M,F2,fAulAsc118,2021cicX11218936,F3,Tier_B_additional_identity,False,True,True,True,tier_B,False,0.85175,1.0,1.0,fAulAsc32:0.852;fAulAsc59:0.092;fAulAsc3:0.022,,,,,one_observed_parent,1.0,1.0,1.0,Tier B chromosome-resampling identity stability,Internal stability or leading rank is not breeding-record ground truth; Tier C identity is explicitly uncertain.
fAulAsc25,2021cicX11218819,father,M,F2,fAulAsc119,2021cicX11218937,F3,Tier_B_additional_identity,False,True,True,True,tier_B,False,0.78025,1.0,1.0,fAulAsc25:0.780;fAulAsc99:0.093;fAulAsc29:0.051;fAulAsc94:0.027,,,,,one_observed_parent,0.99975,1.0,1.0,Tier B chromosome-resampling identity stability,Internal stability or leading rank is not breeding-record ground truth; Tier C identity is explicitly uncertain.
fAulAsc38,2021cicX11218832,father,M,F2,fAulAsc120,2021cicX11218938,F3,Tier_B_additional_identity,False,True,True,True,tier_B,False,0.5965,1.0,1.0,fAulAsc38:0.597;fAulAsc32:0.134;fAulAsc61:0.087;fAulAsc10:0.060;fAulAsc122:0.033;fAulAsc49:0.026;fAulAsc34:0.018,,,,,one_observed_parent,0.99975,1.0,1.0,Tier B chromosome-resampling identity stability,Internal stability or leading rank is not breeding-record ground truth; Tier C identity is explicitly uncertain.
fAulAsc38,2021cicX11218832,father,M,F2,fAulAsc121,2021cicX11218939,F3,Tier_B_additional_identity,False,True,True,True,tier_B,False,0.802,1.0,1.0,fAulAsc38:0.802;fAulAsc45:0.057;fAulAsc23:0.035;fAulAsc79:0.034;fAulAsc14:0.034,,,,,one_observed_parent,1.0,1.0,1.0,Tier B chromosome-resampling identity stability,Internal stability or leading rank is not breeding-record ground truth; Tier C identity is explicitly uncertain.
fAulAsc157,2021cicX11218975,father,M,F1,fAulAsc122,2021cicX11218940,F2,Tier_B_additional_identity,False,True,True,True,tier_B,False,0.92575,1.0,1.0,fAulAsc157:0.926;fAulAsc158:0.074,0.49375,0.1428571428571428,0.6363636363636364,fAulAsc157+fAulAsc154:0.494;fAulAsc157+fAulAsc153:0.432;fAulAsc158+fAulAsc154:0.069,father_only,0.00025,0.0,0.0,Tier B chromosome-resampling identity stability,Internal stability or leading rank is not breeding-record ground truth; Tier C identity is explicitly uncertain.
fAulAsc154,2021cicX11218972,mother,F,F1,fAulAsc122,2021cicX11218940,F2,Tier_C_design_conditioned_leading_identity,False,False,True,True,tier_C,False,0.5627500000000001,0.1428571428571428,0.6363636363636364,fAulAsc154:0.563;fAulAsc153:0.437,0.49375,0.1428571428571428,0.6363636363636364,fAulAsc157+fAulAsc154:0.494;fAulAsc157+fAulAsc153:0.432;fAulAsc158+fAulAsc154:0.069,father_only,0.00025,0.0,0.0,leading joint-MAP pair identity admitted because the recorded-F1 candidate panel is independently guaranteed complete,Internal stability or leading rank is not breeding-record ground truth; Tier C identity is explicitly uncertain.
fAulAsc150,2021cicX11218968,father,M,F1,fAulAsc123,2021cicX11218941,F2,Tier_A_strict_identity,True,True,True,True,tier_A,False,0.97525,1.0,1.0,fAulAsc150:0.975,0.92925,1.0,1.0,fAulAsc150+fAulAsc154:0.929;fAulAsc150+fAulAsc153:0.046,father_only,0.00025,0.0,0.0,strict chromosome-resampling identity stability,Internal stability or leading rank is not breeding-record ground truth; Tier C identity is explicitly uncertain.
fAulAsc154,2021cicX11218972,mother,F,F1,fAulAsc123,2021cicX11218941,F2,Tier_A_strict_identity,True,True,True,True,tier_A,False,0.954,1.0,1.0,fAulAsc154:0.954,0.92925,1.0,1.0,fAulAsc150+fAulAsc154:0.929;fAulAsc150+fAulAsc153:0.046,father_only,0.00025,0.0,0.0,strict chromosome-resampling identity stability,Internal stability or leading rank is not breeding-record ground truth; Tier C identity is explicitly uncertain.
fAulAsc158,2021cicX11218976,father,M,F1,fAulAsc124,2021cicX11218942,F2,Tier_B_additional_identity,False,True,True,True,tier_B,False,0.8694999999999999,1.0,1.0,fAulAsc158:0.869;fAulAsc157:0.129,0.7995,1.0,1.0,fAulAsc158+fAulAsc154:0.799;fAulAsc157+fAulAsc154:0.077;fAulAsc158+fAulAsc153:0.070;fAulAsc157+fAulAsc153:0.051,zero_parent,0.0,0.0,0.0,Tier B chromosome-resampling identity stability,Internal stability or leading rank is not breeding-record ground truth; Tier C identity is explicitly uncertain.
fAulAsc154,2021cicX11218972,mother,F,F1,fAulAsc124,2021cicX11218942,F2,Tier_B_additional_identity,False,True,True,True,tier_B,False,0.877,1.0,1.0,fAulAsc154:0.877;fAulAsc153:0.123,0.7995,1.0,1.0,fAulAsc158+fAulAsc154:0.799;fAulAsc157+fAulAsc154:0.077;fAulAsc158+fAulAsc153:0.070;fAulAsc157+fAulAsc153:0.051,zero_parent,0.0,0.0,0.0,Tier B chromosome-resampling identity stability,Internal stability or leading rank is not breeding-record ground truth; Tier C identity is explicitly uncertain.
fAulAsc157,2021cicX11218975,father,M,F1,fAulAsc125,2021cicX11218943,F2,Tier_B_additional_identity,False,True,True,True,tier_B,False,0.77775,1.0,1.0,fAulAsc157:0.778;fAulAsc158:0.222,0.764,1.0,1.0,fAulAsc157+fAulAsc154:0.764;fAulAsc158+fAulAsc154:0.150;fAulAsc158+fAulAsc153:0.072,zero_parent,0.00075,0.0,0.0,Tier B chromosome-resampling identity stability,Internal stability or leading rank is not breeding-record ground truth; Tier C identity is explicitly uncertain.
fAulAsc154,2021cicX11218972,mother,F,F1,fAulAsc125,2021cicX11218943,F2,Tier_B_additional_identity,False,True,True,True,tier_B,False,0.914,1.0,1.0,fAulAsc154:0.914;fAulAsc153:0.086,0.764,1.0,1.0,fAulAsc157+fAulAsc154:0.764;fAulAsc158+fAulAsc154:0.150;fAulAsc158+fAulAsc153:0.072,zero_parent,0.00075,0.0,0.0,Tier B chromosome-resampling identity stability,Internal stability or leading rank is not breeding-record ground truth; Tier C identity is explicitly uncertain.
fAulAsc158,2021cicX11218976,father,M,F1,fAulAsc126,2021cicX11218944,F2,Tier_B_additional_identity,False,True,True,True,tier_B,False,0.92375,1.0,1.0,fAulAsc158:0.924;fAulAsc157:0.076,0.648,1.0,1.0,fAulAsc158+fAulAsc154:0.648;fAulAsc158+fAulAsc153:0.276;fAulAsc157+fAulAsc154:0.045,zero_parent,0.0,0.0,0.0,Tier B chromosome-resampling identity stability,Internal stability or leading rank is not breeding-record ground truth; Tier C identity is explicitly uncertain.
fAulAsc154,2021cicX11218972,mother,F,F1,fAulAsc126,2021cicX11218944,F2,Tier_B_additional_identity,False,True,True,True,tier_B,False,0.69325,1.0,1.0,fAulAsc154:0.693;fAulAsc153:0.307,0.648,1.0,1.0,fAulAsc158+fAulAsc154:0.648;fAulAsc158+fAulAsc153:0.276;fAulAsc157+fAulAsc154:0.045,zero_parent,0.0,0.0,0.0,Tier B chromosome-resampling identity stability,Internal stability or leading rank is not breeding-record ground truth; Tier C identity is explicitly uncertain.
fAulAsc158,2021cicX11218976,father,M,F1,fAulAsc127,2021cicX11218945,F2,Tier_C_design_conditioned_leading_identity,False,False,True,True,tier_C,False,0.6164999999999999,1.0,0.7727272727272727,fAulAsc158:0.616;fAulAsc157:0.383,0.572,1.0,0.7727272727272727,fAulAsc158+fAulAsc153:0.572;fAulAsc157+fAulAsc154:0.380,zero_parent,0.0,0.0,0.0,leading joint-MAP pair identity admitted because the recorded-F1 candidate panel is independently guaranteed complete,Internal stability or leading rank is not breeding-record ground truth; Tier C identity is explicitly uncertain.
fAulAsc153,2021cicX11218971,mother,F,F1,fAulAsc127,2021cicX11218945,F2,Tier_C_design_conditioned_leading_identity,False,False,True,True,tier_C,False,0.5754999999999999,1.0,0.7727272727272727,fAulAsc153:0.575;fAulAsc154:0.424,0.572,1.0,0.7727272727272727,fAulAsc158+fAulAsc153:0.572;fAulAsc157+fAulAsc154:0.380,zero_parent,0.0,0.0,0.0,leading joint-MAP pair identity admitted because the recorded-F1 candidate panel is independently guaranteed complete,Internal stability or leading rank is not breeding-record ground truth; Tier C identity is explicitly uncertain.
fAulAsc150,2021cicX11218968,father,M,F1,fAulAsc128,2021cicX11218946,F2,Tier_B_additional_identity,False,True,True,True,tier_B,False,0.88225,1.0,1.0,fAulAsc150:0.882;fAulAsc151:0.062;fAulAsc152:0.033,0.7565,1.0,1.0,fAulAsc150+fAulAsc154:0.756;fAulAsc150+fAulAsc153:0.126;fAulAsc151+fAulAsc154:0.062;fAulAsc152+fAulAsc153:0.033,father_only,0.0,0.0,0.0,Tier B chromosome-resampling identity stability,Internal stability or leading rank is not breeding-record ground truth; Tier C identity is explicitly uncertain.
fAulAsc154,2021cicX11218972,mother,F,F1,fAulAsc128,2021cicX11218946,F2,Tier_B_additional_identity,False,True,True,True,tier_B,False,0.81875,1.0,1.0,fAulAsc154:0.819;fAulAsc153:0.181,0.7565,1.0,1.0,fAulAsc150+fAulAsc154:0.756;fAulAsc150+fAulAsc153:0.126;fAulAsc151+fAulAsc154:0.062;fAulAsc152+fAulAsc153:0.033,father_only,0.0,0.0,0.0,Tier B chromosome-resampling identity stability,Internal stability or leading rank is not breeding-record ground truth; Tier C identity is explicitly uncertain.
fAulAsc158,2021cicX11218976,father,M,F1,fAulAsc129,2021cicX11218947,F2,Tier_B_additional_identity,False,True,True,True,tier_B,False,0.64875,1.0,0.8181818181818182,fAulAsc158:0.649;fAulAsc157:0.346,0.48825,1.0,0.8181818181818182,fAulAsc158+fAulAsc154:0.488;fAulAsc157+fAulAsc154:0.320;fAulAsc158+fAulAsc153:0.161,zero_parent,0.00025,0.0,0.0,Tier B chromosome-resampling identity stability,Internal stability or leading rank is not breeding-record ground truth; Tier C identity is explicitly uncertain.
fAulAsc154,2021cicX11218972,mother,F,F1,fAulAsc129,2021cicX11218947,F2,Tier_B_additional_identity,False,True,True,True,tier_B,False,0.80825,1.0,1.0,fAulAsc154:0.808;fAulAsc153:0.192,0.48825,1.0,0.8181818181818182,fAulAsc158+fAulAsc154:0.488;fAulAsc157+fAulAsc154:0.320;fAulAsc158+fAulAsc153:0.161,zero_parent,0.00025,0.0,0.0,Tier B chromosome-resampling identity stability,Internal stability or leading rank is not breeding-record ground truth; Tier C identity is explicitly uncertain.
fAulAsc158,2021cicX11218976,father,M,F1,fAulAsc130,2021cicX11218948,F2,Tier_B_additional_identity,False,True,True,True,tier_B,False,0.8532500000000001,1.0,1.0,fAulAsc158:0.853;fAulAsc157:0.146,0.6065,1.0,1.0,fAulAsc158+fAulAsc153:0.607;fAulAsc158+fAulAsc154:0.247;fAulAsc157+fAulAsc154:0.146,zero_parent,0.0,0.0,0.0,Tier B chromosome-resampling identity stability,Internal stability or leading rank is not breeding-record ground truth; Tier C identity is explicitly uncertain.
fAulAsc153,2021cicX11218971,mother,F,F1,fAulAsc130,2021cicX11218948,F2,Tier_B_additional_identity,False,True,True,True,tier_B,False,0.607,1.0,1.0,fAulAsc153:0.607;fAulAsc154:0.393,0.6065,1.0,1.0,fAulAsc158+fAulAsc153:0.607;fAulAsc158+fAulAsc154:0.247;fAulAsc157+fAulAsc154:0.146,zero_parent,0.0,0.0,0.0,Tier B chromosome-resampling identity stability,Internal stability or leading rank is not breeding-record ground truth; Tier C identity is explicitly uncertain.
fAulAsc158,2021cicX11218976,father,M,F1,fAulAsc131,2021cicX11218949,F2,Tier_C_design_conditioned_leading_identity,False,False,True,True,tier_C,False,0.6445,0.1428571428571428,0.9090909090909092,fAulAsc158:0.644;fAulAsc157:0.351,0.4405,0.1428571428571428,0.9090909090909092,fAulAsc158+fAulAsc153:0.441;fAulAsc157+fAulAsc154:0.234;fAulAsc158+fAulAsc154:0.204;fAulAsc157+fAulAsc153:0.117,zero_parent,0.0,0.0,0.0,leading joint-MAP pair identity admitted because the recorded-F1 candidate panel is independently guaranteed complete,Internal stability or leading rank is not breeding-record ground truth; Tier C identity is explicitly uncertain.
fAulAsc153,2021cicX11218971,mother,F,F1,fAulAsc131,2021cicX11218949,F2,Tier_C_design_conditioned_leading_identity,False,False,True,True,tier_C,False,0.55975,0.1428571428571428,0.9090909090909092,fAulAsc153:0.560;fAulAsc154:0.440,0.4405,0.1428571428571428,0.9090909090909092,fAulAsc158+fAulAsc153:0.441;fAulAsc157+fAulAsc154:0.234;fAulAsc158+fAulAsc154:0.204;fAulAsc157+fAulAsc153:0.117,zero_parent,0.0,0.0,0.0,leading joint-MAP pair identity admitted because the recorded-F1 candidate panel is independently guaranteed complete,Internal stability or leading rank is not breeding-record ground truth; Tier C identity is explicitly uncertain.
fAulAsc158,2021cicX11218976,father,M,F1,fAulAsc132,2021cicX11218950,F2,Tier_B_additional_identity,False,True,True,True,tier_B,False,0.89475,1.0,1.0,fAulAsc158:0.895;fAulAsc157:0.105,0.72375,1.0,1.0,fAulAsc158+fAulAsc154:0.724;fAulAsc158+fAulAsc153:0.171;fAulAsc157+fAulAsc153:0.099,father_only,0.0005,0.0,0.0,Tier B chromosome-resampling identity stability,Internal stability or leading rank is not breeding-record ground truth; Tier C identity is explicitly uncertain.
fAulAsc154,2021cicX11218972,mother,F,F1,fAulAsc132,2021cicX11218950,F2,Tier_B_additional_identity,False,True,True,True,tier_B,False,0.72975,1.0,1.0,fAulAsc154:0.730;fAulAsc153:0.270,0.72375,1.0,1.0,fAulAsc158+fAulAsc154:0.724;fAulAsc158+fAulAsc153:0.171;fAulAsc157+fAulAsc153:0.099,father_only,0.0005,0.0,0.0,Tier B chromosome-resampling identity stability,Internal stability or leading rank is not breeding-record ground truth; Tier C identity is explicitly uncertain.
fAulAsc150,2021cicX11218968,father,M,F1,fAulAsc133,2021cicX11218951,F2,Tier_A_strict_identity,True,True,True,True,tier_A,False,0.994,1.0,1.0,fAulAsc150:0.994,0.98575,1.0,1.0,fAulAsc150+fAulAsc154:0.986,father_only,0.0,0.0,0.0,strict chromosome-resampling identity stability,Internal stability or leading rank is not breeding-record ground truth; Tier C identity is explicitly uncertain.
fAulAsc154,2021cicX11218972,mother,F,F1,fAulAsc133,2021cicX11218951,F2,Tier_A_strict_identity,True,True,True,True,tier_A,False,0.99125,1.0,1.0,fAulAsc154:0.991,0.98575,1.0,1.0,fAulAsc150+fAulAsc154:0.986,father_only,0.0,0.0,0.0,strict chromosome-resampling identity stability,Internal stability or leading rank is not breeding-record ground truth; Tier C identity is explicitly uncertain.
fAulAsc158,2021cicX11218976,father,M,F1,fAulAsc134,2021cicX11218952,F2,Tier_B_additional_identity,False,True,True,True,tier_B,False,0.74325,1.0,1.0,fAulAsc158:0.743;fAulAsc157:0.257,0.703,1.0,1.0,fAulAsc158+fAulAsc154:0.703;fAulAsc157+fAulAsc153:0.255,zero_parent,0.0,0.0,0.0,Tier B chromosome-resampling identity stability,Internal stability or leading rank is not breeding-record ground truth; Tier C identity is explicitly uncertain.
fAulAsc154,2021cicX11218972,mother,F,F1,fAulAsc134,2021cicX11218952,F2,Tier_B_additional_identity,False,True,True,True,tier_B,False,0.70475,1.0,1.0,fAulAsc154:0.705;fAulAsc153:0.295,0.703,1.0,1.0,fAulAsc158+fAulAsc154:0.703;fAulAsc157+fAulAsc153:0.255,zero_parent,0.0,0.0,0.0,Tier B chromosome-resampling identity stability,Internal stability or leading rank is not breeding-record ground truth; Tier C identity is explicitly uncertain.
fAulAsc158,2021cicX11218976,father,M,F1,fAulAsc135,2021cicX11218953,F2,Tier_B_additional_identity,False,True,True,True,tier_B,False,0.825,1.0,1.0,fAulAsc158:0.825;fAulAsc157:0.175,0.61625,1.0,1.0,fAulAsc158+fAulAsc154:0.616;fAulAsc158+fAulAsc153:0.209;fAulAsc157+fAulAsc154:0.121;fAulAsc157+fAulAsc153:0.054,zero_parent,0.0,0.0,0.0,Tier B chromosome-resampling identity stability,Internal stability or leading rank is not breeding-record ground truth; Tier C identity is explicitly uncertain.
fAulAsc154,2021cicX11218972,mother,F,F1,fAulAsc135,2021cicX11218953,F2,Tier_B_additional_identity,False,True,True,True,tier_B,False,0.73725,1.0,1.0,fAulAsc154:0.737;fAulAsc153:0.263,0.61625,1.0,1.0,fAulAsc158+fAulAsc154:0.616;fAulAsc158+fAulAsc153:0.209;fAulAsc157+fAulAsc154:0.121;fAulAsc157+fAulAsc153:0.054,zero_parent,0.0,0.0,0.0,Tier B chromosome-resampling identity stability,Internal stability or leading rank is not breeding-record ground truth; Tier C identity is explicitly uncertain.
fAulAsc157,2021cicX11218975,father,M,F1,fAulAsc136,2021cicX11218954,F2,Tier_C_design_conditioned_leading_identity,False,False,True,True,tier_C,False,0.4987499999999999,0.2857142857142857,0.6363636363636364,fAulAsc158:0.501;fAulAsc157:0.499,0.4985,0.2857142857142857,0.6363636363636364,fAulAsc157+fAulAsc154:0.498;fAulAsc158+fAulAsc154:0.423;fAulAsc158+fAulAsc153:0.078,zero_parent,0.0005,0.0,0.0,leading joint-MAP pair identity admitted because the recorded-F1 candidate panel is independently guaranteed complete,Internal stability or leading rank is not breeding-record ground truth; Tier C identity is explicitly uncertain.
fAulAsc154,2021cicX11218972,mother,F,F1,fAulAsc136,2021cicX11218954,F2,Tier_B_additional_identity,False,True,True,True,tier_B,False,0.92125,1.0,1.0,fAulAsc154:0.921;fAulAsc153:0.079,0.4985,0.2857142857142857,0.6363636363636364,fAulAsc157+fAulAsc154:0.498;fAulAsc158+fAulAsc154:0.423;fAulAsc158+fAulAsc153:0.078,zero_parent,0.0005,0.0,0.0,Tier B chromosome-resampling identity stability,Internal stability or leading rank is not breeding-record ground truth; Tier C identity is explicitly uncertain.
fAulAsc158,2021cicX11218976,father,M,F1,fAulAsc137,2021cicX11218955,F2,Tier_B_additional_identity,False,True,True,True,tier_B,False,0.845,1.0,1.0,fAulAsc158:0.845;fAulAsc157:0.155,0.78675,1.0,1.0,fAulAsc158+fAulAsc154:0.787;fAulAsc157+fAulAsc154:0.099;fAulAsc158+fAulAsc153:0.058;fAulAsc157+fAulAsc153:0.056,zero_parent,0.0,0.0,0.0,Tier B chromosome-resampling identity stability,Internal stability or leading rank is not breeding-record ground truth; Tier C identity is explicitly uncertain.
fAulAsc154,2021cicX11218972,mother,F,F1,fAulAsc137,2021cicX11218955,F2,Tier_B_additional_identity,False,True,True,True,tier_B,False,0.8859999999999999,1.0,1.0,fAulAsc154:0.886;fAulAsc153:0.114,0.78675,1.0,1.0,fAulAsc158+fAulAsc154:0.787;fAulAsc157+fAulAsc154:0.099;fAulAsc158+fAulAsc153:0.058;fAulAsc157+fAulAsc153:0.056,zero_parent,0.0,0.0,0.0,Tier B chromosome-resampling identity stability,Internal stability or leading rank is not breeding-record ground truth; Tier C identity is explicitly uncertain.
fAulAsc157,2021cicX11218975,father,M,F1,fAulAsc138,2021cicX11218956,F2,Tier_C_design_conditioned_leading_identity,False,False,True,True,tier_C,False,0.662,0.1428571428571428,1.0,fAulAsc157:0.662;fAulAsc158:0.338,0.661,0.1428571428571428,1.0,fAulAsc157+fAulAsc154:0.661;fAulAsc158+fAulAsc154:0.309,zero_parent,0.0,0.0,0.0,leading joint-MAP pair identity admitted because the recorded-F1 candidate panel is independently guaranteed complete,Internal stability or leading rank is not breeding-record ground truth; Tier C identity is explicitly uncertain.
fAulAsc154,2021cicX11218972,mother,F,F1,fAulAsc138,2021cicX11218956,F2,Tier_A_strict_identity,True,True,True,True,tier_A,False,0.97025,1.0,1.0,fAulAsc154:0.970,0.661,0.1428571428571428,1.0,fAulAsc157+fAulAsc154:0.661;fAulAsc158+fAulAsc154:0.309,zero_parent,0.0,0.0,0.0,strict chromosome-resampling identity stability,Internal stability or leading rank is not breeding-record ground truth; Tier C identity is explicitly uncertain.
fAulAsc158,2021cicX11218976,father,M,F1,fAulAsc139,2021cicX11218957,F2,Tier_B_additional_identity,False,True,True,True,tier_B,False,0.94725,1.0,1.0,fAulAsc158:0.947;fAulAsc157:0.053,0.92075,1.0,1.0,fAulAsc158+fAulAsc154:0.921;fAulAsc157+fAulAsc154:0.053,zero_parent,0.0,0.0,0.0,Tier B chromosome-resampling identity stability,Internal stability or leading rank is not breeding-record ground truth; Tier C identity is explicitly uncertain.
fAulAsc154,2021cicX11218972,mother,F,F1,fAulAsc139,2021cicX11218957,F2,Tier_A_strict_identity,True,True,True,True,tier_A,False,0.9735,1.0,1.0,fAulAsc154:0.973,0.92075,1.0,1.0,fAulAsc158+fAulAsc154:0.921;fAulAsc157+fAulAsc154:0.053,zero_parent,0.0,0.0,0.0,strict chromosome-resampling identity stability,Internal stability or leading rank is not breeding-record ground truth; Tier C identity is explicitly uncertain.
fAulAsc158,2021cicX11218976,father,M,F1,fAulAsc140,2021cicX11218958,F2,Tier_B_additional_identity,False,True,True,True,tier_B,False,0.69775,1.0,1.0,fAulAsc158:0.698;fAulAsc157:0.302,0.407,0.1428571428571428,0.7272727272727273,fAulAsc158+fAulAsc154:0.407;fAulAsc158+fAulAsc153:0.291;fAulAsc157+fAulAsc154:0.251;fAulAsc157+fAulAsc153:0.052,zero_parent,0.0,0.0,0.0,Tier B chromosome-resampling identity stability,Internal stability or leading rank is not breeding-record ground truth; Tier C identity is explicitly uncertain.
fAulAsc154,2021cicX11218972,mother,F,F1,fAulAsc140,2021cicX11218958,F2,Tier_C_design_conditioned_leading_identity,False,False,True,True,tier_C,False,0.6575,0.1428571428571428,0.7272727272727273,fAulAsc154:0.657;fAulAsc153:0.343,0.407,0.1428571428571428,0.7272727272727273,fAulAsc158+fAulAsc154:0.407;fAulAsc158+fAulAsc153:0.291;fAulAsc157+fAulAsc154:0.251;fAulAsc157+fAulAsc153:0.052,zero_parent,0.0,0.0,0.0,leading joint-MAP pair identity admitted because the recorded-F1 candidate panel is independently guaranteed complete,Internal stability or leading rank is not breeding-record ground truth; Tier C identity is explicitly uncertain.
fAulAsc150,2021cicX11218968,father,M,F1,fAulAsc141,2021cicX11218959,F2,Tier_A_strict_identity,True,True,True,True,tier_A,False,1.0,1.0,1.0,fAulAsc150:1.000,1.0,1.0,1.0,fAulAsc150+fAulAsc153:1.000,two_parent,1.0,1.0,1.0,strict chromosome-resampling identity stability,Internal stability or leading rank is not breeding-record ground truth; Tier C identity is explicitly uncertain.
fAulAsc153,2021cicX11218971,mother,F,F1,fAulAsc141,2021cicX11218959,F2,Tier_A_strict_identity,True,True,True,True,tier_A,False,1.0,1.0,1.0,fAulAsc153:1.000,1.0,1.0,1.0,fAulAsc150+fAulAsc153:1.000,two_parent,1.0,1.0,1.0,strict chromosome-resampling identity stability,Internal stability or leading rank is not breeding-record ground truth; Tier C identity is explicitly uncertain.
fAulAsc158,2021cicX11218976,father,M,F1,fAulAsc142,2021cicX11218960,F2,Tier_B_additional_identity,False,True,True,True,tier_B,False,0.7855000000000001,1.0,1.0,fAulAsc158:0.786;fAulAsc157:0.212,0.42975,1.0,0.7272727272727273,fAulAsc158+fAulAsc153:0.430;fAulAsc158+fAulAsc154:0.356;fAulAsc157+fAulAsc154:0.211,zero_parent,0.0,0.0,0.0,Tier B chromosome-resampling identity stability,Internal stability or leading rank is not breeding-record ground truth; Tier C identity is explicitly uncertain.
fAulAsc153,2021cicX11218971,mother,F,F1,fAulAsc142,2021cicX11218960,F2,Tier_C_design_conditioned_leading_identity,False,False,True,True,tier_C,False,0.431,1.0,0.7272727272727273,fAulAsc154:0.569;fAulAsc153:0.431,0.42975,1.0,0.7272727272727273,fAulAsc158+fAulAsc153:0.430;fAulAsc158+fAulAsc154:0.356;fAulAsc157+fAulAsc154:0.211,zero_parent,0.0,0.0,0.0,leading joint-MAP pair identity admitted because the recorded-F1 candidate panel is independently guaranteed complete,Internal stability or leading rank is not breeding-record ground truth; Tier C identity is explicitly uncertain.
fAulAsc23,2021cicX11218817,father,M,F2,fAulAsc143,2021cicX11218961,F3,Tier_C_state_supported_leading_identity,False,False,True,True,tier_C,False,0.35425,1.0,1.0,fAulAsc23:0.354;fAulAsc31:0.252;fAulAsc85:0.140;fAulAsc47:0.127;fAulAsc10:0.023;fAulAsc45:0.018;fAulAsc22:0.018;fAulAsc64:0.017;fAulAsc94:0.011,,,,,one_observed_parent,1.0,1.0,1.0,one-observed-parent state supported; selected father identity remains below Tier B stability,Internal stability or leading rank is not breeding-record ground truth; Tier C identity is explicitly uncertain.
fAulAsc32,2021cicX11218826,father,M,F2,fAulAsc144,2021cicX11218962,F3,Tier_B_additional_identity,False,True,True,True,tier_B,False,0.7905,1.0,1.0,fAulAsc32:0.790;fAulAsc79:0.066;fAulAsc59:0.032;fAulAsc62:0.030;fAulAsc10:0.025;fAulAsc133:0.022,,,,,one_observed_parent,1.0,1.0,1.0,Tier B chromosome-resampling identity stability,Internal stability or leading rank is not breeding-record ground truth; Tier C identity is explicitly uncertain.
fAulAsc38,2021cicX11218832,father,M,F2,fAulAsc145,2021cicX11218963,F3,Tier_C_state_supported_leading_identity,False,False,True,True,tier_C,False,0.47475,1.0,0.9545454545454546,fAulAsc38:0.475;fAulAsc141:0.221;fAulAsc21:0.175;fAulAsc33:0.033;fAulAsc139:0.024;fAulAsc34:0.021;fAulAsc86:0.016,,,,,one_observed_parent,1.0,1.0,1.0,one-observed-parent state supported; selected father identity remains below Tier B stability,Internal stability or leading rank is not breeding-record ground truth; Tier C identity is explicitly uncertain.
fAulAsc38,2021cicX11218832,father,M,F2,fAulAsc146,2021cicX11218964,F3,Tier_B_additional_identity,False,True,True,True,tier_B,False,0.79675,1.0,1.0,fAulAsc38:0.797;fAulAsc49:0.087;fAulAsc106:0.050;fAulAsc71:0.023,,,,,one_observed_parent,1.0,1.0,1.0,Tier B chromosome-resampling identity stability,Internal stability or leading rank is not breeding-record ground truth; Tier C identity is explicitly uncertain.
fAulAsc150,2021cicX11218968,father,M,F1,fAulAsc147,2021cicX11218965,F2,Tier_B_additional_identity,False,True,True,True,tier_B,False,0.93875,1.0,1.0,fAulAsc150:0.939;fAulAsc155:0.055,0.506,1.0,0.7727272727272727,fAulAsc150+fAulAsc153:0.506;fAulAsc150+fAulAsc154:0.433;fAulAsc155+fAulAsc154:0.054,zero_parent,0.00025,0.0,0.0,Tier B chromosome-resampling identity stability,Internal stability or leading rank is not breeding-record ground truth; Tier C identity is explicitly uncertain.
fAulAsc153,2021cicX11218971,mother,F,F1,fAulAsc147,2021cicX11218965,F2,Tier_C_design_conditioned_leading_identity,False,False,True,True,tier_C,False,0.513,1.0,0.7727272727272727,fAulAsc153:0.513;fAulAsc154:0.487,0.506,1.0,0.7727272727272727,fAulAsc150+fAulAsc153:0.506;fAulAsc150+fAulAsc154:0.433;fAulAsc155+fAulAsc154:0.054,zero_parent,0.00025,0.0,0.0,leading joint-MAP pair identity admitted because the recorded-F1 candidate panel is independently guaranteed complete,Internal stability or leading rank is not breeding-record ground truth; Tier C identity is explicitly uncertain.
fAulAsc150,2021cicX11218968,father,M,F1,fAulAsc148,2021cicX11218966,F2,Tier_A_strict_identity,True,True,True,True,tier_A,False,1.0,1.0,1.0,fAulAsc150:1.000,1.0,1.0,1.0,fAulAsc150+fAulAsc153:1.000,two_parent,0.9995,1.0,1.0,strict chromosome-resampling identity stability,Internal stability or leading rank is not breeding-record ground truth; Tier C identity is explicitly uncertain.
fAulAsc153,2021cicX11218971,mother,F,F1,fAulAsc148,2021cicX11218966,F2,Tier_A_strict_identity,True,True,True,True,tier_A,False,1.0,1.0,1.0,fAulAsc153:1.000,1.0,1.0,1.0,fAulAsc150+fAulAsc153:1.000,two_parent,0.9995,1.0,1.0,strict chromosome-resampling identity stability,Internal stability or leading rank is not breeding-record ground truth; Tier C identity is explicitly uncertain.
fAulAsc150,2021cicX11218968,father,M,F1,fAulAsc149,2021cicX11218967,F2,Tier_A_strict_identity,True,True,True,True,tier_A,False,1.0,1.0,1.0,fAulAsc150:1.000,1.0,1.0,1.0,fAulAsc150+fAulAsc154:1.000,two_parent,1.0,1.0,1.0,strict chromosome-resampling identity stability,Internal stability or leading rank is not breeding-record ground truth; Tier C identity is explicitly uncertain.
fAulAsc154,2021cicX11218972,mother,F,F1,fAulAsc149,2021cicX11218967,F2,Tier_A_strict_identity,True,True,True,True,tier_A,False,1.0,1.0,1.0,fAulAsc154:1.000,1.0,1.0,1.0,fAulAsc150+fAulAsc154:1.000,two_parent,1.0,1.0,1.0,strict chromosome-resampling identity stability,Internal stability or leading rank is not breeding-record ground truth; Tier C identity is explicitly uncertain.
LATENT_G0_SHARED,LATENT_G0_SHARED,abstract_founder,U,G0,fAulAsc150,2021cicX11218968,F1,Reported_cross_design_topology,True,True,True,True,tier_A,False,,,,,,,,,reported_topology,,,,reported three-founder brood topology; abstract founder identity is not an inferred sequenced individual,Internal stability or leading rank is not breeding-record ground truth; Tier C identity is explicitly uncertain.
LATENT_G0_B2_SPECIFIC,LATENT_G0_B2_SPECIFIC,abstract_founder,U,G0,fAulAsc150,2021cicX11218968,F1,Reported_cross_design_topology,True,True,True,True,tier_A,False,,,,,,,,,reported_topology,,,,reported three-founder brood topology; abstract founder identity is not an inferred sequenced individual,Internal stability or leading rank is not breeding-record ground truth; Tier C identity is explicitly uncertain.
LATENT_G0_SHARED,LATENT_G0_SHARED,abstract_founder,U,G0,fAulAsc151,2021cicX11218969,F1,Reported_cross_design_topology,True,True,True,True,tier_A,False,,,,,,,,,reported_topology,,,,reported three-founder brood topology; abstract founder identity is not an inferred sequenced individual,Internal stability or leading rank is not breeding-record ground truth; Tier C identity is explicitly uncertain.
LATENT_G0_B2_SPECIFIC,LATENT_G0_B2_SPECIFIC,abstract_founder,U,G0,fAulAsc151,2021cicX11218969,F1,Reported_cross_design_topology,True,True,True,True,tier_A,False,,,,,,,,,reported_topology,,,,reported three-founder brood topology; abstract founder identity is not an inferred sequenced individual,Internal stability or leading rank is not breeding-record ground truth; Tier C identity is explicitly uncertain.
LATENT_G0_SHARED,LATENT_G0_SHARED,abstract_founder,U,G0,fAulAsc152,2021cicX11218970,F1,Reported_cross_design_topology,True,True,True,True,tier_A,False,,,,,,,,,reported_topology,,,,reported three-founder brood topology; abstract founder identity is not an inferred sequenced individual,Internal stability or leading rank is not breeding-record ground truth; Tier C identity is explicitly uncertain.
LATENT_G0_B2_SPECIFIC,LATENT_G0_B2_SPECIFIC,abstract_founder,U,G0,fAulAsc152,2021cicX11218970,F1,Reported_cross_design_topology,True,True,True,True,tier_A,False,,,,,,,,,reported_topology,,,,reported three-founder brood topology; abstract founder identity is not an inferred sequenced individual,Internal stability or leading rank is not breeding-record ground truth; Tier C identity is explicitly uncertain.
LATENT_G0_SHARED,LATENT_G0_SHARED,abstract_founder,U,G0,fAulAsc153,2021cicX11218971,F1,Reported_cross_design_topology,True,True,True,True,tier_A,False,,,,,,,,,reported_topology,,,,reported three-founder brood topology; abstract founder identity is not an inferred sequenced individual,Internal stability or leading rank is not breeding-record ground truth; Tier C identity is explicitly uncertain.
LATENT_G0_B2_SPECIFIC,LATENT_G0_B2_SPECIFIC,abstract_founder,U,G0,fAulAsc153,2021cicX11218971,F1,Reported_cross_design_topology,True,True,True,True,tier_A,False,,,,,,,,,reported_topology,,,,reported three-founder brood topology; abstract founder identity is not an inferred sequenced individual,Internal stability or leading rank is not breeding-record ground truth; Tier C identity is explicitly uncertain.
LATENT_G0_SHARED,LATENT_G0_SHARED,abstract_founder,U,G0,fAulAsc154,2021cicX11218972,F1,Reported_cross_design_topology,True,True,True,True,tier_A,False,,,,,,,,,reported_topology,,,,reported three-founder brood topology; abstract founder identity is not an inferred sequenced individual,Internal stability or leading rank is not breeding-record ground truth; Tier C identity is explicitly uncertain.
LATENT_G0_B2_SPECIFIC,LATENT_G0_B2_SPECIFIC,abstract_founder,U,G0,fAulAsc154,2021cicX11218972,F1,Reported_cross_design_topology,True,True,True,True,tier_A,False,,,,,,,,,reported_topology,,,,reported three-founder brood topology; abstract founder identity is not an inferred sequenced individual,Internal stability or leading rank is not breeding-record ground truth; Tier C identity is explicitly uncertain.
LATENT_G0_SHARED,LATENT_G0_SHARED,abstract_founder,U,G0,fAulAsc155,2021cicX11218973,F1,Reported_cross_design_topology,True,True,True,True,tier_A,False,,,,,,,,,reported_topology,,,,reported three-founder brood topology; abstract founder identity is not an inferred sequenced individual,Internal stability or leading rank is not breeding-record ground truth; Tier C identity is explicitly uncertain.
LATENT_G0_B2_SPECIFIC,LATENT_G0_B2_SPECIFIC,abstract_founder,U,G0,fAulAsc155,2021cicX11218973,F1,Reported_cross_design_topology,True,True,True,True,tier_A,False,,,,,,,,,reported_topology,,,,reported three-founder brood topology; abstract founder identity is not an inferred sequenced individual,Internal stability or leading rank is not breeding-record ground truth; Tier C identity is explicitly uncertain.
LATENT_G0_SHARED,LATENT_G0_SHARED,abstract_founder,U,G0,fAulAsc156,2021cicX11218974,F1,Reported_cross_design_topology,True,True,True,True,tier_A,False,,,,,,,,,reported_topology,,,,reported three-founder brood topology; abstract founder identity is not an inferred sequenced individual,Internal stability or leading rank is not breeding-record ground truth; Tier C identity is explicitly uncertain.
LATENT_G0_B2_SPECIFIC,LATENT_G0_B2_SPECIFIC,abstract_founder,U,G0,fAulAsc156,2021cicX11218974,F1,Reported_cross_design_topology,True,True,True,True,tier_A,False,,,,,,,,,reported_topology,,,,reported three-founder brood topology; abstract founder identity is not an inferred sequenced individual,Internal stability or leading rank is not breeding-record ground truth; Tier C identity is explicitly uncertain.
LATENT_G0_SHARED,LATENT_G0_SHARED,abstract_founder,U,G0,fAulAsc157,2021cicX11218975,F1,Reported_cross_design_topology,True,True,True,True,tier_A,False,,,,,,,,,reported_topology,,,,reported three-founder brood topology; abstract founder identity is not an inferred sequenced individual,Internal stability or leading rank is not breeding-record ground truth; Tier C identity is explicitly uncertain.
LATENT_G0_B1_SPECIFIC,LATENT_G0_B1_SPECIFIC,abstract_founder,U,G0,fAulAsc157,2021cicX11218975,F1,Reported_cross_design_topology,True,True,True,True,tier_A,False,,,,,,,,,reported_topology,,,,reported three-founder brood topology; abstract founder identity is not an inferred sequenced individual,Internal stability or leading rank is not breeding-record ground truth; Tier C identity is explicitly uncertain.
LATENT_G0_SHARED,LATENT_G0_SHARED,abstract_founder,U,G0,fAulAsc158,2021cicX11218976,F1,Reported_cross_design_topology,True,True,True,True,tier_A,False,,,,,,,,,reported_topology,,,,reported three-founder brood topology; abstract founder identity is not an inferred sequenced individual,Internal stability or leading rank is not breeding-record ground truth; Tier C identity is explicitly uncertain.
LATENT_G0_B1_SPECIFIC,LATENT_G0_B1_SPECIFIC,abstract_founder,U,G0,fAulAsc158,2021cicX11218976,F1,Reported_cross_design_topology,True,True,True,True,tier_A,False,,,,,,,,,reported_topology,,,,reported three-founder brood topology; abstract founder identity is not an inferred sequenced individual,Internal stability or leading rank is not breeding-record ground truth; Tier C identity is explicitly uncertain.
fAulAsc52,2021cicX11218846,father,M,F2,fAulAsc159,2021cicX13178912,F3,Tier_C_state_supported_leading_identity,False,False,True,True,tier_C,False,0.3285,1.0,0.9090909090909092,fAulAsc52:0.329;fAulAsc6:0.248;fAulAsc14:0.116;fAulAsc59:0.088;fAulAsc11:0.075;fAulAsc64:0.072;fAulAsc10:0.031,,,,,one_observed_parent,1.0,1.0,1.0,one-observed-parent state supported; selected father identity remains below Tier B stability,Internal stability or leading rank is not breeding-record ground truth; Tier C identity is explicitly uncertain.
fAulAsc106,2021cicX11218924,father,M,F2,fAulAsc170,2021cicX13178913,F3,Tier_C_state_supported_leading_identity,False,False,True,True,tier_C,False,0.15725,1.0,0.9545454545454546,fAulAsc38:0.195;fAulAsc128:0.168;fAulAsc106:0.157;fAulAsc86:0.148;fAulAsc29:0.117;fAulAsc11:0.102;fAulAsc3:0.052;fAulAsc10:0.022,,,,,one_observed_parent,1.0,1.0,1.0,one-observed-parent state supported; selected father identity remains below Tier B stability,Internal stability or leading rank is not breeding-record ground truth; Tier C identity is explicitly uncertain.
fAulAsc52,2021cicX11218846,father,M,F2,fAulAsc181,2021cicX13178914,F3,Tier_C_state_supported_leading_identity,False,False,True,True,tier_C,False,0.14275,1.0,0.7272727272727273,fAulAsc19:0.247;fAulAsc27:0.188;fAulAsc52:0.143;fAulAsc47:0.142;fAulAsc126:0.115;fAulAsc106:0.048;fAulAsc44:0.028;fAulAsc124:0.017;fAulAsc53:0.015;fAulAsc11:0.013,,,,,one_observed_parent,1.0,1.0,1.0,one-observed-parent state supported; selected father identity remains below Tier B stability,Internal stability or leading rank is not breeding-record ground truth; Tier C identity is explicitly uncertain.
fAulAsc9,2021cicX11218803,father,M,F2,fAulAsc192,2021cicX13178915,F3,Tier_C_state_supported_leading_identity,False,False,True,True,tier_C,False,0.289,0.1428571428571428,0.9090909090909092,fAulAsc9:0.289;fAulAsc94:0.197;fAulAsc86:0.109;fAulAsc56:0.100;fAulAsc34:0.059;fAulAsc79:0.057;fAulAsc87:0.045;fAulAsc149:0.034;fAulAsc123:0.023;fAulAsc128:0.018;fAulAsc148:0.017;fAulAsc126:0.015,,,,,one_observed_parent,1.0,1.0,1.0,one-observed-parent state supported; selected father identity remains below Tier B stability,Internal stability or leading rank is not breeding-record ground truth; Tier C identity is explicitly uncertain.
fAulAsc78,2021cicX11218872,father,M,F2,fAulAsc203,2021cicX13178916,F3,Tier_B_additional_identity,False,True,True,True,tier_B,False,0.78325,1.0,1.0,fAulAsc78:0.783;fAulAsc85:0.157;fAulAsc123:0.053,,,,,one_observed_parent,1.0,1.0,1.0,Tier B chromosome-resampling identity stability,Internal stability or leading rank is not breeding-record ground truth; Tier C identity is explicitly uncertain.
fAulAsc78,2021cicX11218872,father,M,F2,fAulAsc214,2021cicX13178917,F3,Tier_B_additional_identity,False,True,True,True,tier_B,False,0.7525,1.0,1.0,fAulAsc78:0.752;fAulAsc28:0.172;fAulAsc25:0.068,,,,,one_observed_parent,1.0,1.0,1.0,Tier B chromosome-resampling identity stability,Internal stability or leading rank is not breeding-record ground truth; Tier C identity is explicitly uncertain.
fAulAsc32,2021cicX11218826,father,M,F2,fAulAsc225,2021cicX13178918,F3,Tier_B_additional_identity,False,True,True,True,tier_B,False,0.58175,1.0,1.0,fAulAsc32:0.582;fAulAsc9:0.107;fAulAsc21:0.079;fAulAsc56:0.057;fAulAsc28:0.057;fAulAsc6:0.045;fAulAsc45:0.027,,,,,one_observed_parent,1.0,1.0,1.0,Tier B chromosome-resampling identity stability,Internal stability or leading rank is not breeding-record ground truth; Tier C identity is explicitly uncertain.
fAulAsc38,2021cicX11218832,father,M,F2,fAulAsc235,2021cicX13178919,F3,Tier_A_strict_identity,True,True,True,True,tier_A,False,0.972,1.0,1.0,fAulAsc38:0.972,,,,,one_observed_parent,1.0,1.0,1.0,strict chromosome-resampling identity stability,Internal stability or leading rank is not breeding-record ground truth; Tier C identity is explicitly uncertain.
fAulAsc106,2021cicX11218924,father,M,F2,fAulAsc162,2021cicX13178920,F3,Tier_C_state_supported_leading_identity,False,False,True,True,tier_C,False,0.47575,1.0,1.0,fAulAsc106:0.476;fAulAsc19:0.160;fAulAsc128:0.151;fAulAsc11:0.070;fAulAsc29:0.040;fAulAsc9:0.033;fAulAsc6:0.032,,,,,one_observed_parent,1.0,1.0,1.0,one-observed-parent state supported; selected father identity remains below Tier B stability,Internal stability or leading rank is not breeding-record ground truth; Tier C identity is explicitly uncertain.
fAulAsc37,2021cicX11218831,father,M,F2,fAulAsc173,2021cicX13178921,F3,Tier_C_state_supported_leading_identity,False,False,True,True,tier_C,False,0.32475,0.1428571428571428,0.8636363636363636,fAulAsc37:0.325;fAulAsc52:0.221;fAulAsc106:0.155;fAulAsc26:0.097;fAulAsc126:0.062;fAulAsc6:0.048;fAulAsc11:0.035;fAulAsc105:0.027,,,,,one_observed_parent,1.0,1.0,1.0,one-observed-parent state supported; selected father identity remains below Tier B stability,Internal stability or leading rank is not breeding-record ground truth; Tier C identity is explicitly uncertain.
fAulAsc106,2021cicX11218924,father,M,F2,fAulAsc184,2021cicX13178922,F3,Tier_B_additional_identity,False,True,True,True,tier_B,False,0.741,1.0,1.0,fAulAsc106:0.741;fAulAsc22:0.168;fAulAsc11:0.066,,,,,one_observed_parent,1.0,1.0,1.0,Tier B chromosome-resampling identity stability,Internal stability or leading rank is not breeding-record ground truth; Tier C identity is explicitly uncertain.
fAulAsc34,2021cicX11218828,father,M,F2,fAulAsc195,2021cicX13178923,F3,Tier_C_state_supported_leading_identity,False,False,True,True,tier_C,False,0.246,0.1428571428571428,0.7272727272727273,fAulAsc34:0.246;fAulAsc127:0.183;fAulAsc76:0.145;fAulAsc23:0.093;fAulAsc82:0.085;fAulAsc60:0.064;fAulAsc21:0.053;fAulAsc12:0.031;fAulAsc54:0.025;fAulAsc10:0.018;fAulAsc86:0.009,,,,,one_observed_parent,0.99875,1.0,1.0,one-observed-parent state supported; selected father identity remains below Tier B stability,Internal stability or leading rank is not breeding-record ground truth; Tier C identity is explicitly uncertain.
fAulAsc52,2021cicX11218846,father,M,F2,fAulAsc206,2021cicX13178924,F3,Tier_B_additional_identity,False,True,True,True,tier_B,False,0.51925,1.0,1.0,fAulAsc52:0.519;fAulAsc141:0.153;fAulAsc10:0.126;fAulAsc62:0.123;fAulAsc126:0.024;fAulAsc54:0.016,,,,,one_observed_parent,1.0,1.0,1.0,Tier B chromosome-resampling identity stability,Internal stability or leading rank is not breeding-record ground truth; Tier C identity is explicitly uncertain.
fAulAsc103,2021cicX11218921,father,M,F2,fAulAsc217,2021cicX13178925,F3,Tier_B_additional_identity,False,True,True,True,tier_B,False,0.62725,1.0,1.0,fAulAsc103:0.627;fAulAsc56:0.104;fAulAsc29:0.100;fAulAsc85:0.060;fAulAsc77:0.050;fAulAsc81:0.028,,,,,one_observed_parent,1.0,1.0,1.0,Tier B chromosome-resampling identity stability,Internal stability or leading rank is not breeding-record ground truth; Tier C identity is explicitly uncertain.
fAulAsc106,2021cicX11218924,father,M,F2,fAulAsc227,2021cicX13178926,F3,Tier_B_additional_identity,False,True,True,True,tier_B,False,0.6765,1.0,1.0,fAulAsc106:0.676;fAulAsc38:0.118;fAulAsc3:0.067;fAulAsc11:0.067;fAulAsc62:0.035,,,,,one_observed_parent,1.0,1.0,1.0,Tier B chromosome-resampling identity stability,Internal stability or leading rank is not breeding-record ground truth; Tier C identity is explicitly uncertain.
fAulAsc97,2021cicX11218915,father,M,F2,fAulAsc237,2021cicX13178927,F3,Tier_C_state_supported_leading_identity,False,False,True,True,tier_C,False,0.56325,0.1428571428571428,0.9090909090909092,fAulAsc97:0.563;fAulAsc60:0.120;fAulAsc28:0.102;fAulAsc85:0.101;fAulAsc81:0.030;fAulAsc79:0.022;fAulAsc148:0.020,,,,,one_observed_parent,1.0,1.0,1.0,one-observed-parent state supported; selected father identity remains below Tier B stability,Internal stability or leading rank is not breeding-record ground truth; Tier C identity is explicitly uncertain.
fAulAsc52,2021cicX11218846,father,M,F2,fAulAsc163,2021cicX13178928,F3,Tier_C_state_supported_leading_identity,False,False,True,True,tier_C,False,0.431,1.0,0.8181818181818182,fAulAsc52:0.431;fAulAsc6:0.337;fAulAsc125:0.110;fAulAsc105:0.048;fAulAsc19:0.027,,,,,one_observed_parent,1.0,1.0,1.0,one-observed-parent state supported; selected father identity remains below Tier B stability,Internal stability or leading rank is not breeding-record ground truth; Tier C identity is explicitly uncertain.
fAulAsc78,2021cicX11218872,father,M,F2,fAulAsc174,2021cicX13178929,F3,Tier_B_additional_identity,False,True,True,True,tier_B,False,0.82125,1.0,1.0,fAulAsc78:0.821;fAulAsc210:0.048;fAulAsc33:0.045;fAulAsc133:0.038,,,,,one_observed_parent,1.0,1.0,1.0,Tier B chromosome-resampling identity stability,Internal stability or leading rank is not breeding-record ground truth; Tier C identity is explicitly uncertain.
fAulAsc128,2021cicX11218946,father,M,F2,fAulAsc185,2021cicX13178930,F3,Tier_C_state_supported_leading_identity,False,False,True,True,tier_C,False,0.412,0.1428571428571428,0.7727272727272727,fAulAsc128:0.412;fAulAsc106:0.319;fAulAsc9:0.096;fAulAsc29:0.055;fAulAsc30:0.037;fAulAsc89:0.028;fAulAsc78:0.015,,,,,one_observed_parent,1.0,1.0,1.0,one-observed-parent state supported; selected father identity remains below Tier B stability,Internal stability or leading rank is not breeding-record ground truth; Tier C identity is explicitly uncertain.
fAulAsc18,2021cicX11218812,father,M,F2,fAulAsc196,2021cicX13178931,F3,Tier_C_state_supported_leading_identity,False,False,True,True,tier_C,False,0.1205,0.1428571428571428,0.3636363636363636,fAulAsc26:0.234;fAulAsc93:0.218;fAulAsc18:0.120;fAulAsc2:0.103;fAulAsc32:0.084;fAulAsc87:0.062;fAulAsc17:0.051;fAulAsc15:0.033;fAulAsc36:0.025;fAulAsc129:0.018;fAulAsc95:0.015,,,,,one_observed_parent,1.0,1.0,1.0,one-observed-parent state supported; selected father identity remains below Tier B stability,Internal stability or leading rank is not breeding-record ground truth; Tier C identity is explicitly uncertain.
fAulAsc52,2021cicX11218846,father,M,F2,fAulAsc207,2021cicX13178932,F3,Tier_C_state_supported_leading_identity,False,False,True,True,tier_C,False,0.4675,1.0,1.0,fAulAsc52:0.468;fAulAsc141:0.170;fAulAsc82:0.083;fAulAsc28:0.073;fAulAsc199:0.061;fAulAsc34:0.029;fAulAsc1:0.028;fAulAsc86:0.019;fAulAsc21:0.017;fAulAsc35:0.015,,,,,one_observed_parent,0.99975,1.0,1.0,one-observed-parent state supported; selected father identity remains below Tier B stability,Internal stability or leading rank is not breeding-record ground truth; Tier C identity is explicitly uncertain.
fAulAsc106,2021cicX11218924,father,M,F2,fAulAsc218,2021cicX13178933,F3,Tier_B_additional_identity,False,True,True,True,tier_B,False,0.557,1.0,1.0,fAulAsc106:0.557;fAulAsc38:0.186;fAulAsc133:0.077;fAulAsc30:0.059;fAulAsc128:0.024;fAulAsc28:0.019;fAulAsc57:0.011;fAulAsc86:0.011;fAulAsc56:0.010,,,,,one_observed_parent,1.0,1.0,1.0,Tier B chromosome-resampling identity stability,Internal stability or leading rank is not breeding-record ground truth; Tier C identity is explicitly uncertain.
fAulAsc128,2021cicX11218946,father,M,F2,fAulAsc228,2021cicX13178934,F3,Tier_C_state_supported_leading_identity,False,False,True,True,tier_C,False,0.6405,0.1428571428571428,0.9545454545454546,fAulAsc128:0.640;fAulAsc78:0.143;fAulAsc81:0.060;fAulAsc33:0.054;fAulAsc210:0.052,,,,,one_observed_parent,1.0,1.0,1.0,one-observed-parent state supported; selected father identity remains below Tier B stability,Internal stability or leading rank is not breeding-record ground truth; Tier C identity is explicitly uncertain.
fAulAsc52,2021cicX11218846,father,M,F2,fAulAsc238,2021cicX13178935,F3,Tier_C_state_supported_leading_identity,False,False,True,True,tier_C,False,0.0725,1.0,0.9090909090909092,fAulAsc47:0.191;fAulAsc38:0.137;fAulAsc148:0.127;fAulAsc15:0.124;fAulAsc133:0.114;fAulAsc13:0.079;fAulAsc52:0.072;fAulAsc87:0.025;fAulAsc94:0.025;fAulAsc56:0.022;fAulAsc23:0.018;fAulAsc126:0.017;fAulAsc128:0.016,,,,,one_observed_parent,1.0,1.0,1.0,one-observed-parent state supported; selected father identity remains below Tier B stability,Internal stability or leading rank is not breeding-record ground truth; Tier C identity is explicitly uncertain.
fAulAsc78,2021cicX11218872,father,M,F2,fAulAsc164,2021cicX13178936,F3,Tier_B_additional_identity,False,True,True,True,tier_B,False,0.74325,1.0,1.0,fAulAsc78:0.743;fAulAsc128:0.198;fAulAsc26:0.036,,,,,one_observed_parent,1.0,1.0,1.0,Tier B chromosome-resampling identity stability,Internal stability or leading rank is not breeding-record ground truth; Tier C identity is explicitly uncertain.
fAulAsc122,2021cicX11218940,father,M,F2,fAulAsc175,2021cicX13178937,F3,Tier_C_state_supported_leading_identity,False,False,True,True,tier_C,False,0.1845,0.1428571428571428,0.7272727272727273,fAulAsc122:0.184;fAulAsc2:0.183;fAulAsc33:0.141;fAulAsc3:0.090;fAulAsc142:0.080;fAulAsc31:0.080;fAulAsc96:0.078;fAulAsc125:0.055;fAulAsc95:0.038;fAulAsc15:0.031,,,,,one_observed_parent,1.0,1.0,1.0,one-observed-parent state supported; selected father identity remains below Tier B stability,Internal stability or leading rank is not breeding-record ground truth; Tier C identity is explicitly uncertain.
fAulAsc6,2021cicX11218800,father,M,F2,fAulAsc186,2021cicX13178938,F3,Tier_C_state_supported_leading_identity,False,False,True,True,tier_C,False,0.44625,0.1428571428571428,0.8181818181818182,fAulAsc6:0.446;fAulAsc52:0.371;fAulAsc125:0.121;fAulAsc17:0.020,,,,,one_observed_parent,1.0,1.0,1.0,one-observed-parent state supported; selected father identity remains below Tier B stability,Internal stability or leading rank is not breeding-record ground truth; Tier C identity is explicitly uncertain.
fAulAsc52,2021cicX11218846,father,M,F2,fAulAsc197,2021cicX13178939,F3,Tier_B_additional_identity,False,True,True,True,tier_B,False,0.584,1.0,1.0,fAulAsc52:0.584;fAulAsc9:0.124;fAulAsc10:0.111;fAulAsc71:0.053;fAulAsc47:0.046;fAulAsc141:0.027;fAulAsc82:0.025,,,,,one_observed_parent,1.0,1.0,1.0,Tier B chromosome-resampling identity stability,Internal stability or leading rank is not breeding-record ground truth; Tier C identity is explicitly uncertain.
fAulAsc78,2021cicX11218872,father,M,F2,fAulAsc208,2021cicX13178940,F3,Tier_C_state_supported_leading_identity,False,False,True,True,tier_C,False,0.3975,1.0,0.7727272727272727,fAulAsc128:0.406;fAulAsc78:0.398;fAulAsc94:0.106;fAulAsc2:0.058,,,,,one_observed_parent,1.0,1.0,1.0,one-observed-parent state supported; selected father identity remains below Tier B stability,Internal stability or leading rank is not breeding-record ground truth; Tier C identity is explicitly uncertain.
fAulAsc52,2021cicX11218846,father,M,F2,fAulAsc219,2021cicX13178941,F3,Tier_C_state_supported_leading_identity,False,False,True,True,tier_C,False,0.47225,1.0,1.0,fAulAsc52:0.472;fAulAsc27:0.197;fAulAsc11:0.140;fAulAsc53:0.091;fAulAsc44:0.025;fAulAsc126:0.022;fAulAsc33:0.017,,,,,one_observed_parent,1.0,1.0,1.0,one-observed-parent state supported; selected father identity remains below Tier B stability,Internal stability or leading rank is not breeding-record ground truth; Tier C identity is explicitly uncertain.
fAulAsc78,2021cicX11218872,father,M,F2,fAulAsc229,2021cicX13178942,F3,Tier_B_additional_identity,False,True,True,True,tier_B,False,0.852,1.0,1.0,fAulAsc78:0.852;fAulAsc77:0.046;fAulAsc94:0.037;fAulAsc126:0.034,,,,,one_observed_parent,1.0,1.0,1.0,Tier B chromosome-resampling identity stability,Internal stability or leading rank is not breeding-record ground truth; Tier C identity is explicitly uncertain.
fAulAsc38,2021cicX11218832,father,M,F2,fAulAsc239,2021cicX13178943,F3,Tier_C_state_supported_leading_identity,False,False,True,True,tier_C,False,0.26,0.2857142857142857,0.8181818181818182,fAulAsc38:0.260;fAulAsc14:0.248;fAulAsc60:0.152;fAulAsc56:0.109;fAulAsc49:0.075;fAulAsc127:0.028;fAulAsc13:0.024;fAulAsc62:0.021;fAulAsc124:0.018;fAulAsc9:0.017,,,,,one_observed_parent,0.9975,1.0,1.0,one-observed-parent state supported; selected father identity remains below Tier B stability,Internal stability or leading rank is not breeding-record ground truth; Tier C identity is explicitly uncertain.
fAulAsc78,2021cicX11218872,father,M,F2,fAulAsc165,2021cicX13178944,F3,Tier_B_additional_identity,False,True,True,True,tier_B,False,0.814,1.0,1.0,fAulAsc78:0.814;fAulAsc71:0.062;fAulAsc1:0.048;fAulAsc85:0.020;fAulAsc141:0.016,,,,,one_observed_parent,1.0,1.0,1.0,Tier B chromosome-resampling identity stability,Internal stability or leading rank is not breeding-record ground truth; Tier C identity is explicitly uncertain.
fAulAsc106,2021cicX11218924,father,M,F2,fAulAsc176,2021cicX13178945,F3,Tier_B_additional_identity,False,True,True,True,tier_B,False,0.501,1.0,1.0,fAulAsc106:0.501;fAulAsc128:0.257;fAulAsc38:0.130;fAulAsc107:0.030;fAulAsc89:0.015;fAulAsc30:0.015;fAulAsc11:0.013,,,,,one_observed_parent,1.0,1.0,1.0,Tier B chromosome-resampling identity stability,Internal stability or leading rank is not breeding-record ground truth; Tier C identity is explicitly uncertain.
fAulAsc71,2021cicX11218865,father,M,F2,fAulAsc187,2021cicX13178946,F3,Tier_C_state_supported_leading_identity,False,False,True,True,tier_C,False,0.4335,0.1428571428571428,1.0,fAulAsc71:0.433;fAulAsc97:0.162;fAulAsc3:0.105;fAulAsc34:0.105;fAulAsc8:0.067;fAulAsc28:0.045;fAulAsc53:0.029;fAulAsc27:0.013,,,,,one_observed_parent,0.99875,1.0,1.0,one-observed-parent state supported; selected father identity remains below Tier B stability,Internal stability or leading rank is not breeding-record ground truth; Tier C identity is explicitly uncertain.
fAulAsc78,2021cicX11218872,father,M,F2,fAulAsc198,2021cicX13178947,F3,Tier_C_state_supported_leading_identity,False,False,True,True,tier_C,False,0.3585,1.0,0.9545454545454546,fAulAsc78:0.358;fAulAsc123:0.286;fAulAsc71:0.136;fAulAsc107:0.049;fAulAsc38:0.042;fAulAsc82:0.038;fAulAsc141:0.038;fAulAsc128:0.025,,,,,one_observed_parent,1.0,1.0,1.0,one-observed-parent state supported; selected father identity remains below Tier B stability,Internal stability or leading rank is not breeding-record ground truth; Tier C identity is explicitly uncertain.
fAulAsc38,2021cicX11218832,father,M,F2,fAulAsc209,2021cicX13178948,F3,Tier_C_state_supported_leading_identity,False,False,True,True,tier_C,False,0.579,0.1428571428571428,0.9545454545454546,fAulAsc38:0.579;fAulAsc49:0.150;fAulAsc58:0.126;fAulAsc21:0.052;fAulAsc89:0.041;fAulAsc45:0.018,,,,,one_observed_parent,0.99975,1.0,1.0,one-observed-parent state supported; selected father identity remains below Tier B stability,Internal stability or leading rank is not breeding-record ground truth; Tier C identity is explicitly uncertain.
fAulAsc81,2021cicX11218875,father,M,F2,fAulAsc220,2021cicX13178949,F3,Tier_C_state_supported_leading_identity,False,False,True,True,tier_C,False,0.20075,0.1428571428571428,0.8636363636363636,fAulAsc81:0.201;fAulAsc11:0.182;fAulAsc60:0.143;fAulAsc104:0.100;fAulAsc9:0.074;fAulAsc78:0.074;fAulAsc58:0.065;fAulAsc56:0.032;fAulAsc21:0.027;fAulAsc29:0.022;fAulAsc6:0.019;fAulAsc28:0.015,,,,,one_observed_parent,0.99675,1.0,1.0,one-observed-parent state supported; selected father identity remains below Tier B stability,Internal stability or leading rank is not breeding-record ground truth; Tier C identity is explicitly uncertain.
fAulAsc13,2021cicX11218807,father,M,F2,fAulAsc230,2021cicX13178950,F3,Tier_C_state_supported_leading_identity,False,False,True,True,tier_C,False,0.3165,0.1428571428571428,0.9090909090909092,fAulAsc13:0.317;fAulAsc49:0.221;fAulAsc56:0.181;fAulAsc80:0.082;fAulAsc10:0.062;fAulAsc40:0.045;fAulAsc60:0.030;fAulAsc90:0.018,,,,,one_observed_parent,0.99625,1.0,1.0,one-observed-parent state supported; selected father identity remains below Tier B stability,Internal stability or leading rank is not breeding-record ground truth; Tier C identity is explicitly uncertain.
fAulAsc106,2021cicX11218924,father,M,F2,fAulAsc240,2021cicX13178951,F3,Tier_B_additional_identity,False,True,True,True,tier_B,False,0.72475,1.0,1.0,fAulAsc106:0.725;fAulAsc11:0.089;fAulAsc59:0.050;fAulAsc19:0.043;fAulAsc86:0.028;fAulAsc62:0.017,,,,,one_observed_parent,1.0,1.0,1.0,Tier B chromosome-resampling identity stability,Internal stability or leading rank is not breeding-record ground truth; Tier C identity is explicitly uncertain.
fAulAsc97,2021cicX11218915,father,M,F2,fAulAsc166,2021cicX13178952,F3,Tier_C_state_supported_leading_identity,False,False,True,True,tier_C,False,0.636,0.1428571428571428,1.0,fAulAsc97:0.636;fAulAsc134:0.126;fAulAsc77:0.101;fAulAsc98:0.035;fAulAsc199:0.021;fAulAsc76:0.020;fAulAsc129:0.020,,,,,one_observed_parent,0.981,1.0,1.0,one-observed-parent state supported; selected father identity remains below Tier B stability,Internal stability or leading rank is not breeding-record ground truth; Tier C identity is explicitly uncertain.
fAulAsc157,2021cicX11218975,father,M,F1,fAulAsc177,2021cicX13178953,F2,Tier_C_design_conditioned_leading_identity,False,False,True,True,tier_C,False,0.46025,0.1428571428571428,0.5,fAulAsc158:0.540;fAulAsc157:0.460,0.46025,0.1428571428571428,0.5,fAulAsc157+fAulAsc154:0.460;fAulAsc158+fAulAsc154:0.411;fAulAsc158+fAulAsc153:0.129,zero_parent,0.0,0.0,0.0,leading joint-MAP pair identity admitted because the recorded-F1 candidate panel is independently guaranteed complete,Internal stability or leading rank is not breeding-record ground truth; Tier C identity is explicitly uncertain.
fAulAsc154,2021cicX11218972,mother,F,F1,fAulAsc177,2021cicX13178953,F2,Tier_B_additional_identity,False,True,True,True,tier_B,False,0.871,1.0,1.0,fAulAsc154:0.871;fAulAsc153:0.129,0.46025,0.1428571428571428,0.5,fAulAsc157+fAulAsc154:0.460;fAulAsc158+fAulAsc154:0.411;fAulAsc158+fAulAsc153:0.129,zero_parent,0.0,0.0,0.0,Tier B chromosome-resampling identity stability,Internal stability or leading rank is not breeding-record ground truth; Tier C identity is explicitly uncertain.
fAulAsc158,2021cicX11218976,father,M,F1,fAulAsc188,2021cicX13178954,F2,Tier_B_additional_identity,False,True,True,True,tier_B,False,0.83925,1.0,1.0,fAulAsc158:0.839;fAulAsc157:0.149,0.56475,1.0,1.0,fAulAsc158+fAulAsc153:0.565;fAulAsc158+fAulAsc154:0.275;fAulAsc157+fAulAsc153:0.149,zero_parent,0.0,0.0,0.0,Tier B chromosome-resampling identity stability,Internal stability or leading rank is not breeding-record ground truth; Tier C identity is explicitly uncertain.
fAulAsc153,2021cicX11218971,mother,F,F1,fAulAsc188,2021cicX13178954,F2,Tier_B_additional_identity,False,True,True,True,tier_B,False,0.7244999999999999,1.0,1.0,fAulAsc153:0.724;fAulAsc154:0.276,0.56475,1.0,1.0,fAulAsc158+fAulAsc153:0.565;fAulAsc158+fAulAsc154:0.275;fAulAsc157+fAulAsc153:0.149,zero_parent,0.0,0.0,0.0,Tier B chromosome-resampling identity stability,Internal stability or leading rank is not breeding-record ground truth; Tier C identity is explicitly uncertain.
fAulAsc157,2021cicX11218975,father,M,F1,fAulAsc199,2021cicX13178955,F2,Tier_C_design_conditioned_leading_identity,False,False,True,True,tier_C,False,0.4735,1.0,0.5,fAulAsc158:0.526;fAulAsc157:0.473,0.3615,1.0,0.5,fAulAsc157+fAulAsc153:0.361;fAulAsc158+fAulAsc154:0.357;fAulAsc158+fAulAsc153:0.170;fAulAsc157+fAulAsc154:0.112,zero_parent,0.0,0.0,0.0,leading joint-MAP pair identity admitted because the recorded-F1 candidate panel is independently guaranteed complete,Internal stability or leading rank is not breeding-record ground truth; Tier C identity is explicitly uncertain.
fAulAsc153,2021cicX11218971,mother,F,F1,fAulAsc199,2021cicX13178955,F2,Tier_C_design_conditioned_leading_identity,False,False,True,True,tier_C,False,0.531,1.0,0.5,fAulAsc153:0.531;fAulAsc154:0.469,0.3615,1.0,0.5,fAulAsc157+fAulAsc153:0.361;fAulAsc158+fAulAsc154:0.357;fAulAsc158+fAulAsc153:0.170;fAulAsc157+fAulAsc154:0.112,zero_parent,0.0,0.0,0.0,leading joint-MAP pair identity admitted because the recorded-F1 candidate panel is independently guaranteed complete,Internal stability or leading rank is not breeding-record ground truth; Tier C identity is explicitly uncertain.
fAulAsc158,2021cicX11218976,father,M,F1,fAulAsc210,2021cicX13178956,F2,Tier_B_additional_identity,False,True,True,True,tier_B,False,0.60625,1.0,0.8636363636363636,fAulAsc158:0.606;fAulAsc157:0.394,0.596,1.0,0.8636363636363636,fAulAsc158+fAulAsc154:0.596;fAulAsc157+fAulAsc154:0.314;fAulAsc157+fAulAsc153:0.080,zero_parent,0.0,0.0,0.0,Tier B chromosome-resampling identity stability,Internal stability or leading rank is not breeding-record ground truth; Tier C identity is explicitly uncertain.
fAulAsc154,2021cicX11218972,mother,F,F1,fAulAsc210,2021cicX13178956,F2,Tier_B_additional_identity,False,True,True,True,tier_B,False,0.9095,1.0,1.0,fAulAsc154:0.909;fAulAsc153:0.090,0.596,1.0,0.8636363636363636,fAulAsc158+fAulAsc154:0.596;fAulAsc157+fAulAsc154:0.314;fAulAsc157+fAulAsc153:0.080,zero_parent,0.0,0.0,0.0,Tier B chromosome-resampling identity stability,Internal stability or leading rank is not breeding-record ground truth; Tier C identity is explicitly uncertain.
fAulAsc106,2021cicX11218924,father,M,F2,fAulAsc221,2021cicX13178957,F3,Tier_C_state_supported_leading_identity,False,False,True,True,tier_C,False,0.49725,1.0,0.9545454545454546,fAulAsc106:0.497;fAulAsc30:0.212;fAulAsc128:0.178;fAulAsc141:0.044;fAulAsc3:0.035,,,,,one_observed_parent,1.0,1.0,1.0,one-observed-parent state supported; selected father identity remains below Tier B stability,Internal stability or leading rank is not breeding-record ground truth; Tier C identity is explicitly uncertain.
fAulAsc78,2021cicX11218872,father,M,F2,fAulAsc231,2021cicX13178958,F3,Tier_B_additional_identity,False,True,True,True,tier_B,False,0.54375,1.0,1.0,fAulAsc78:0.544;fAulAsc91:0.290;fAulAsc123:0.053;fAulAsc128:0.053;fAulAsc141:0.048,,,,,one_observed_parent,1.0,1.0,1.0,Tier B chromosome-resampling identity stability,Internal stability or leading rank is not breeding-record ground truth; Tier C identity is explicitly uncertain.
fAulAsc102,2021cicX11218920,father,M,F2,fAulAsc241,2021cicX13178959,F3,Tier_C_state_supported_leading_identity,False,False,True,True,tier_C,False,0.4345,1.0,1.0,fAulAsc102:0.434;fAulAsc16:0.135;fAulAsc47:0.119;fAulAsc53:0.104;fAulAsc11:0.089;fAulAsc93:0.042;fAulAsc22:0.033,,,,,one_observed_parent,1.0,1.0,1.0,one-observed-parent state supported; selected father identity remains below Tier B stability,Internal stability or leading rank is not breeding-record ground truth; Tier C identity is explicitly uncertain.
fAulAsc106,2021cicX11218924,father,M,F2,fAulAsc167,2021cicX13178960,F3,Tier_B_additional_identity,False,True,True,True,tier_B,False,0.5195,1.0,1.0,fAulAsc106:0.519;fAulAsc94:0.095;fAulAsc22:0.084;fAulAsc38:0.080;fAulAsc17:0.068;fAulAsc11:0.063;fAulAsc10:0.027;fAulAsc86:0.013,,,,,one_observed_parent,1.0,1.0,1.0,Tier B chromosome-resampling identity stability,Internal stability or leading rank is not breeding-record ground truth; Tier C identity is explicitly uncertain.
fAulAsc58,2021cicX11218852,father,M,F2,fAulAsc178,2021cicX13178961,F3,Tier_B_additional_identity,False,True,True,True,tier_B,False,0.697,1.0,1.0,fAulAsc58:0.697;fAulAsc102:0.121;fAulAsc142:0.059;fAulAsc32:0.025;fAulAsc97:0.024;fAulAsc19:0.015;fAulAsc26:0.015,,,,,one_observed_parent,1.0,1.0,1.0,Tier B chromosome-resampling identity stability,Internal stability or leading rank is not breeding-record ground truth; Tier C identity is explicitly uncertain.
fAulAsc52,2021cicX11218846,father,M,F2,fAulAsc189,2021cicX13178962,F3,Tier_C_state_supported_leading_identity,False,False,True,True,tier_C,False,0.225,1.0,0.8636363636363636,fAulAsc52:0.225;fAulAsc6:0.182;fAulAsc43:0.177;fAulAsc31:0.149;fAulAsc53:0.108;fAulAsc19:0.069;fAulAsc131:0.028;fAulAsc35:0.021,,,,,one_observed_parent,1.0,1.0,1.0,one-observed-parent state supported; selected father identity remains below Tier B stability,Internal stability or leading rank is not breeding-record ground truth; Tier C identity is explicitly uncertain.
fAulAsc52,2021cicX11218846,father,M,F2,fAulAsc200,2021cicX13178963,F3,Tier_C_state_supported_leading_identity,False,False,True,True,tier_C,False,0.404,1.0,0.9545454545454546,fAulAsc52:0.404;fAulAsc27:0.276;fAulAsc53:0.072;fAulAsc87:0.066;fAulAsc108:0.050;fAulAsc51:0.049;fAulAsc126:0.047,,,,,one_observed_parent,1.0,1.0,1.0,one-observed-parent state supported; selected father identity remains below Tier B stability,Internal stability or leading rank is not breeding-record ground truth; Tier C identity is explicitly uncertain.
fAulAsc17,2021cicX11218811,father,M,F2,fAulAsc211,2021cicX13178964,F3,Tier_C_state_supported_leading_identity,False,False,True,True,tier_C,False,0.3005,0.1428571428571428,0.8636363636363636,fAulAsc17:0.300;fAulAsc11:0.263;fAulAsc52:0.193;fAulAsc37:0.109;fAulAsc15:0.026;fAulAsc43:0.025;fAulAsc16:0.024;fAulAsc32:0.021,,,,,one_observed_parent,1.0,1.0,1.0,one-observed-parent state supported; selected father identity remains below Tier B stability,Internal stability or leading rank is not breeding-record ground truth; Tier C identity is explicitly uncertain.
fAulAsc21,2021cicX11218815,father,M,F2,fAulAsc222,2021cicX13178965,F3,Tier_C_state_supported_leading_identity,False,False,True,True,tier_C,False,0.2115,0.1428571428571428,0.8181818181818182,fAulAsc21:0.211;fAulAsc71:0.205;fAulAsc10:0.184;fAulAsc82:0.101;fAulAsc100:0.076;fAulAsc58:0.069;fAulAsc45:0.035;fAulAsc1:0.034;fAulAsc135:0.028;fAulAsc79:0.026,,,,,one_observed_parent,0.99975,1.0,1.0,one-observed-parent state supported; selected father identity remains below Tier B stability,Internal stability or leading rank is not breeding-record ground truth; Tier C identity is explicitly uncertain.
fAulAsc10,2021cicX11218804,father,M,F2,fAulAsc232,2021cicX13178966,F3,Tier_C_state_supported_leading_identity,False,False,True,True,tier_C,False,0.2705,0.1428571428571428,0.9090909090909092,fAulAsc10:0.271;fAulAsc85:0.225;fAulAsc14:0.176;fAulAsc16:0.074;fAulAsc9:0.073;fAulAsc87:0.060;fAulAsc45:0.041;fAulAsc62:0.035,,,,,one_observed_parent,1.0,1.0,1.0,one-observed-parent state supported; selected father identity remains below Tier B stability,Internal stability or leading rank is not breeding-record ground truth; Tier C identity is explicitly uncertain.
fAulAsc52,2021cicX11218846,father,M,F2,fAulAsc242,2021cicX13178967,F3,Tier_B_additional_identity,False,True,True,True,tier_B,False,0.58075,1.0,1.0,fAulAsc52:0.581;fAulAsc25:0.173;fAulAsc126:0.123;fAulAsc6:0.025;fAulAsc37:0.025;fAulAsc2:0.023;fAulAsc15:0.018,,,,,one_observed_parent,1.0,1.0,1.0,Tier B chromosome-resampling identity stability,Internal stability or leading rank is not breeding-record ground truth; Tier C identity is explicitly uncertain.
fAulAsc60,2021cicX11218854,father,M,F2,fAulAsc168,2021cicX13178968,F3,Tier_C_state_supported_leading_identity,False,False,True,True,tier_C,False,0.40825,1.0,0.9090909090909092,fAulAsc60:0.408;fAulAsc97:0.351;fAulAsc76:0.070;fAulAsc71:0.069;fAulAsc34:0.043;fAulAsc81:0.030,,,,,one_observed_parent,1.0,1.0,1.0,one-observed-parent state supported; selected father identity remains below Tier B stability,Internal stability or leading rank is not breeding-record ground truth; Tier C identity is explicitly uncertain.
fAulAsc64,2021cicX11218858,father,M,F2,fAulAsc179,2021cicX13178969,F3,Tier_C_state_supported_leading_identity,False,False,True,True,tier_C,False,0.2865,0.1428571428571428,0.9090909090909092,fAulAsc64:0.286;fAulAsc21:0.157;fAulAsc98:0.111;fAulAsc82:0.100;fAulAsc49:0.090;fAulAsc58:0.078;fAulAsc14:0.073;fAulAsc93:0.039;fAulAsc29:0.030,,,,,one_observed_parent,0.99975,1.0,1.0,one-observed-parent state supported; selected father identity remains below Tier B stability,Internal stability or leading rank is not breeding-record ground truth; Tier C identity is explicitly uncertain.
fAulAsc128,2021cicX11218946,father,M,F2,fAulAsc190,2021cicX13178970,F3,Tier_C_state_supported_leading_identity,False,False,True,True,tier_C,False,0.59175,0.1428571428571428,0.9545454545454546,fAulAsc128:0.592;fAulAsc123:0.181;fAulAsc78:0.136;fAulAsc26:0.030;fAulAsc22:0.021,,,,,one_observed_parent,1.0,1.0,1.0,one-observed-parent state supported; selected father identity remains below Tier B stability,Internal stability or leading rank is not breeding-record ground truth; Tier C identity is explicitly uncertain.
fAulAsc71,2021cicX11218865,father,M,F2,fAulAsc201,2021cicX13178971,F3,Tier_C_state_supported_leading_identity,False,False,True,True,tier_C,False,0.1405,0.1428571428571428,0.7727272727272727,fAulAsc64:0.206;fAulAsc82:0.175;fAulAsc71:0.141;fAulAsc38:0.140;fAulAsc98:0.102;fAulAsc49:0.072;fAulAsc1:0.066;fAulAsc58:0.028;fAulAsc45:0.022,,,,,one_observed_parent,1.0,1.0,1.0,one-observed-parent state supported; selected father identity remains below Tier B stability,Internal stability or leading rank is not breeding-record ground truth; Tier C identity is explicitly uncertain.
fAulAsc52,2021cicX11218846,father,M,F2,fAulAsc212,2021cicX13178972,F3,Tier_B_additional_identity,False,True,True,True,tier_B,False,0.78475,1.0,1.0,fAulAsc52:0.785;fAulAsc11:0.061;fAulAsc25:0.049;fAulAsc53:0.033;fAulAsc6:0.031,,,,,one_observed_parent,1.0,1.0,1.0,Tier B chromosome-resampling identity stability,Internal stability or leading rank is not breeding-record ground truth; Tier C identity is explicitly uncertain.
fAulAsc85,2021cicX11218879,father,M,F2,fAulAsc223,2021cicX13178973,F3,Tier_C_state_supported_leading_identity,False,False,True,True,tier_C,False,0.55525,0.2857142857142857,0.9545454545454546,fAulAsc85:0.555;fAulAsc102:0.205;fAulAsc79:0.063;fAulAsc38:0.061;fAulAsc61:0.027;fAulAsc11:0.015;fAulAsc24:0.015;fAulAsc19:0.014,,,,,one_observed_parent,0.999,1.0,1.0,one-observed-parent state supported; selected father identity remains below Tier B stability,Internal stability or leading rank is not breeding-record ground truth; Tier C identity is explicitly uncertain.
fAulAsc6,2021cicX11218800,father,M,F2,fAulAsc233,2021cicX13178974,F3,Tier_C_state_supported_leading_identity,False,False,True,True,tier_C,False,0.60725,0.1428571428571428,1.0,fAulAsc6:0.607;fAulAsc106:0.161;fAulAsc52:0.123;fAulAsc36:0.045;fAulAsc124:0.024,,,,,one_observed_parent,1.0,1.0,1.0,one-observed-parent state supported; selected father identity remains below Tier B stability,Internal stability or leading rank is not breeding-record ground truth; Tier C identity is explicitly uncertain.
fAulAsc106,2021cicX11218924,father,M,F2,fAulAsc243,2021cicX13178975,F3,Tier_B_additional_identity,False,True,True,True,tier_B,False,0.5235,1.0,1.0,fAulAsc106:0.523;fAulAsc97:0.096;fAulAsc61:0.095;fAulAsc91:0.081;fAulAsc107:0.058;fAulAsc34:0.051;fAulAsc123:0.048,,,,,one_observed_parent,1.0,1.0,1.0,Tier B chromosome-resampling identity stability,Internal stability or leading rank is not breeding-record ground truth; Tier C identity is explicitly uncertain.
fAulAsc52,2021cicX11218846,father,M,F2,fAulAsc169,2021cicX13178976,F3,Tier_B_additional_identity,False,True,True,True,tier_B,False,0.62575,1.0,1.0,fAulAsc52:0.626;fAulAsc6:0.104;fAulAsc11:0.079;fAulAsc19:0.076;fAulAsc102:0.068,,,,,one_observed_parent,1.0,1.0,1.0,Tier B chromosome-resampling identity stability,Internal stability or leading rank is not breeding-record ground truth; Tier C identity is explicitly uncertain.
fAulAsc60,2021cicX11218854,father,M,F2,fAulAsc180,2021cicX13178977,F3,Tier_C_state_supported_leading_identity,False,False,True,True,tier_C,False,0.27275,1.0,0.9545454545454546,fAulAsc60:0.273;fAulAsc34:0.205;fAulAsc94:0.118;fAulAsc93:0.105;fAulAsc59:0.103;fAulAsc12:0.065;fAulAsc53:0.063;fAulAsc3:0.032,,,,,one_observed_parent,0.99375,1.0,1.0,one-observed-parent state supported; selected father identity remains below Tier B stability,Internal stability or leading rank is not breeding-record ground truth; Tier C identity is explicitly uncertain.
fAulAsc60,2021cicX11218854,father,M,F2,fAulAsc191,2021cicX13178978,F3,Tier_B_additional_identity,False,True,True,True,tier_B,False,0.64175,1.0,1.0,fAulAsc60:0.642;fAulAsc10:0.082;fAulAsc8:0.066;fAulAsc38:0.048;fAulAsc64:0.047;fAulAsc76:0.039;fAulAsc33:0.020;fAulAsc54:0.012,,,,,one_observed_parent,0.99975,1.0,1.0,Tier B chromosome-resampling identity stability,Internal stability or leading rank is not breeding-record ground truth; Tier C identity is explicitly uncertain.
fAulAsc78,2021cicX11218872,father,M,F2,fAulAsc202,2021cicX13178979,F3,Tier_B_additional_identity,False,True,True,True,tier_B,False,0.8925,1.0,1.0,fAulAsc78:0.892;fAulAsc90:0.062,,,,,one_observed_parent,1.0,1.0,1.0,Tier B chromosome-resampling identity stability,Internal stability or leading rank is not breeding-record ground truth; Tier C identity is explicitly uncertain.
fAulAsc106,2021cicX11218924,father,M,F2,fAulAsc213,2021cicX13178980,F3,Tier_C_state_supported_leading_identity,False,False,True,True,tier_C,False,0.34725,1.0,0.9545454545454546,fAulAsc106:0.347;fAulAsc86:0.275;fAulAsc94:0.139;fAulAsc21:0.061;fAulAsc3:0.038;fAulAsc54:0.035;fAulAsc6:0.035;fAulAsc30:0.023,,,,,one_observed_parent,1.0,1.0,1.0,one-observed-parent state supported; selected father identity remains below Tier B stability,Internal stability or leading rank is not breeding-record ground truth; Tier C identity is explicitly uncertain.
fAulAsc78,2021cicX11218872,father,M,F2,fAulAsc224,2021cicX13178981,F3,Tier_B_additional_identity,False,True,True,True,tier_B,False,0.64925,1.0,1.0,fAulAsc78:0.649;fAulAsc25:0.113;fAulAsc26:0.097;fAulAsc188:0.051;fAulAsc52:0.025;fAulAsc20:0.021,,,,,one_observed_parent,1.0,1.0,1.0,Tier B chromosome-resampling identity stability,Internal stability or leading rank is not breeding-record ground truth; Tier C identity is explicitly uncertain.
fAulAsc11,2021cicX11218805,father,M,F2,fAulAsc234,2021cicX13178982,F3,Tier_C_state_supported_leading_identity,False,False,True,True,tier_C,False,0.31575,0.1428571428571428,0.9545454545454546,fAulAsc11:0.316;fAulAsc26:0.226;fAulAsc55:0.133;fAulAsc41:0.111;fAulAsc8:0.110;fAulAsc89:0.043;fAulAsc122:0.025,,,,,one_observed_parent,1.0,1.0,1.0,one-observed-parent state supported; selected father identity remains below Tier B stability,Internal stability or leading rank is not breeding-record ground truth; Tier C identity is explicitly uncertain.
fAulAsc106,2021cicX11218924,father,M,F2,fAulAsc244,2021cicX13178983,F3,Tier_C_state_supported_leading_identity,False,False,True,True,tier_C,False,0.21725,1.0,0.9545454545454546,fAulAsc106:0.217;fAulAsc9:0.197;fAulAsc19:0.123;fAulAsc128:0.074;fAulAsc24:0.067;fAulAsc38:0.051;fAulAsc148:0.050;fAulAsc6:0.047;fAulAsc62:0.044;fAulAsc44:0.029;fAulAsc49:0.028;fAulAsc86:0.015;fAulAsc122:0.015,,,,,one_observed_parent,1.0,1.0,1.0,one-observed-parent state supported; selected father identity remains below Tier B stability,Internal stability or leading rank is not breeding-record ground truth; Tier C identity is explicitly uncertain.
fAulAsc78,2021cicX11218872,father,M,F2,fAulAsc160,2021cicX13178984,F3,Tier_B_additional_identity,False,True,True,True,tier_B,False,0.636,1.0,1.0,fAulAsc78:0.636;fAulAsc29:0.134;fAulAsc123:0.133;fAulAsc149:0.048,,,,,one_observed_parent,1.0,1.0,1.0,Tier B chromosome-resampling identity stability,Internal stability or leading rank is not breeding-record ground truth; Tier C identity is explicitly uncertain.
fAulAsc106,2021cicX11218924,father,M,F2,fAulAsc171,2021cicX13178985,F3,Tier_B_additional_identity,False,True,True,True,tier_B,False,0.75725,1.0,1.0,fAulAsc106:0.757;fAulAsc9:0.183;fAulAsc10:0.015,,,,,one_observed_parent,1.0,1.0,1.0,Tier B chromosome-resampling identity stability,Internal stability or leading rank is not breeding-record ground truth; Tier C identity is explicitly uncertain.
fAulAsc78,2021cicX11218872,father,M,F2,fAulAsc182,2021cicX13178986,F3,Tier_B_additional_identity,False,True,True,True,tier_B,False,0.935,1.0,1.0,fAulAsc78:0.935;fAulAsc77:0.037,,,,,one_observed_parent,1.0,1.0,1.0,Tier B chromosome-resampling identity stability,Internal stability or leading rank is not breeding-record ground truth; Tier C identity is explicitly uncertain.
fAulAsc102,2021cicX11218920,father,M,F2,fAulAsc193,2021cicX13178987,F3,Tier_B_additional_identity,False,True,True,True,tier_B,False,0.514,1.0,0.9545454545454546,fAulAsc102:0.514;fAulAsc26:0.170;fAulAsc137:0.119;fAulAsc6:0.056;fAulAsc58:0.039;fAulAsc25:0.025;fAulAsc32:0.017;fAulAsc2:0.012,,,,,one_observed_parent,1.0,1.0,1.0,Tier B chromosome-resampling identity stability,Internal stability or leading rank is not breeding-record ground truth; Tier C identity is explicitly uncertain.
fAulAsc102,2021cicX11218920,father,M,F2,fAulAsc204,2021cicX13178988,F3,Tier_B_additional_identity,False,True,True,True,tier_B,False,0.9065,1.0,1.0,fAulAsc102:0.906;fAulAsc6:0.035;fAulAsc26:0.032,,,,,one_observed_parent,1.0,1.0,1.0,Tier B chromosome-resampling identity stability,Internal stability or leading rank is not breeding-record ground truth; Tier C identity is explicitly uncertain.
fAulAsc106,2021cicX11218924,father,M,F2,fAulAsc215,2021cicX13178989,F3,Tier_B_additional_identity,False,True,True,True,tier_B,False,0.684,1.0,1.0,fAulAsc106:0.684;fAulAsc22:0.097;fAulAsc6:0.069;fAulAsc19:0.062;fAulAsc8:0.036;fAulAsc16:0.035,,,,,one_observed_parent,1.0,1.0,1.0,Tier B chromosome-resampling identity stability,Internal stability or leading rank is not breeding-record ground truth; Tier C identity is explicitly uncertain.
fAulAsc78,2021cicX11218872,father,M,F2,fAulAsc226,2021cicX13178990,F3,Tier_C_state_supported_leading_identity,False,False,True,True,tier_C,False,0.4125,1.0,1.0,fAulAsc78:0.412;fAulAsc46:0.194;fAulAsc28:0.175;fAulAsc31:0.055;fAulAsc128:0.036;fAulAsc61:0.026;fAulAsc104:0.019;fAulAsc22:0.018;fAulAsc77:0.017,,,,,one_observed_parent,1.0,1.0,1.0,one-observed-parent state supported; selected father identity remains below Tier B stability,Internal stability or leading rank is not breeding-record ground truth; Tier C identity is explicitly uncertain.
fAulAsc52,2021cicX11218846,father,M,F2,fAulAsc236,2021cicX13178991,F3,Tier_C_state_supported_leading_identity,False,False,True,True,tier_C,False,0.39175,1.0,1.0,fAulAsc52:0.392;fAulAsc79:0.166;fAulAsc210:0.111;fAulAsc141:0.102;fAulAsc19:0.097;fAulAsc86:0.090,,,,,one_observed_parent,1.0,1.0,1.0,one-observed-parent state supported; selected father identity remains below Tier B stability,Internal stability or leading rank is not breeding-record ground truth; Tier C identity is explicitly uncertain.
fAulAsc52,2021cicX11218846,father,M,F2,fAulAsc161,2021cicX13178992,F3,Tier_C_state_supported_leading_identity,False,False,True,True,tier_C,False,0.35925,1.0,1.0,fAulAsc52:0.359;fAulAsc2:0.143;fAulAsc14:0.141;fAulAsc126:0.127;fAulAsc47:0.070;fAulAsc16:0.044;fAulAsc86:0.034;fAulAsc11:0.019;fAulAsc33:0.014,,,,,one_observed_parent,1.0,1.0,1.0,one-observed-parent state supported; selected father identity remains below Tier B stability,Internal stability or leading rank is not breeding-record ground truth; Tier C identity is explicitly uncertain.
fAulAsc11,2021cicX11218805,father,M,F2,fAulAsc172,2021cicX13178993,F3,Tier_C_state_supported_leading_identity,False,False,True,True,tier_C,False,0.71675,0.1428571428571428,1.0,fAulAsc11:0.717;fAulAsc20:0.049;fAulAsc124:0.046;fAulAsc73:0.031;fAulAsc60:0.029;fAulAsc41:0.029;fAulAsc16:0.028;fAulAsc62:0.020;fAulAsc2:0.012,,,,,one_observed_parent,1.0,1.0,1.0,one-observed-parent state supported; selected father identity remains below Tier B stability,Internal stability or leading rank is not breeding-record ground truth; Tier C identity is explicitly uncertain.
fAulAsc56,2021cicX11218850,father,M,F2,fAulAsc183,2021cicX13178994,F3,Tier_C_state_supported_leading_identity,False,False,True,True,tier_C,False,0.41525,0.1428571428571428,0.9545454545454546,fAulAsc56:0.415;fAulAsc58:0.203;fAulAsc38:0.097;fAulAsc45:0.082;fAulAsc64:0.051;fAulAsc188:0.033;fAulAsc82:0.032;fAulAsc94:0.028;fAulAsc126:0.019,,,,,one_observed_parent,0.99825,1.0,1.0,one-observed-parent state supported; selected father identity remains below Tier B stability,Internal stability or leading rank is not breeding-record ground truth; Tier C identity is explicitly uncertain.
fAulAsc106,2021cicX11218924,father,M,F2,fAulAsc194,2021cicX13178995,F3,Tier_C_state_supported_leading_identity,False,False,True,True,tier_C,False,0.17825,1.0,1.0,fAulAsc94:0.180;fAulAsc106:0.178;fAulAsc6:0.170;fAulAsc11:0.110;fAulAsc82:0.101;fAulAsc54:0.051;fAulAsc21:0.049;fAulAsc23:0.043;fAulAsc148:0.042;fAulAsc13:0.018;fAulAsc64:0.017,,,,,one_observed_parent,1.0,1.0,1.0,one-observed-parent state supported; selected father identity remains below Tier B stability,Internal stability or leading rank is not breeding-record ground truth; Tier C identity is explicitly uncertain.
fAulAsc106,2021cicX11218924,father,M,F2,fAulAsc205,2021cicX13178996,F3,Tier_B_additional_identity,False,True,True,True,tier_B,False,0.531,1.0,1.0,fAulAsc106:0.531;fAulAsc28:0.202;fAulAsc13:0.121;fAulAsc11:0.070;fAulAsc56:0.027,,,,,one_observed_parent,1.0,1.0,1.0,Tier B chromosome-resampling identity stability,Internal stability or leading rank is not breeding-record ground truth; Tier C identity is explicitly uncertain.
fAulAsc82,2021cicX11218876,father,M,F2,fAulAsc216,2021cicX13178997,F3,Tier_C_state_supported_leading_identity,False,False,True,True,tier_C,False,0.46625,0.1428571428571428,0.9545454545454546,fAulAsc82:0.466;fAulAsc29:0.147;fAulAsc52:0.106;fAulAsc141:0.105;fAulAsc56:0.092;fAulAsc59:0.013;fAulAsc148:0.009;fAulAsc19:0.008;fAulAsc106:0.007,,,,,one_observed_parent,0.99875,1.0,1.0,one-observed-parent state supported; selected father identity remains below Tier B stability,Internal stability or leading rank is not breeding-record ground truth; Tier C identity is explicitly uncertain.
fAulAsc60,2021cicX11218854,father,M,F2,fAulAsc248,2021cicX13611510,F3,Tier_C_state_supported_leading_identity,False,False,True,True,tier_C,False,0.4315,1.0,1.0,fAulAsc60:0.431;fAulAsc8:0.108;fAulAsc81:0.088;fAulAsc24:0.071;fAulAsc21:0.054;fAulAsc53:0.052;fAulAsc93:0.048;fAulAsc97:0.043;fAulAsc38:0.041;fAulAsc77:0.019,,,,,one_observed_parent,0.99775,1.0,1.0,one-observed-parent state supported; selected father identity remains below Tier B stability,Internal stability or leading rank is not breeding-record ground truth; Tier C identity is explicitly uncertain.
fAulAsc106,2021cicX11218924,father,M,F2,fAulAsc249,2021cicX13611511,F3,Tier_C_state_supported_leading_identity,False,False,True,True,tier_C,False,0.449,1.0,1.0,fAulAsc106:0.449;fAulAsc10:0.231;fAulAsc94:0.062;fAulAsc54:0.061;fAulAsc30:0.044;fAulAsc21:0.034;fAulAsc17:0.026;fAulAsc13:0.025;fAulAsc9:0.023,,,,,one_observed_parent,1.0,1.0,1.0,one-observed-parent state supported; selected father identity remains below Tier B stability,Internal stability or leading rank is not breeding-record ground truth; Tier C identity is explicitly uncertain.
fAulAsc102,2021cicX11218920,father,M,F2,fAulAsc250,2021cicX13611512,F3,Tier_C_state_supported_leading_identity,False,False,True,True,tier_C,False,0.493,1.0,1.0,fAulAsc102:0.493;fAulAsc9:0.112;fAulAsc85:0.105;fAulAsc21:0.079;fAulAsc53:0.049;fAulAsc99:0.044;fAulAsc61:0.044;fAulAsc74:0.029,,,,,one_observed_parent,1.0,1.0,1.0,one-observed-parent state supported; selected father identity remains below Tier B stability,Internal stability or leading rank is not breeding-record ground truth; Tier C identity is explicitly uncertain.
fAulAsc29,2021cicX11218823,father,M,F2,fAulAsc251,2021cicX13611513,F3,Tier_C_state_supported_leading_identity,False,False,True,True,tier_C,False,0.359,0.1428571428571428,0.9090909090909092,fAulAsc29:0.359;fAulAsc1:0.141;fAulAsc97:0.124;fAulAsc60:0.114;fAulAsc22:0.095;fAulAsc130:0.059;fAulAsc71:0.047;fAulAsc23:0.015,,,,,one_observed_parent,1.0,1.0,1.0,one-observed-parent state supported; selected father identity remains below Tier B stability,Internal stability or leading rank is not breeding-record ground truth; Tier C identity is explicitly uncertain.
fAulAsc102,2021cicX11218920,father,M,F2,fAulAsc245,2021cicX13611514,F3,Tier_B_additional_identity,False,True,True,True,tier_B,False,0.673,1.0,1.0,fAulAsc102:0.673;fAulAsc26:0.148;fAulAsc32:0.083;fAulAsc137:0.041;fAulAsc6:0.030,,,,,one_observed_parent,1.0,1.0,1.0,Tier B chromosome-resampling identity stability,Internal stability or leading rank is not breeding-record ground truth; Tier C identity is explicitly uncertain.
fAulAsc106,2021cicX11218924,father,M,F2,fAulAsc246,2021cicX13611515,F3,Tier_B_additional_identity,False,True,True,True,tier_B,False,0.84,1.0,1.0,fAulAsc106:0.840;fAulAsc11:0.082;fAulAsc126:0.028,,,,,one_observed_parent,1.0,1.0,1.0,Tier B chromosome-resampling identity stability,Internal stability or leading rank is not breeding-record ground truth; Tier C identity is explicitly uncertain.
fAulAsc81,2021cicX11218875,father,M,F2,fAulAsc247,2021cicX13611516,F3,Tier_C_state_supported_leading_identity,False,False,True,True,tier_C,False,0.20275,0.2857142857142857,0.8636363636363636,fAulAsc79:0.232;fAulAsc81:0.203;fAulAsc141:0.106;fAulAsc91:0.084;fAulAsc142:0.083;fAulAsc9:0.062;fAulAsc56:0.045;fAulAsc27:0.042;fAulAsc101:0.036;fAulAsc29:0.028;fAulAsc97:0.025;fAulAsc1:0.010,,,,,one_observed_parent,0.9945,1.0,1.0,one-observed-parent state supported; selected father identity remains below Tier B stability,Internal stability or leading rank is not breeding-record ground truth; Tier C identity is explicitly uncertain.
fAulAsc29,2021cicX11218823,father,M,F2,fAulAsc252,2021cicX13611517,F3,Tier_C_state_supported_leading_identity,False,False,True,True,tier_C,False,0.28475,0.1428571428571428,0.9090909090909092,fAulAsc29:0.285;fAulAsc10:0.209;fAulAsc71:0.190;fAulAsc107:0.061;fAulAsc28:0.042;fAulAsc34:0.038;fAulAsc99:0.026;fAulAsc38:0.026;fAulAsc97:0.025;fAulAsc129:0.023;fAulAsc82:0.017;fAulAsc17:0.016,,,,,one_observed_parent,1.0,1.0,1.0,one-observed-parent state supported; selected father identity remains below Tier B stability,Internal stability or leading rank is not breeding-record ground truth; Tier C identity is explicitly uncertain.
fAulAsc102,2021cicX11218920,father,M,F2,fAulAsc262,2021cicX13611518,F3,Tier_B_additional_identity,False,True,True,True,tier_B,False,0.666,1.0,1.0,fAulAsc102:0.666;fAulAsc26:0.154;fAulAsc52:0.048;fAulAsc100:0.035;fAulAsc125:0.023;fAulAsc138:0.021;fAulAsc90:0.010,,,,,one_observed_parent,1.0,1.0,1.0,Tier B chromosome-resampling identity stability,Internal stability or leading rank is not breeding-record ground truth; Tier C identity is explicitly uncertain.
fAulAsc10,2021cicX11218804,father,M,F2,fAulAsc265,2021cicX13611519,F3,Tier_C_state_supported_leading_identity,False,False,True,True,tier_C,False,0.41825,0.1428571428571428,0.9545454545454546,fAulAsc10:0.418;fAulAsc60:0.166;fAulAsc56:0.108;fAulAsc23:0.073;fAulAsc86:0.066;fAulAsc82:0.048;fAulAsc58:0.042;fAulAsc64:0.024;fAulAsc21:0.009,,,,,one_observed_parent,0.9995,1.0,1.0,one-observed-parent state supported; selected father identity remains below Tier B stability,Internal stability or leading rank is not breeding-record ground truth; Tier C identity is explicitly uncertain.
fAulAsc52,2021cicX11218846,father,M,F2,fAulAsc268,2021cicX13611520,F3,Tier_B_additional_identity,False,True,True,True,tier_B,False,0.54375,1.0,0.9545454545454546,fAulAsc52:0.544;fAulAsc6:0.193;fAulAsc2:0.079;fAulAsc25:0.071;fAulAsc100:0.069,,,,,one_observed_parent,1.0,1.0,1.0,Tier B chromosome-resampling identity stability,Internal stability or leading rank is not breeding-record ground truth; Tier C identity is explicitly uncertain.
fAulAsc122,2021cicX11218940,father,M,F2,fAulAsc271,2021cicX13611521,F3,Tier_C_state_supported_leading_identity,False,False,True,True,tier_C,False,0.4235,1.0,1.0,fAulAsc122:0.423;fAulAsc28:0.197;fAulAsc94:0.117;fAulAsc128:0.046;fAulAsc19:0.038;fAulAsc138:0.037;fAulAsc24:0.034;fAulAsc123:0.033;fAulAsc59:0.024;fAulAsc13:0.014,,,,,one_observed_parent,0.999,1.0,1.0,one-observed-parent state supported; selected father identity remains below Tier B stability,Internal stability or leading rank is not breeding-record ground truth; Tier C identity is explicitly uncertain.
fAulAsc96,2021cicX11218890,father,M,F2,fAulAsc254,2021cicX13611522,F3,Tier_C_state_supported_leading_identity,False,False,True,True,tier_C,False,0.374,0.1428571428571428,1.0,fAulAsc96:0.374;fAulAsc30:0.145;fAulAsc101:0.129;fAulAsc84:0.088;fAulAsc41:0.073;fAulAsc97:0.051;fAulAsc210:0.046;fAulAsc77:0.041;fAulAsc102:0.025,,,,,one_observed_parent,1.0,1.0,1.0,one-observed-parent state supported; selected father identity remains below Tier B stability,Internal stability or leading rank is not breeding-record ground truth; Tier C identity is explicitly uncertain.
fAulAsc142,2021cicX11218960,father,M,F2,fAulAsc256,2021cicX13611523,F3,Tier_C_state_supported_leading_identity,False,False,True,True,tier_C,False,0.15375,1.0,0.5454545454545454,fAulAsc91:0.273;fAulAsc142:0.154;fAulAsc62:0.106;fAulAsc32:0.093;fAulAsc123:0.085;fAulAsc52:0.080;fAulAsc125:0.032;fAulAsc29:0.032;fAulAsc53:0.026;fAulAsc100:0.023;fAulAsc107:0.020;fAulAsc86:0.019;fAulAsc24:0.013,,,,,one_observed_parent,1.0,1.0,1.0,one-observed-parent state supported; selected father identity remains below Tier B stability,Internal stability or leading rank is not breeding-record ground truth; Tier C identity is explicitly uncertain.
fAulAsc9,2021cicX11218803,father,M,F2,fAulAsc258,2021cicX13611524,F3,Tier_C_state_supported_leading_identity,False,False,True,True,tier_C,False,0.56375,0.1428571428571428,1.0,fAulAsc9:0.564;fAulAsc14:0.097;fAulAsc71:0.092;fAulAsc141:0.090;fAulAsc52:0.045;fAulAsc6:0.028;fAulAsc62:0.015;fAulAsc74:0.012;fAulAsc19:0.009,,,,,one_observed_parent,1.0,1.0,1.0,one-observed-parent state supported; selected father identity remains below Tier B stability,Internal stability or leading rank is not breeding-record ground truth; Tier C identity is explicitly uncertain.
fAulAsc58,2021cicX11218852,father,M,F2,fAulAsc260,2021cicX13611525,F3,Tier_C_state_supported_leading_identity,False,False,True,True,tier_C,False,0.4395,1.0,1.0,fAulAsc58:0.440;fAulAsc60:0.157;fAulAsc32:0.113;fAulAsc15:0.063;fAulAsc104:0.059;fAulAsc108:0.045;fAulAsc142:0.031;fAulAsc31:0.023;fAulAsc96:0.017;fAulAsc103:0.011,,,,,one_observed_parent,1.0,1.0,1.0,one-observed-parent state supported; selected father identity remains below Tier B stability,Internal stability or leading rank is not breeding-record ground truth; Tier C identity is explicitly uncertain.
fAulAsc58,2021cicX11218852,father,M,F2,fAulAsc263,2021cicX13611526,F3,Tier_C_state_supported_leading_identity,False,False,True,True,tier_C,False,0.1515,1.0,0.9545454545454546,fAulAsc14:0.194;fAulAsc94:0.163;fAulAsc100:0.160;fAulAsc58:0.151;fAulAsc82:0.100;fAulAsc141:0.085;fAulAsc38:0.080;fAulAsc71:0.017;fAulAsc64:0.014,,,,,one_observed_parent,0.99975,1.0,1.0,one-observed-parent state supported; selected father identity remains below Tier B stability,Internal stability or leading rank is not breeding-record ground truth; Tier C identity is explicitly uncertain.
fAulAsc71,2021cicX11218865,father,M,F2,fAulAsc266,2021cicX13611527,F3,Tier_C_state_supported_leading_identity,False,False,True,True,tier_C,False,0.3245,0.1428571428571428,0.9090909090909092,fAulAsc71:0.325;fAulAsc58:0.223;fAulAsc56:0.136;fAulAsc60:0.122;fAulAsc38:0.092;fAulAsc29:0.025;fAulAsc59:0.025;fAulAsc123:0.018,,,,,one_observed_parent,1.0,1.0,1.0,one-observed-parent state supported; selected father identity remains below Tier B stability,Internal stability or leading rank is not breeding-record ground truth; Tier C identity is explicitly uncertain.
fAulAsc106,2021cicX11218924,father,M,F2,fAulAsc269,2021cicX13611528,F3,Tier_C_state_supported_leading_identity,False,False,True,True,tier_C,False,0.31875,1.0,0.9545454545454546,fAulAsc106:0.319;fAulAsc59:0.248;fAulAsc10:0.111;fAulAsc62:0.083;fAulAsc128:0.059;fAulAsc26:0.054;fAulAsc23:0.048;fAulAsc28:0.023;fAulAsc11:0.022,,,,,one_observed_parent,1.0,1.0,1.0,one-observed-parent state supported; selected father identity remains below Tier B stability,Internal stability or leading rank is not breeding-record ground truth; Tier C identity is explicitly uncertain.
fAulAsc102,2021cicX11218920,father,M,F2,fAulAsc272,2021cicX13611529,F3,Tier_B_additional_identity,False,True,True,True,tier_B,False,0.60225,1.0,1.0,fAulAsc102:0.602;fAulAsc26:0.114;fAulAsc80:0.107;fAulAsc104:0.079;fAulAsc88:0.039;fAulAsc100:0.016,,,,,one_observed_parent,1.0,1.0,1.0,Tier B chromosome-resampling identity stability,Internal stability or leading rank is not breeding-record ground truth; Tier C identity is explicitly uncertain.
fAulAsc10,2021cicX11218804,father,M,F2,fAulAsc253,2021cicX13611530,F3,Tier_C_state_supported_leading_identity,False,False,True,True,tier_C,False,0.298,0.1428571428571428,0.8636363636363636,fAulAsc10:0.298;fAulAsc29:0.230;fAulAsc38:0.179;fAulAsc97:0.070;fAulAsc142:0.060;fAulAsc34:0.057;fAulAsc88:0.030;fAulAsc64:0.026;fAulAsc199:0.016,,,,,one_observed_parent,1.0,1.0,1.0,one-observed-parent state supported; selected father identity remains below Tier B stability,Internal stability or leading rank is not breeding-record ground truth; Tier C identity is explicitly uncertain.
fAulAsc60,2021cicX11218854,father,M,F2,fAulAsc255,2021cicX13611531,F3,Tier_C_state_supported_leading_identity,False,False,True,True,tier_C,False,0.327,1.0,0.8636363636363636,fAulAsc60:0.327;fAulAsc34:0.297;fAulAsc38:0.171;fAulAsc30:0.043;fAulAsc126:0.033;fAulAsc88:0.026;fAulAsc97:0.026;fAulAsc9:0.026,,,,,one_observed_parent,0.998,1.0,1.0,one-observed-parent state supported; selected father identity remains below Tier B stability,Internal stability or leading rank is not breeding-record ground truth; Tier C identity is explicitly uncertain.
fAulAsc102,2021cicX11218920,father,M,F2,fAulAsc257,2021cicX13611532,F3,Tier_B_additional_identity,False,True,True,True,tier_B,False,0.78025,1.0,1.0,fAulAsc102:0.780;fAulAsc6:0.102;fAulAsc26:0.049;fAulAsc32:0.037,,,,,one_observed_parent,1.0,1.0,1.0,Tier B chromosome-resampling identity stability,Internal stability or leading rank is not breeding-record ground truth; Tier C identity is explicitly uncertain.
fAulAsc60,2021cicX11218854,father,M,F2,fAulAsc259,2021cicX13611533,F3,Tier_B_additional_identity,False,True,True,True,tier_B,False,0.55075,1.0,1.0,fAulAsc60:0.551;fAulAsc38:0.152;fAulAsc1:0.132;fAulAsc29:0.057;fAulAsc21:0.039;fAulAsc74:0.027,,,,,one_observed_parent,0.99975,1.0,1.0,Tier B chromosome-resampling identity stability,Internal stability or leading rank is not breeding-record ground truth; Tier C identity is explicitly uncertain.
fAulAsc106,2021cicX11218924,father,M,F2,fAulAsc261,2021cicX13611534,F3,Tier_C_state_supported_leading_identity,False,False,True,True,tier_C,False,0.442,1.0,1.0,fAulAsc106:0.442;fAulAsc28:0.250;fAulAsc27:0.144;fAulAsc11:0.103;fAulAsc85:0.014,,,,,one_observed_parent,1.0,1.0,1.0,one-observed-parent state supported; selected father identity remains below Tier B stability,Internal stability or leading rank is not breeding-record ground truth; Tier C identity is explicitly uncertain.
fAulAsc46,2021cicX11218840,father,M,F2,fAulAsc264,2021cicX13611535,F3,Tier_C_state_supported_leading_identity,False,False,True,True,tier_C,False,0.33425,0.1428571428571428,0.9090909090909092,fAulAsc46:0.334;fAulAsc11:0.177;fAulAsc129:0.134;fAulAsc102:0.110;fAulAsc27:0.100;fAulAsc130:0.057;fAulAsc6:0.046,,,,,one_observed_parent,1.0,1.0,1.0,one-observed-parent state supported; selected father identity remains below Tier B stability,Internal stability or leading rank is not breeding-record ground truth; Tier C identity is explicitly uncertain.
fAulAsc102,2021cicX11218920,father,M,F2,fAulAsc267,2021cicX13611536,F3,Tier_B_additional_identity,False,True,True,True,tier_B,False,0.5405,1.0,1.0,fAulAsc102:0.540;fAulAsc12:0.103;fAulAsc123:0.092;fAulAsc46:0.081;fAulAsc9:0.062;fAulAsc86:0.047;fAulAsc96:0.042,,,,,one_observed_parent,1.0,1.0,1.0,Tier B chromosome-resampling identity stability,Internal stability or leading rank is not breeding-record ground truth; Tier C identity is explicitly uncertain.
fAulAsc91,2021cicX11218885,father,M,F2,fAulAsc270,2021cicX13611537,F3,Tier_B_additional_identity,False,True,True,True,tier_B,False,0.6325,1.0,1.0,fAulAsc91:0.632;fAulAsc6:0.145;fAulAsc53:0.120;fAulAsc81:0.060,,,,,one_observed_parent,1.0,1.0,1.0,Tier B chromosome-resampling identity stability,Internal stability or leading rank is not breeding-record ground truth; Tier C identity is explicitly uncertain.
fAulAsc103,2021cicX11218921,father,M,F2,fAulAsc273,2021cicX13611538,F3,Tier_C_state_supported_leading_identity,False,False,True,True,tier_C,False,0.25625,1.0,1.0,fAulAsc103:0.256;fAulAsc77:0.192;fAulAsc81:0.182;fAulAsc5:0.119;fAulAsc76:0.072;fAulAsc34:0.038;fAulAsc141:0.038;fAulAsc30:0.036;fAulAsc64:0.018,,,,,one_observed_parent,1.0,1.0,1.0,one-observed-parent state supported; selected father identity remains below Tier B stability,Internal stability or leading rank is not breeding-record ground truth; Tier C identity is explicitly uncertain.
fAulAsc52,2021cicX11218846,father,M,F2,fAulAsc275,2021cicX13611539,F3,Tier_C_state_supported_leading_identity,False,False,True,True,tier_C,False,0.239,1.0,0.9545454545454546,fAulAsc52:0.239;fAulAsc33:0.171;fAulAsc17:0.145;fAulAsc122:0.125;fAulAsc22:0.081;fAulAsc16:0.072;fAulAsc100:0.067;fAulAsc27:0.041;fAulAsc188:0.037,,,,,one_observed_parent,1.0,1.0,1.0,one-observed-parent state supported; selected father identity remains below Tier B stability,Internal stability or leading rank is not breeding-record ground truth; Tier C identity is explicitly uncertain.
fAulAsc102,2021cicX11218920,father,M,F2,fAulAsc277,2021cicX13611540,F3,Tier_B_additional_identity,False,True,True,True,tier_B,False,0.61075,1.0,1.0,fAulAsc102:0.611;fAulAsc6:0.102;fAulAsc3:0.093;fAulAsc26:0.067;fAulAsc25:0.048;fAulAsc52:0.028;fAulAsc131:0.022,,,,,one_observed_parent,1.0,1.0,1.0,Tier B chromosome-resampling identity stability,Internal stability or leading rank is not breeding-record ground truth; Tier C identity is explicitly uncertain.
fAulAsc177,2021cicX13178953,father,M,F2,fAulAsc279,2021cicX13611541,F3,Tier_B_additional_identity,False,True,True,True,tier_B,False,0.565,1.0,1.0,fAulAsc177:0.565;fAulAsc97:0.139;fAulAsc210:0.117;fAulAsc131:0.035;fAulAsc93:0.030;fAulAsc104:0.030;fAulAsc31:0.018;fAulAsc40:0.017,,,,,one_observed_parent,1.0,1.0,1.0,Tier B chromosome-resampling identity stability,Internal stability or leading rank is not breeding-record ground truth; Tier C identity is explicitly uncertain.
fAulAsc102,2021cicX11218920,father,M,F2,fAulAsc281,2021cicX13611542,F3,Tier_B_additional_identity,False,True,True,True,tier_B,False,0.8985,1.0,1.0,fAulAsc102:0.898;fAulAsc33:0.088,,,,,one_observed_parent,1.0,1.0,1.0,Tier B chromosome-resampling identity stability,Internal stability or leading rank is not breeding-record ground truth; Tier C identity is explicitly uncertain.
fAulAsc127,2021cicX11218945,father,M,F2,fAulAsc283,2021cicX13611543,F3,Tier_C_state_supported_leading_identity,False,False,True,True,tier_C,False,0.2595,0.1428571428571428,0.9090909090909092,fAulAsc127:0.260;fAulAsc94:0.191;fAulAsc56:0.180;fAulAsc45:0.129;fAulAsc38:0.114;fAulAsc60:0.071;fAulAsc123:0.023,,,,,one_observed_parent,1.0,1.0,1.0,one-observed-parent state supported; selected father identity remains below Tier B stability,Internal stability or leading rank is not breeding-record ground truth; Tier C identity is explicitly uncertain.
fAulAsc26,2021cicX11218820,father,M,F2,fAulAsc285,2021cicX13611544,F3,Tier_C_state_supported_leading_identity,False,False,True,True,tier_C,False,0.26025,0.1428571428571428,0.8181818181818182,fAulAsc11:0.271;fAulAsc26:0.260;fAulAsc21:0.067;fAulAsc10:0.066;fAulAsc71:0.060;fAulAsc62:0.056;fAulAsc99:0.038;fAulAsc13:0.034;fAulAsc32:0.024;fAulAsc106:0.022;fAulAsc9:0.020;fAulAsc55:0.017;fAulAsc8:0.017,,,,,one_observed_parent,1.0,1.0,1.0,one-observed-parent state supported; selected father identity remains below Tier B stability,Internal stability or leading rank is not breeding-record ground truth; Tier C identity is explicitly uncertain.
fAulAsc177,2021cicX13178953,father,M,F2,fAulAsc287,2021cicX13611545,F3,Tier_C_state_supported_leading_identity,False,False,True,True,tier_C,False,0.41275,1.0,0.9545454545454546,fAulAsc177:0.413;fAulAsc90:0.190;fAulAsc103:0.152;fAulAsc76:0.051;fAulAsc60:0.045;fAulAsc136:0.038;fAulAsc188:0.020;fAulAsc6:0.018;fAulAsc80:0.018;fAulAsc97:0.015,,,,,one_observed_parent,1.0,1.0,1.0,one-observed-parent state supported; selected father identity remains below Tier B stability,Internal stability or leading rank is not breeding-record ground truth; Tier C identity is explicitly uncertain.
fAulAsc106,2021cicX11218924,father,M,F2,fAulAsc274,2021cicX13611546,F3,Tier_B_additional_identity,False,True,True,True,tier_B,False,0.5815,1.0,1.0,fAulAsc106:0.582;fAulAsc22:0.143;fAulAsc10:0.061;fAulAsc19:0.053;fAulAsc82:0.049;fAulAsc11:0.036;fAulAsc86:0.034,,,,,one_observed_parent,1.0,1.0,1.0,Tier B chromosome-resampling identity stability,Internal stability or leading rank is not breeding-record ground truth; Tier C identity is explicitly uncertain.
fAulAsc60,2021cicX11218854,father,M,F2,fAulAsc276,2021cicX13611547,F3,Tier_C_state_supported_leading_identity,False,False,True,True,tier_C,False,0.45725,1.0,0.9090909090909092,fAulAsc60:0.457;fAulAsc10:0.227;fAulAsc122:0.083;fAulAsc50:0.054;fAulAsc82:0.051;fAulAsc38:0.040;fAulAsc81:0.029;fAulAsc107:0.020,,,,,one_observed_parent,1.0,1.0,1.0,one-observed-parent state supported; selected father identity remains below Tier B stability,Internal stability or leading rank is not breeding-record ground truth; Tier C identity is explicitly uncertain.
fAulAsc10,2021cicX11218804,father,M,F2,fAulAsc278,2021cicX13611548,F3,Tier_C_state_supported_leading_identity,False,False,True,True,tier_C,False,0.37,0.1428571428571428,0.9545454545454546,fAulAsc10:0.370;fAulAsc62:0.195;fAulAsc82:0.137;fAulAsc14:0.109;fAulAsc60:0.069;fAulAsc64:0.043;fAulAsc21:0.039,,,,,one_observed_parent,0.94525,1.0,1.0,one-observed-parent state supported; selected father identity remains below Tier B stability,Internal stability or leading rank is not breeding-record ground truth; Tier C identity is explicitly uncertain.
fAulAsc79,2021cicX11218873,father,M,F2,fAulAsc280,2021cicX13611549,F3,Tier_C_state_supported_leading_identity,False,False,True,True,tier_C,False,0.42325,0.1428571428571428,0.8636363636363636,fAulAsc79:0.423;fAulAsc52:0.318;fAulAsc11:0.134;fAulAsc14:0.030;fAulAsc38:0.026;fAulAsc53:0.025,,,,,one_observed_parent,1.0,1.0,1.0,one-observed-parent state supported; selected father identity remains below Tier B stability,Internal stability or leading rank is not breeding-record ground truth; Tier C identity is explicitly uncertain.
fAulAsc122,2021cicX11218940,father,M,F2,fAulAsc282,2021cicX13611550,F3,Tier_C_state_supported_leading_identity,False,False,True,True,tier_C,False,0.11325,0.8571428571428571,0.9090909090909092,fAulAsc28:0.209;fAulAsc61:0.190;fAulAsc94:0.155;fAulAsc88:0.141;fAulAsc122:0.113;fAulAsc51:0.043;fAulAsc78:0.038;fAulAsc81:0.022;fAulAsc104:0.019;fAulAsc23:0.018;fAulAsc123:0.015,,,,,one_observed_parent,1.0,1.0,1.0,one-observed-parent state supported; selected father identity remains below Tier B stability,Internal stability or leading rank is not breeding-record ground truth; Tier C identity is explicitly uncertain.
fAulAsc102,2021cicX11218920,father,M,F2,fAulAsc284,2021cicX13611551,F3,Tier_B_additional_identity,False,True,True,True,tier_B,False,0.54925,1.0,0.9545454545454546,fAulAsc102:0.549;fAulAsc26:0.191;fAulAsc32:0.136;fAulAsc101:0.080,,,,,one_observed_parent,1.0,1.0,1.0,Tier B chromosome-resampling identity stability,Internal stability or leading rank is not breeding-record ground truth; Tier C identity is explicitly uncertain.
fAulAsc102,2021cicX11218920,father,M,F2,fAulAsc286,2021cicX13611552,F3,Tier_C_state_supported_leading_identity,False,False,True,True,tier_C,False,0.27275,1.0,0.9545454545454546,fAulAsc102:0.273;fAulAsc129:0.204;fAulAsc46:0.175;fAulAsc101:0.130;fAulAsc210:0.099;fAulAsc6:0.024;fAulAsc126:0.023;fAulAsc104:0.020;fAulAsc62:0.016,,,,,one_observed_parent,1.0,1.0,1.0,one-observed-parent state supported; selected father identity remains below Tier B stability,Internal stability or leading rank is not breeding-record ground truth; Tier C identity is explicitly uncertain.
fAulAsc52,2021cicX11218846,father,M,F2,fAulAsc288,2021cicX13611553,F3,Tier_B_additional_identity,False,True,True,True,tier_B,False,0.889,1.0,1.0,fAulAsc52:0.889;fAulAsc6:0.034;fAulAsc53:0.032,,,,,one_observed_parent,1.0,1.0,1.0,Tier B chromosome-resampling identity stability,Internal stability or leading rank is not breeding-record ground truth; Tier C identity is explicitly uncertain.
