EntityID,Sample,Alias,SantosID,EntityType,MetadataGeneration,PedigreeGeneration,Sex,Parent1,Parent2,Parent1Alias,Parent2Alias,CandidateParent1,CandidateParent2,CandidateParent1Alias,CandidateParent2Alias,Parent1Role,Parent2Role,Parent1Alternatives95,Parent2Alternatives95,PairAlternatives95,Parent1Stable,Parent2Stable,ExactPairStable,ExactPairBootstrapFraction,Parent1BootstrapFraction,Parent2BootstrapFraction,RawTwoParentVsReducedLoglik,RawTwoParentPreferred,InferenceModel,EvidenceStatus,MissingBiologicalParentCount,Notes,EvidencePolicy,EvidenceTier,ParentCountMAPState,ParentCountStable,AggregationNote
2021cicX13178998,2021cicX13178998,fTroAst1,X_AcTm_1,sequenced_individual,F2,F2,M,2021cicX13611460,2021cicX13611470,fTroAst25,fTroAst38,2021cicX13611460,2021cicX13611470,fTroAst25,fTroAst38,father,mother,fTroAst25:0.839;fTroAst18:0.111;fTroAst11:0.025,fTroAst38:0.550;fTroAst12:0.450,fTroAst25+fTroAst38:0.523;fTroAst25+fTroAst12:0.316;fTroAst18+fTroAst12:0.100;fTroAst11+fTroAst12:0.017,True,True,True,0.523,0.8385,0.5505,-667764.229328475,False,v9_v7_state_model__nested_cross_fitted_identity_evidence__full_marker_dosage_heterozygosity_preserving_phase__sex_specific_rate,two_parent__C_father_stable_mother_ambiguous,0,"T08 child painting is a correlated cross-check, not an independent likelihood. Invariant calls agree across the individual and selected soft-prevalence models, marker densities, leave-one-chromosome analyses, model sensitivities, and the painted-child transmission cross-check.",Tier_B_5_of_7_variants__18_of_22_LOCO,B_exact_pair,two_parent,True,"v7 broad evidence plus nested chromosome-cross-fitted contrast, dosage-preserving read phase, and recombination deltas"
2021cicX13178999,2021cicX13178999,fTroAst9,X_AcTm_2,sequenced_individual,F2,F2,M,2021cicX13611458,2021cicX13611466,fTroAst11,fTroAst12,2021cicX13611458,2021cicX13611466,fTroAst11,fTroAst12,father,mother,fTroAst11:0.646;fTroAst25:0.268;fTroAst18:0.079,fTroAst12:0.797;fTroAst38:0.129;fTroAst44:0.068,fTroAst11+fTroAst12:0.561;fTroAst25+fTroAst12:0.228;fTroAst18+fTroAst38:0.073;fTroAst11+fTroAst44:0.063;fTroAst25+fTroAst38:0.035,True,True,True,0.5615,0.6455,0.797,-749106.3289043996,False,v9_v7_state_model__nested_cross_fitted_identity_evidence__full_marker_dosage_heterozygosity_preserving_phase__sex_specific_rate,two_parent__A_exact_multigeneration_stable,0,"T08 child painting is a correlated cross-check, not an independent likelihood. Invariant calls agree across the individual and selected soft-prevalence models, marker densities, leave-one-chromosome analyses, model sensitivities, and the painted-child transmission cross-check.",Tier_B_5_of_7_variants__18_of_22_LOCO,A_exact_pair,two_parent,True,"v7 broad evidence plus nested chromosome-cross-fitted contrast, dosage-preserving read phase, and recombination deltas"
2021cicX13179000,2021cicX13179000,fTroAst2,X_AcTm_3,sequenced_individual,F2,F2,M,2021cicX13611464,2021cicX13611466,fTroAst49,fTroAst12,2021cicX13611464,2021cicX13611466,fTroAst49,fTroAst12,father,mother,fTroAst49:0.572;fTroAst55:0.255;fTroAst43:0.171,fTroAst12:0.809;fTroAst38:0.191,fTroAst49+fTroAst12:0.558;fTroAst55+fTroAst38:0.173;fTroAst43+fTroAst12:0.168;fTroAst55+fTroAst12:0.082,True,True,True,0.5585,0.572,0.809,-674368.3919705111,False,v9_v7_state_model__nested_cross_fitted_identity_evidence__full_marker_dosage_heterozygosity_preserving_phase__sex_specific_rate,two_parent__A_exact_multigeneration_stable,0,"T08 child painting is a correlated cross-check, not an independent likelihood. Invariant calls agree across the individual and selected soft-prevalence models, marker densities, leave-one-chromosome analyses, model sensitivities, and the painted-child transmission cross-check.",Tier_B_5_of_7_variants__18_of_22_LOCO,A_exact_pair,two_parent,True,"v7 broad evidence plus nested chromosome-cross-fitted contrast, dosage-preserving read phase, and recombination deltas"
2021cicX13179001,2021cicX13179001,fTroAst3,X_AcTm_4,sequenced_individual,F2,F2,M,2021cicX13611458,2021cicX13611466,fTroAst11,fTroAst12,2021cicX13611458,2021cicX13611466,fTroAst11,fTroAst12,father,mother,fTroAst11:0.747;fTroAst25:0.178;fTroAst18:0.069,fTroAst12:0.555;fTroAst38:0.350;fTroAst32:0.041;fTroAst19:0.029,fTroAst11+fTroAst12:0.513;fTroAst25+fTroAst38:0.178;fTroAst11+fTroAst38:0.157;fTroAst11+fTroAst32:0.040;fTroAst18+fTroAst12:0.039;fTroAst11+fTroAst19:0.030,True,True,True,0.513,0.7465,0.555,-556279.7796172262,False,v9_v7_state_model__nested_cross_fitted_identity_evidence__full_marker_dosage_heterozygosity_preserving_phase__sex_specific_rate,two_parent__A_exact_multigeneration_stable,0,"T08 child painting is a correlated cross-check, not an independent likelihood. Invariant calls agree across the individual and selected soft-prevalence models, marker densities, leave-one-chromosome analyses, model sensitivities, and the painted-child transmission cross-check.",Tier_B_5_of_7_variants__18_of_22_LOCO,A_exact_pair,two_parent,True,"v7 broad evidence plus nested chromosome-cross-fitted contrast, dosage-preserving read phase, and recombination deltas"
2021cicX13179002,2021cicX13179002,fTroAst4,X_AcTm_5,sequenced_individual,F2,F2,M,,2021cicX13611466,,fTroAst12,2021cicX13611458,2021cicX13611466,fTroAst11,fTroAst12,father,mother,fTroAst11:0.425;fTroAst25:0.291;fTroAst18:0.260,fTroAst12:0.688;fTroAst44:0.169;fTroAst38:0.079;fTroAst32:0.022,fTroAst11+fTroAst12:0.282;fTroAst25+fTroAst12:0.222;fTroAst18+fTroAst12:0.162;fTroAst11+fTroAst44:0.112;fTroAst25+fTroAst38:0.070;fTroAst18+fTroAst44:0.057;fTroAst43+fTroAst12:0.022;fTroAst11+fTroAst19:0.018;fTroAst18+fTroAst32:0.018,False,True,False,0.282,0.4255,0.688,-721930.3888609214,False,v9_v7_state_model__nested_cross_fitted_identity_evidence__full_marker_dosage_heterozygosity_preserving_phase__sex_specific_rate,two_parent__C_mother_stable_father_ambiguous,1,"T08 child painting is a correlated cross-check, not an independent likelihood. Invariant calls agree across the individual and selected soft-prevalence models, marker densities, leave-one-chromosome analyses, model sensitivities, and the painted-child transmission cross-check.",Tier_B_5_of_7_variants__18_of_22_LOCO,A_one_parent_identity,two_parent,True,"v7 broad evidence plus nested chromosome-cross-fitted contrast, dosage-preserving read phase, and recombination deltas"
2021cicX13179003,2021cicX13179003,fTroAst5,X_AcTm_6,sequenced_individual,F2,F2,M,,2021cicX13611466,,fTroAst12,2021cicX13611458,2021cicX13611466,fTroAst11,fTroAst12,father,mother,fTroAst11:0.468;fTroAst25:0.382;fTroAst18:0.117,fTroAst12:0.995,fTroAst11+fTroAst12:0.467;fTroAst25+fTroAst12:0.378;fTroAst18+fTroAst12:0.117,False,True,False,0.467,0.468,0.995,-372512.6358047975,False,v9_v7_state_model__nested_cross_fitted_identity_evidence__full_marker_dosage_heterozygosity_preserving_phase__sex_specific_rate,two_parent__C_mother_stable_father_ambiguous,1,"T08 child painting is a correlated cross-check, not an independent likelihood. Invariant calls agree across the individual and selected soft-prevalence models, marker densities, leave-one-chromosome analyses, model sensitivities, and the painted-child transmission cross-check.",Tier_B_5_of_7_variants__18_of_22_LOCO,A_one_parent_identity,two_parent,True,"v7 broad evidence plus nested chromosome-cross-fitted contrast, dosage-preserving read phase, and recombination deltas"
2021cicX13179004,2021cicX13179004,fTroAst6,X_AcTm_7,sequenced_individual,F2,F2,M,,,,,2021cicX13611458,2021cicX13611466,fTroAst11,fTroAst12,father,mother,fTroAst18:0.456;fTroAst11:0.318;fTroAst49:0.107;fTroAst25:0.089,fTroAst12:0.633;fTroAst38:0.366,fTroAst18+fTroAst38:0.251;fTroAst11+fTroAst12:0.250;fTroAst18+fTroAst12:0.204;fTroAst49+fTroAst12:0.107;fTroAst25+fTroAst12:0.071;fTroAst11+fTroAst38:0.067,False,False,False,0.25,0.456,0.6325,-674648.451844906,False,v9_v7_state_model__nested_cross_fitted_identity_evidence__full_marker_dosage_heterozygosity_preserving_phase__sex_specific_rate,two_parent__E_competing_parental_hypotheses,2,"T08 child painting is a correlated cross-check, not an independent likelihood. Invariant calls agree across the individual and selected soft-prevalence models, marker densities, leave-one-chromosome analyses, model sensitivities, and the painted-child transmission cross-check.",Tier_B_5_of_7_variants__18_of_22_LOCO,C_not_yet_defined,two_parent,True,"v7 broad evidence plus nested chromosome-cross-fitted contrast, dosage-preserving read phase, and recombination deltas"
2021cicX13179005,2021cicX13179005,fTroAst7,X_AcTm_8,sequenced_individual,F2,F2,M,,2021cicX13611470,,fTroAst38,2021cicX13611460,2021cicX13611470,fTroAst25,fTroAst38,father,mother,fTroAst25:0.396;fTroAst31:0.197;fTroAst18:0.178;fTroAst11:0.142;fTroAst49:0.050,fTroAst38:0.598;fTroAst12:0.403,fTroAst25+fTroAst38:0.308;fTroAst31+fTroAst38:0.186;fTroAst18+fTroAst12:0.158;fTroAst11+fTroAst12:0.092;fTroAst25+fTroAst12:0.089;fTroAst11+fTroAst38:0.050;fTroAst49+fTroAst12:0.050;fTroAst55+fTroAst38:0.032,False,True,False,0.3075,0.396,0.5975,-761132.6934228218,False,v9_v7_state_model__nested_cross_fitted_identity_evidence__full_marker_dosage_heterozygosity_preserving_phase__sex_specific_rate,two_parent__E_competing_parental_hypotheses,1,"T08 child painting is a correlated cross-check, not an independent likelihood. Invariant calls agree across the individual and selected soft-prevalence models, marker densities, leave-one-chromosome analyses, model sensitivities, and the painted-child transmission cross-check.",Tier_B_5_of_7_variants__18_of_22_LOCO,B_one_parent_identity,two_parent,True,"v7 broad evidence plus nested chromosome-cross-fitted contrast, dosage-preserving read phase, and recombination deltas"
2021cicX13179006,2021cicX13179006,fTroAst8,X_AcTm_9,sequenced_individual,F2,F2,M,2021cicX13611465,2021cicX13611470,fTroAst55,fTroAst38,2021cicX13611465,2021cicX13611470,fTroAst55,fTroAst38,father,mother,fTroAst55:0.546;fTroAst43:0.240;fTroAst31:0.145;fTroAst49:0.068,fTroAst38:0.778;fTroAst12:0.221,fTroAst55+fTroAst38:0.516;fTroAst43+fTroAst38:0.183;fTroAst31+fTroAst38:0.072;fTroAst31+fTroAst12:0.071;fTroAst49+fTroAst12:0.061;fTroAst43+fTroAst12:0.058,True,True,True,0.516,0.5465,0.778,-919548.165778853,False,v9_v7_state_model__nested_cross_fitted_identity_evidence__full_marker_dosage_heterozygosity_preserving_phase__sex_specific_rate,two_parent__C_mother_stable_father_ambiguous,0,"T08 child painting is a correlated cross-check, not an independent likelihood. Invariant calls agree across the individual and selected soft-prevalence models, marker densities, leave-one-chromosome analyses, model sensitivities, and the painted-child transmission cross-check.",Tier_B_5_of_7_variants__18_of_22_LOCO,B_exact_pair,two_parent,True,"v7 broad evidence plus nested chromosome-cross-fitted contrast, dosage-preserving read phase, and recombination deltas"
2021cicX13179007,2021cicX13179007,fTroAst10,X_AcTm_10,sequenced_individual,F2,F2,M,2021cicX13611459,2021cicX13611468,fTroAst18,fTroAst26,2021cicX13611459,2021cicX13611468,fTroAst18,fTroAst26,father,mother,fTroAst18:0.707;fTroAst11:0.227;fTroAst25:0.067,fTroAst26:1.000,fTroAst18+fTroAst26:0.706;fTroAst11+fTroAst26:0.227;fTroAst25+fTroAst26:0.067,True,True,True,0.706,0.7065,0.9995,-437954.0558803952,False,v9_v7_state_model__nested_cross_fitted_identity_evidence__full_marker_dosage_heterozygosity_preserving_phase__sex_specific_rate,two_parent__A_exact_multigeneration_stable,0,"T08 child painting is a correlated cross-check, not an independent likelihood. Invariant calls agree across the individual and selected soft-prevalence models, marker densities, leave-one-chromosome analyses, model sensitivities, and the painted-child transmission cross-check.",Tier_B_5_of_7_variants__18_of_22_LOCO,A_exact_pair,two_parent,True,"v7 broad evidence plus nested chromosome-cross-fitted contrast, dosage-preserving read phase, and recombination deltas"
2021cicX13611474,2021cicX13611474,fTroAst13,X_AcTm_11,sequenced_individual,F2,F2,M,2021cicX13611460,2021cicX13611466,fTroAst25,fTroAst12,2021cicX13611460,2021cicX13611466,fTroAst25,fTroAst12,father,mother,fTroAst25:0.523;fTroAst11:0.364;fTroAst18:0.079,fTroAst12:1.000,fTroAst25+fTroAst12:0.523;fTroAst11+fTroAst12:0.363;fTroAst18+fTroAst12:0.079,True,True,True,0.5225,0.5225,0.9995,-581071.6491602454,False,v9_v7_state_model__nested_cross_fitted_identity_evidence__full_marker_dosage_heterozygosity_preserving_phase__sex_specific_rate,two_parent__C_mother_stable_father_ambiguous,0,"T08 child painting is a correlated cross-check, not an independent likelihood. Invariant calls agree across the individual and selected soft-prevalence models, marker densities, leave-one-chromosome analyses, model sensitivities, and the painted-child transmission cross-check.",Tier_B_5_of_7_variants__18_of_22_LOCO,B_exact_pair,two_parent,True,"v7 broad evidence plus nested chromosome-cross-fitted contrast, dosage-preserving read phase, and recombination deltas"
2021cicX13611475,2021cicX13611475,fTroAst20,X_AcTm_12,sequenced_individual,F2,F2,M,2021cicX13611459,2021cicX13611468,fTroAst18,fTroAst26,2021cicX13611459,2021cicX13611468,fTroAst18,fTroAst26,father,mother,fTroAst18:0.533;fTroAst11:0.289;fTroAst25:0.157,fTroAst26:0.979,fTroAst18+fTroAst26:0.513;fTroAst11+fTroAst26:0.289;fTroAst25+fTroAst26:0.156,True,True,True,0.5125,0.5325,0.9785,-576735.1652147374,False,v9_v7_state_model__nested_cross_fitted_identity_evidence__full_marker_dosage_heterozygosity_preserving_phase__sex_specific_rate,two_parent__C_mother_stable_father_ambiguous,0,"T08 child painting is a correlated cross-check, not an independent likelihood. Invariant calls agree across the individual and selected soft-prevalence models, marker densities, leave-one-chromosome analyses, model sensitivities, and the painted-child transmission cross-check.",Tier_B_5_of_7_variants__18_of_22_LOCO,B_exact_pair,two_parent,True,"v7 broad evidence plus nested chromosome-cross-fitted contrast, dosage-preserving read phase, and recombination deltas"
2021cicX13611476,2021cicX13611476,fTroAst27,X_AcTm_13,sequenced_individual,F2,F2,M,2021cicX13611458,2021cicX13611467,fTroAst11,fTroAst19,2021cicX13611458,2021cicX13611467,fTroAst11,fTroAst19,father,mother,fTroAst11:0.607;fTroAst18:0.237;fTroAst25:0.151,fTroAst19:0.998,fTroAst11+fTroAst19:0.605;fTroAst18+fTroAst19:0.237;fTroAst25+fTroAst19:0.151,True,True,True,0.6045,0.6065,0.9975,-493451.0530224065,False,v9_v7_state_model__nested_cross_fitted_identity_evidence__full_marker_dosage_heterozygosity_preserving_phase__sex_specific_rate,two_parent__C_mother_stable_father_ambiguous,0,"T08 child painting is a correlated cross-check, not an independent likelihood. Invariant calls agree across the individual and selected soft-prevalence models, marker densities, leave-one-chromosome analyses, model sensitivities, and the painted-child transmission cross-check.",Tier_B_5_of_7_variants__18_of_22_LOCO,B_exact_pair,two_parent,True,"v7 broad evidence plus nested chromosome-cross-fitted contrast, dosage-preserving read phase, and recombination deltas"
2021cicX13611477,2021cicX13611477,fTroAst33,X_AcTm_14,sequenced_individual,F2,F2,M,2021cicX13611464,2021cicX13611466,fTroAst49,fTroAst12,2021cicX13611464,2021cicX13611466,fTroAst49,fTroAst12,father,mother,fTroAst49:0.667;fTroAst55:0.175;fTroAst31:0.065;fTroAst43:0.050,fTroAst12:0.766;fTroAst38:0.191,fTroAst49+fTroAst12:0.601;fTroAst55+fTroAst38:0.119;fTroAst55+fTroAst12:0.050;fTroAst43+fTroAst12:0.045;fTroAst49+fTroAst38:0.043;fTroAst31+fTroAst12:0.040;fTroAst25+fTroAst12:0.029;fTroAst31+fTroAst38:0.024,True,True,True,0.6005,0.6675,0.7665,-589220.3452053522,False,v9_v7_state_model__nested_cross_fitted_identity_evidence__full_marker_dosage_heterozygosity_preserving_phase__sex_specific_rate,two_parent__A_exact_multigeneration_stable,0,"T08 child painting is a correlated cross-check, not an independent likelihood. Invariant calls agree across the individual and selected soft-prevalence models, marker densities, leave-one-chromosome analyses, model sensitivities, and the painted-child transmission cross-check.",Tier_B_5_of_7_variants__18_of_22_LOCO,A_exact_pair,two_parent,True,"v7 broad evidence plus nested chromosome-cross-fitted contrast, dosage-preserving read phase, and recombination deltas"
2021cicX13611478,2021cicX13611478,fTroAst39,X_AcTm_15,sequenced_individual,F2,F2,M,,2021cicX13611466,,fTroAst12,,2021cicX13611466,,fTroAst12,father,mother,no observed father in leading parent-count state,fTroAst12:0.946;fTroAst38:0.054,fTroAst49+fTroAst12:0.381;fTroAst18+fTroAst12:0.283;fTroAst55+fTroAst38:0.215;fTroAst18+fTroAst38:0.035;fTroAst11+fTroAst38:0.021;fTroAst25+fTroAst12:0.013;fTroAst55+fTroAst12:0.012,False,True,False,0.381,,0.9455,-830524.7150297305,False,v9_v7_state_model__nested_cross_fitted_identity_evidence__full_marker_dosage_heterozygosity_preserving_phase__sex_specific_rate,U_parent_count_or_identity_unresolved,1,"T08 child painting is a correlated cross-check, not an independent likelihood. Invariant calls agree across the individual and selected soft-prevalence models, marker densities, leave-one-chromosome analyses, model sensitivities, and the painted-child transmission cross-check.",Tier_B_5_of_7_variants__18_of_22_LOCO,B_one_parent_identity,mother_only,False,"v7 broad evidence plus nested chromosome-cross-fitted contrast, dosage-preserving read phase, and recombination deltas"
2021cicX13611479,2021cicX13611479,fTroAst45,X_AcTm_16,sequenced_individual,F2,F2,M,2021cicX13611459,2021cicX13611468,fTroAst18,fTroAst26,2021cicX13611459,2021cicX13611468,fTroAst18,fTroAst26,father,mother,fTroAst18:0.635;fTroAst11:0.186;fTroAst25:0.129;fTroAst31:0.042,fTroAst26:0.957,fTroAst18+fTroAst26:0.591;fTroAst11+fTroAst26:0.186;fTroAst25+fTroAst26:0.128;fTroAst18+fTroAst44:0.042;fTroAst31+fTroAst26:0.042,True,True,True,0.5915,0.635,0.9565,-547533.6695073424,False,v9_v7_state_model__nested_cross_fitted_identity_evidence__full_marker_dosage_heterozygosity_preserving_phase__sex_specific_rate,two_parent__A_exact_multigeneration_stable,0,"T08 child painting is a correlated cross-check, not an independent likelihood. Invariant calls agree across the individual and selected soft-prevalence models, marker densities, leave-one-chromosome analyses, model sensitivities, and the painted-child transmission cross-check.",Tier_B_5_of_7_variants__18_of_22_LOCO,A_exact_pair,two_parent,True,"v7 broad evidence plus nested chromosome-cross-fitted contrast, dosage-preserving read phase, and recombination deltas"
2021cicX13611480,2021cicX13611480,fTroAst51,X_AcTm_17,sequenced_individual,F2,F2,M,2021cicX13611459,,fTroAst18,,2021cicX13611459,2021cicX13611473,fTroAst18,fTroAst56,father,mother,fTroAst18:0.721;fTroAst25:0.111;fTroAst11:0.089;fTroAst37:0.058,fTroAst56:0.392;fTroAst26:0.194;fTroAst44:0.142;fTroAst12:0.104;fTroAst19:0.060;fTroAst32:0.059,fTroAst18+fTroAst56:0.379;fTroAst18+fTroAst26:0.138;fTroAst18+fTroAst44:0.090;fTroAst37+fTroAst12:0.053;fTroAst25+fTroAst44:0.050;fTroAst11+fTroAst26:0.044;fTroAst18+fTroAst12:0.035;fTroAst18+fTroAst19:0.035;fTroAst25+fTroAst32:0.029;fTroAst18+fTroAst50:0.028;fTroAst11+fTroAst19:0.024;fTroAst11+fTroAst32:0.018;fTroAst49+fTroAst12:0.015;fTroAst25+fTroAst26:0.013,True,False,False,0.379,0.7205,0.3915,-618094.6937922798,False,v9_v7_state_model__nested_cross_fitted_identity_evidence__full_marker_dosage_heterozygosity_preserving_phase__sex_specific_rate,B_parent_count_ambiguous_shared_parent_identity_stable,1,"T08 child painting is a correlated cross-check, not an independent likelihood. Invariant calls agree across the individual and selected soft-prevalence models, marker densities, leave-one-chromosome analyses, model sensitivities, and the painted-child transmission cross-check.",Tier_B_5_of_7_variants__18_of_22_LOCO,A_one_parent_identity,two_parent,False,"v7 broad evidence plus nested chromosome-cross-fitted contrast, dosage-preserving read phase, and recombination deltas"
2021cicX13611481,2021cicX13611481,fTroAst57,X_AcTm_18,sequenced_individual,F2,F2,M,,2021cicX13611473,,fTroAst56,,2021cicX13611473,,fTroAst56,father,mother,no observed father in leading parent-count state,fTroAst56:0.715;fTroAst32:0.104;fTroAst19:0.093;fTroAst50:0.073,fTroAst11+fTroAst19:0.406;fTroAst25+fTroAst32:0.167;fTroAst25+fTroAst56:0.141;fTroAst11+fTroAst56:0.131;fTroAst11+fTroAst32:0.084;fTroAst37+fTroAst12:0.035,False,True,False,0.4065,,0.715,-679414.060001852,False,v9_v7_state_model__nested_cross_fitted_identity_evidence__full_marker_dosage_heterozygosity_preserving_phase__sex_specific_rate,A_mother_only_state_and_identity_stable,1,"T08 child painting is a correlated cross-check, not an independent likelihood. Invariant calls agree across the individual and selected soft-prevalence models, marker densities, leave-one-chromosome analyses, model sensitivities, and the painted-child transmission cross-check.",Tier_B_5_of_7_variants__18_of_22_LOCO,A_one_parent_identity,mother_only,True,"v7 broad evidence plus nested chromosome-cross-fitted contrast, dosage-preserving read phase, and recombination deltas"
2021cicX13611482,2021cicX13611482,fTroAst14,X_AcTm_19,sequenced_individual,F2,F2,M,2021cicX13611459,2021cicX13611466,fTroAst18,fTroAst12,2021cicX13611459,2021cicX13611466,fTroAst18,fTroAst12,father,mother,fTroAst18:0.653;fTroAst11:0.242;fTroAst25:0.106,fTroAst12:0.569;fTroAst38:0.428,fTroAst18+fTroAst12:0.500;fTroAst11+fTroAst38:0.173;fTroAst18+fTroAst38:0.151;fTroAst25+fTroAst38:0.105;fTroAst11+fTroAst12:0.068,True,True,False,0.4995,0.6525,0.5685,-658940.6942948205,False,v9_v7_state_model__nested_cross_fitted_identity_evidence__full_marker_dosage_heterozygosity_preserving_phase__sex_specific_rate,two_parent__E_competing_parental_hypotheses,0,"T08 child painting is a correlated cross-check, not an independent likelihood. Invariant calls agree across the individual and selected soft-prevalence models, marker densities, leave-one-chromosome analyses, model sensitivities, and the painted-child transmission cross-check.",Tier_B_5_of_7_variants__18_of_22_LOCO,B_both_parent_identities_pair_ambiguous,two_parent,True,"v7 broad evidence plus nested chromosome-cross-fitted contrast, dosage-preserving read phase, and recombination deltas"
2021cicX13611483,2021cicX13611483,fTroAst21,X_AcTm_20,sequenced_individual,F2,F2,M,2021cicX13611458,,fTroAst11,,2021cicX13611458,2021cicX13611473,fTroAst11,fTroAst56,father,mother,fTroAst11:0.591;fTroAst25:0.289;fTroAst43:0.054;fTroAst37:0.047,fTroAst56:0.483;fTroAst32:0.231;fTroAst19:0.183;fTroAst44:0.057,fTroAst11+fTroAst56:0.322;fTroAst11+fTroAst32:0.135;fTroAst25+fTroAst56:0.127;fTroAst11+fTroAst19:0.117;fTroAst25+fTroAst32:0.095;fTroAst25+fTroAst44:0.037;fTroAst37+fTroAst38:0.036;fTroAst43+fTroAst19:0.035;fTroAst25+fTroAst19:0.030;fTroAst11+fTroAst44:0.018,True,False,False,0.3215,0.591,0.483,-649168.3221733938,False,v9_v7_state_model__nested_cross_fitted_identity_evidence__full_marker_dosage_heterozygosity_preserving_phase__sex_specific_rate,two_parent__C_father_stable_mother_ambiguous,1,"T08 child painting is a correlated cross-check, not an independent likelihood. Invariant calls agree across the individual and selected soft-prevalence models, marker densities, leave-one-chromosome analyses, model sensitivities, and the painted-child transmission cross-check.",Tier_B_5_of_7_variants__18_of_22_LOCO,A_one_parent_identity,two_parent,True,"v7 broad evidence plus nested chromosome-cross-fitted contrast, dosage-preserving read phase, and recombination deltas"
2021cicX13611484,2021cicX13611484,fTroAst28,X_AcTm_21,sequenced_individual,F2,F2,M,,2021cicX13611466,,fTroAst12,2021cicX13611464,2021cicX13611466,fTroAst49,fTroAst12,father,mother,fTroAst49:0.704;fTroAst18:0.108;fTroAst25:0.085;fTroAst31:0.069,fTroAst12:0.821;fTroAst38:0.172,fTroAst49+fTroAst12:0.660;fTroAst18+fTroAst12:0.100;fTroAst25+fTroAst38:0.071;fTroAst31+fTroAst12:0.047;fTroAst49+fTroAst38:0.043;fTroAst31+fTroAst38:0.021;fTroAst43+fTroAst38:0.015,False,True,False,0.6605,0.7035,0.821,-796795.7712214398,False,v9_v7_state_model__nested_cross_fitted_identity_evidence__full_marker_dosage_heterozygosity_preserving_phase__sex_specific_rate,B_parent_count_ambiguous_shared_parent_identity_stable,1,"T08 child painting is a correlated cross-check, not an independent likelihood. Invariant calls agree across the individual and selected soft-prevalence models, marker densities, leave-one-chromosome analyses, model sensitivities, and the painted-child transmission cross-check.",Tier_B_5_of_7_variants__18_of_22_LOCO,A_one_parent_identity,two_parent,False,"v7 broad evidence plus nested chromosome-cross-fitted contrast, dosage-preserving read phase, and recombination deltas"
2021cicX13611485,2021cicX13611485,fTroAst34,X_AcTm_22,sequenced_individual,F2,F2,M,2021cicX13611458,,fTroAst11,,2021cicX13611458,2021cicX13611468,fTroAst11,fTroAst26,father,mother,fTroAst11:0.640;fTroAst25:0.172;fTroAst18:0.107;fTroAst37:0.079,fTroAst26:0.324;fTroAst19:0.298;fTroAst56:0.195;fTroAst32:0.071;fTroAst38:0.046;fTroAst12:0.032,fTroAst11+fTroAst26:0.322;fTroAst11+fTroAst19:0.290;fTroAst18+fTroAst56:0.099;fTroAst25+fTroAst56:0.092;fTroAst25+fTroAst32:0.046;fTroAst37+fTroAst38:0.046;fTroAst37+fTroAst12:0.032;fTroAst11+fTroAst32:0.018;fTroAst25+fTroAst44:0.018,True,False,False,0.322,0.64,0.3235,-804427.1162257944,False,v9_v7_state_model__nested_cross_fitted_identity_evidence__full_marker_dosage_heterozygosity_preserving_phase__sex_specific_rate,two_parent__C_father_stable_mother_ambiguous,1,"T08 child painting is a correlated cross-check, not an independent likelihood. Invariant calls agree across the individual and selected soft-prevalence models, marker densities, leave-one-chromosome analyses, model sensitivities, and the painted-child transmission cross-check.",Tier_B_5_of_7_variants__18_of_22_LOCO,A_one_parent_identity,two_parent,True,"v7 broad evidence plus nested chromosome-cross-fitted contrast, dosage-preserving read phase, and recombination deltas"
2021cicX13611486,2021cicX13611486,fTroAst40,X_AcTm_23,sequenced_individual,F2,F2,M,,2021cicX13611470,,fTroAst38,2021cicX13611465,2021cicX13611470,fTroAst55,fTroAst38,father,mother,fTroAst25:0.355;fTroAst55:0.270;fTroAst43:0.211;fTroAst31:0.070;fTroAst11:0.048,fTroAst38:0.572;fTroAst12:0.417,fTroAst55+fTroAst38:0.241;fTroAst25+fTroAst12:0.180;fTroAst25+fTroAst38:0.173;fTroAst43+fTroAst12:0.124;fTroAst43+fTroAst38:0.087;fTroAst31+fTroAst38:0.038;fTroAst31+fTroAst12:0.033;fTroAst55+fTroAst12:0.030;fTroAst11+fTroAst12:0.028;fTroAst18+fTroAst12:0.023,False,True,False,0.2405,0.355,0.5715,-586298.8552082377,False,v9_v7_state_model__nested_cross_fitted_identity_evidence__full_marker_dosage_heterozygosity_preserving_phase__sex_specific_rate,U_parent_count_or_identity_unresolved,1,"T08 child painting is a correlated cross-check, not an independent likelihood. Invariant calls agree across the individual and selected soft-prevalence models, marker densities, leave-one-chromosome analyses, model sensitivities, and the painted-child transmission cross-check.",Tier_B_5_of_7_variants__18_of_22_LOCO,B_one_parent_identity,two_parent,False,"v7 broad evidence plus nested chromosome-cross-fitted contrast, dosage-preserving read phase, and recombination deltas"
2021cicX13611487,2021cicX13611487,fTroAst46,X_AcTm_24,sequenced_individual,F2,F2,M,,,,,2021cicX13611463,2021cicX13611470,fTroAst43,fTroAst38,father,mother,fTroAst43:0.390;fTroAst25:0.312;fTroAst31:0.115;fTroAst18:0.078;fTroAst11:0.049;fTroAst49:0.034,fTroAst12:0.603;fTroAst38:0.392,fTroAst43+fTroAst38:0.333;fTroAst25+fTroAst12:0.296;fTroAst31+fTroAst12:0.086;fTroAst18+fTroAst12:0.078;fTroAst43+fTroAst12:0.057;fTroAst49+fTroAst12:0.034;fTroAst11+fTroAst12:0.032;fTroAst31+fTroAst38:0.029;fTroAst55+fTroAst12:0.021,False,False,False,0.3325,0.3895,0.6025,-807590.9280460072,False,v9_v7_state_model__nested_cross_fitted_identity_evidence__full_marker_dosage_heterozygosity_preserving_phase__sex_specific_rate,U_parent_count_or_identity_unresolved,2,"T08 child painting is a correlated cross-check, not an independent likelihood. Invariant calls agree across the individual and selected soft-prevalence models, marker densities, leave-one-chromosome analyses, model sensitivities, and the painted-child transmission cross-check.",Tier_B_5_of_7_variants__18_of_22_LOCO,C_not_yet_defined,two_parent,False,"v7 broad evidence plus nested chromosome-cross-fitted contrast, dosage-preserving read phase, and recombination deltas"
2021cicX13611488,2021cicX13611488,fTroAst52,X_AcTm_25,sequenced_individual,F2,F2,M,2021cicX13611460,2021cicX13611466,fTroAst25,fTroAst12,2021cicX13611460,2021cicX13611466,fTroAst25,fTroAst12,father,mother,fTroAst25:0.761;fTroAst31:0.101;fTroAst11:0.079;fTroAst43:0.041,fTroAst12:0.601;fTroAst38:0.380,fTroAst25+fTroAst12:0.538;fTroAst25+fTroAst38:0.204;fTroAst31+fTroAst38:0.087;fTroAst11+fTroAst38:0.044;fTroAst43+fTroAst38:0.038;fTroAst11+fTroAst12:0.035;fTroAst25+fTroAst44:0.020,True,True,True,0.538,0.7615,0.6005,-576597.2833818868,False,v9_v7_state_model__nested_cross_fitted_identity_evidence__full_marker_dosage_heterozygosity_preserving_phase__sex_specific_rate,two_parent__C_father_stable_mother_ambiguous,0,"T08 child painting is a correlated cross-check, not an independent likelihood. Invariant calls agree across the individual and selected soft-prevalence models, marker densities, leave-one-chromosome analyses, model sensitivities, and the painted-child transmission cross-check.",Tier_B_5_of_7_variants__18_of_22_LOCO,B_exact_pair,two_parent,True,"v7 broad evidence plus nested chromosome-cross-fitted contrast, dosage-preserving read phase, and recombination deltas"
2021cicX13611489,2021cicX13611489,fTroAst58,X_AcTm_26,sequenced_individual,F2,F2,M,,2021cicX13611468,,fTroAst26,,2021cicX13611468,,fTroAst26,father,mother,no observed father in leading parent-count state,fTroAst26:1.000,fTroAst25+fTroAst26:0.556;fTroAst11+fTroAst26:0.270;fTroAst18+fTroAst26:0.145,False,True,False,0.556,,1.0,-663797.9950089045,False,v9_v7_state_model__nested_cross_fitted_identity_evidence__full_marker_dosage_heterozygosity_preserving_phase__sex_specific_rate,A_mother_only_state_and_identity_stable,1,"T08 child painting is a correlated cross-check, not an independent likelihood. Invariant calls agree across the individual and selected soft-prevalence models, marker densities, leave-one-chromosome analyses, model sensitivities, and the painted-child transmission cross-check.",Tier_B_5_of_7_variants__18_of_22_LOCO,A_one_parent_identity,mother_only,True,"v7 broad evidence plus nested chromosome-cross-fitted contrast, dosage-preserving read phase, and recombination deltas"
2021cicX13611490,2021cicX13611490,fTroAst15,X_AcTm_27,sequenced_individual,F2,F2,M,2021cicX13611458,2021cicX13611473,fTroAst11,fTroAst56,2021cicX13611458,2021cicX13611473,fTroAst11,fTroAst56,father,mother,fTroAst11:0.940;fTroAst37:0.053,fTroAst56:0.509;fTroAst32:0.143;fTroAst50:0.102;fTroAst26:0.101;fTroAst19:0.050;fTroAst44:0.042;fTroAst38:0.036,fTroAst11+fTroAst56:0.505;fTroAst11+fTroAst32:0.144;fTroAst11+fTroAst50:0.101;fTroAst11+fTroAst26:0.099;fTroAst11+fTroAst19:0.050;fTroAst11+fTroAst44:0.042;fTroAst37+fTroAst38:0.037,True,True,True,0.505,0.9395,0.5095,-899112.2576273074,False,v9_v7_state_model__nested_cross_fitted_identity_evidence__full_marker_dosage_heterozygosity_preserving_phase__sex_specific_rate,two_parent__A_exact_multigeneration_stable,0,"T08 child painting is a correlated cross-check, not an independent likelihood. Invariant calls agree across the individual and selected soft-prevalence models, marker densities, leave-one-chromosome analyses, model sensitivities, and the painted-child transmission cross-check.",Tier_B_5_of_7_variants__18_of_22_LOCO,A_exact_pair,two_parent,True,"v7 broad evidence plus nested chromosome-cross-fitted contrast, dosage-preserving read phase, and recombination deltas"
2021cicX13611491,2021cicX13611491,fTroAst22,X_AcTm_28,sequenced_individual,F2,F2,M,2021cicX13611463,2021cicX13611466,fTroAst43,fTroAst12,2021cicX13611463,2021cicX13611466,fTroAst43,fTroAst12,father,mother,fTroAst43:1.000,fTroAst12:0.731;fTroAst38:0.178;fTroAst32:0.058,fTroAst43+fTroAst12:0.731;fTroAst43+fTroAst38:0.178;fTroAst43+fTroAst32:0.058,True,True,True,0.731,0.9995,0.731,-648144.7112715775,False,v9_v7_state_model__nested_cross_fitted_identity_evidence__full_marker_dosage_heterozygosity_preserving_phase__sex_specific_rate,two_parent__A_exact_multigeneration_stable,0,"T08 child painting is a correlated cross-check, not an independent likelihood. Invariant calls agree across the individual and selected soft-prevalence models, marker densities, leave-one-chromosome analyses, model sensitivities, and the painted-child transmission cross-check.",Tier_B_5_of_7_variants__18_of_22_LOCO,A_exact_pair,two_parent,True,"v7 broad evidence plus nested chromosome-cross-fitted contrast, dosage-preserving read phase, and recombination deltas"
2021cicX13611492,2021cicX13611492,fTroAst29,X_AcTm_29,sequenced_individual,F2,F2,M,2021cicX13611465,2021cicX13611470,fTroAst55,fTroAst38,2021cicX13611465,2021cicX13611470,fTroAst55,fTroAst38,father,mother,fTroAst55:0.888;fTroAst31:0.079,fTroAst38:0.774;fTroAst12:0.224,fTroAst55+fTroAst38:0.758;fTroAst55+fTroAst12:0.129;fTroAst31+fTroAst12:0.066,True,True,True,0.758,0.8875,0.774,-657832.9812094225,False,v9_v7_state_model__nested_cross_fitted_identity_evidence__full_marker_dosage_heterozygosity_preserving_phase__sex_specific_rate,two_parent__A_exact_multigeneration_stable,0,"T08 child painting is a correlated cross-check, not an independent likelihood. Invariant calls agree across the individual and selected soft-prevalence models, marker densities, leave-one-chromosome analyses, model sensitivities, and the painted-child transmission cross-check.",Tier_B_5_of_7_variants__18_of_22_LOCO,A_exact_pair,two_parent,True,"v7 broad evidence plus nested chromosome-cross-fitted contrast, dosage-preserving read phase, and recombination deltas"
2021cicX13611493,2021cicX13611493,fTroAst35,X_AcTm_30,sequenced_individual,F2,F2,M,2021cicX13611459,2021cicX13611473,fTroAst18,fTroAst56,2021cicX13611459,2021cicX13611473,fTroAst18,fTroAst56,father,mother,fTroAst18:0.757;fTroAst37:0.184;fTroAst11:0.057,fTroAst56:0.568;fTroAst12:0.142;fTroAst50:0.090;fTroAst26:0.059;fTroAst32:0.048;fTroAst19:0.044,fTroAst18+fTroAst56:0.565;fTroAst37+fTroAst12:0.142;fTroAst18+fTroAst50:0.086;fTroAst18+fTroAst26:0.058;fTroAst37+fTroAst38:0.041;fTroAst11+fTroAst19:0.024;fTroAst11+fTroAst32:0.024;fTroAst18+fTroAst32:0.023,True,True,True,0.5645,0.7575,0.5675,-580252.3058406641,False,v9_v7_state_model__nested_cross_fitted_identity_evidence__full_marker_dosage_heterozygosity_preserving_phase__sex_specific_rate,two_parent__A_exact_multigeneration_stable,0,"T08 child painting is a correlated cross-check, not an independent likelihood. Invariant calls agree across the individual and selected soft-prevalence models, marker densities, leave-one-chromosome analyses, model sensitivities, and the painted-child transmission cross-check.",Tier_B_5_of_7_variants__18_of_22_LOCO,A_exact_pair,two_parent,True,"v7 broad evidence plus nested chromosome-cross-fitted contrast, dosage-preserving read phase, and recombination deltas"
2021cicX13611494,2021cicX13611494,fTroAst41,X_AcTm_31,sequenced_individual,F2,F2,M,2021cicX13611458,2021cicX13611468,fTroAst11,fTroAst26,2021cicX13611458,2021cicX13611468,fTroAst11,fTroAst26,father,mother,fTroAst11:0.726;fTroAst25:0.161;fTroAst43:0.095,fTroAst26:0.990,fTroAst11+fTroAst26:0.726;fTroAst25+fTroAst26:0.158;fTroAst43+fTroAst26:0.095,True,True,True,0.726,0.726,0.9895,-533827.5070079886,False,v9_v7_state_model__nested_cross_fitted_identity_evidence__full_marker_dosage_heterozygosity_preserving_phase__sex_specific_rate,two_parent__A_exact_multigeneration_stable,0,"T08 child painting is a correlated cross-check, not an independent likelihood. Invariant calls agree across the individual and selected soft-prevalence models, marker densities, leave-one-chromosome analyses, model sensitivities, and the painted-child transmission cross-check.",Tier_B_5_of_7_variants__18_of_22_LOCO,A_exact_pair,two_parent,True,"v7 broad evidence plus nested chromosome-cross-fitted contrast, dosage-preserving read phase, and recombination deltas"
2021cicX13611495,2021cicX13611495,fTroAst47,X_AcTm_32,sequenced_individual,F2,F2,M,2021cicX13611463,,fTroAst43,,2021cicX13611463,2021cicX13611469,fTroAst43,fTroAst32,father,mother,fTroAst43:1.000,fTroAst32:0.314;fTroAst50:0.304;fTroAst26:0.194;fTroAst19:0.157,fTroAst43+fTroAst32:0.314;fTroAst43+fTroAst50:0.304;fTroAst43+fTroAst26:0.194;fTroAst43+fTroAst19:0.157,True,False,False,0.314,0.9995,0.314,-488376.8245185334,False,v9_v7_state_model__nested_cross_fitted_identity_evidence__full_marker_dosage_heterozygosity_preserving_phase__sex_specific_rate,two_parent__C_father_stable_mother_ambiguous,1,"T08 child painting is a correlated cross-check, not an independent likelihood. Invariant calls agree across the individual and selected soft-prevalence models, marker densities, leave-one-chromosome analyses, model sensitivities, and the painted-child transmission cross-check.",Tier_B_5_of_7_variants__18_of_22_LOCO,A_one_parent_identity,two_parent,True,"v7 broad evidence plus nested chromosome-cross-fitted contrast, dosage-preserving read phase, and recombination deltas"
2021cicX13611496,2021cicX13611496,fTroAst53,X_AcTm_33,sequenced_individual,F2,F2,M,2021cicX13611458,2021cicX13611467,fTroAst11,fTroAst19,2021cicX13611458,2021cicX13611467,fTroAst11,fTroAst19,father,mother,fTroAst11:0.846;fTroAst18:0.105,fTroAst19:1.000,fTroAst11+fTroAst19:0.846;fTroAst18+fTroAst19:0.105,True,True,True,0.846,0.846,0.9995,-544304.0969049498,False,v9_v7_state_model__nested_cross_fitted_identity_evidence__full_marker_dosage_heterozygosity_preserving_phase__sex_specific_rate,two_parent__A_exact_multigeneration_stable,0,"T08 child painting is a correlated cross-check, not an independent likelihood. Invariant calls agree across the individual and selected soft-prevalence models, marker densities, leave-one-chromosome analyses, model sensitivities, and the painted-child transmission cross-check.",Tier_B_5_of_7_variants__18_of_22_LOCO,A_exact_pair,two_parent,True,"v7 broad evidence plus nested chromosome-cross-fitted contrast, dosage-preserving read phase, and recombination deltas"
2021cicX13611497,2021cicX13611497,fTroAst59,X_AcTm_34,sequenced_individual,F2,F2,M,,,,,2021cicX13611460,2021cicX13611473,fTroAst25,fTroAst56,father,mother,fTroAst25:0.485;fTroAst11:0.417;fTroAst37:0.079,fTroAst56:0.351;fTroAst19:0.301;fTroAst32:0.094;fTroAst44:0.091;fTroAst26:0.075;fTroAst38:0.059,fTroAst25+fTroAst56:0.341;fTroAst11+fTroAst19:0.291;fTroAst25+fTroAst32:0.063;fTroAst11+fTroAst26:0.062;fTroAst37+fTroAst38:0.059;fTroAst25+fTroAst44:0.051;fTroAst11+fTroAst32:0.031;fTroAst11+fTroAst44:0.025;fTroAst37+fTroAst12:0.018;fTroAst25+fTroAst26:0.013,False,False,False,0.341,0.4855,0.351,-741068.460284425,False,v9_v7_state_model__nested_cross_fitted_identity_evidence__full_marker_dosage_heterozygosity_preserving_phase__sex_specific_rate,two_parent__E_competing_parental_hypotheses,2,"T08 child painting is a correlated cross-check, not an independent likelihood. Invariant calls agree across the individual and selected soft-prevalence models, marker densities, leave-one-chromosome analyses, model sensitivities, and the painted-child transmission cross-check.",Tier_B_5_of_7_variants__18_of_22_LOCO,C_not_yet_defined,two_parent,True,"v7 broad evidence plus nested chromosome-cross-fitted contrast, dosage-preserving read phase, and recombination deltas"
2021cicX13611498,2021cicX13611498,fTroAst16,X_AcTm_35,sequenced_individual,F2,F2,M,,,,,2021cicX13611459,2021cicX13611473,fTroAst18,fTroAst56,father,mother,fTroAst37:0.346;fTroAst18:0.323;fTroAst11:0.161;fTroAst25:0.161,fTroAst56:0.348;fTroAst12:0.229;fTroAst32:0.169;fTroAst38:0.127;fTroAst19:0.045;fTroAst44:0.035,fTroAst18+fTroAst56:0.240;fTroAst37+fTroAst12:0.220;fTroAst37+fTroAst38:0.127;fTroAst25+fTroAst56:0.076;fTroAst25+fTroAst32:0.068;fTroAst18+fTroAst32:0.052;fTroAst11+fTroAst32:0.048;fTroAst11+fTroAst19:0.043;fTroAst11+fTroAst56:0.030;fTroAst11+fTroAst26:0.025;fTroAst18+fTroAst44:0.019;fTroAst25+fTroAst44:0.010,False,False,False,0.2405,0.346,0.348,-753760.296339158,False,v9_v7_state_model__nested_cross_fitted_identity_evidence__full_marker_dosage_heterozygosity_preserving_phase__sex_specific_rate,U_parent_count_or_identity_unresolved,2,"T08 child painting is a correlated cross-check, not an independent likelihood. Invariant calls agree across the individual and selected soft-prevalence models, marker densities, leave-one-chromosome analyses, model sensitivities, and the painted-child transmission cross-check.",Tier_B_5_of_7_variants__18_of_22_LOCO,C_not_yet_defined,two_parent,False,"v7 broad evidence plus nested chromosome-cross-fitted contrast, dosage-preserving read phase, and recombination deltas"
2021cicX13611499,2021cicX13611499,fTroAst23,X_AcTm_36,sequenced_individual,F2,F2,M,2021cicX13611459,2021cicX13611468,fTroAst18,fTroAst26,2021cicX13611459,2021cicX13611468,fTroAst18,fTroAst26,father,mother,fTroAst18:0.738;fTroAst25:0.145;fTroAst11:0.089,fTroAst26:0.522;fTroAst50:0.209;fTroAst19:0.152;fTroAst12:0.038;fTroAst56:0.036,fTroAst18+fTroAst26:0.452;fTroAst18+fTroAst50:0.149;fTroAst18+fTroAst19:0.062;fTroAst25+fTroAst50:0.051;fTroAst25+fTroAst19:0.048;fTroAst11+fTroAst19:0.043;fTroAst25+fTroAst26:0.039;fTroAst18+fTroAst44:0.034;fTroAst11+fTroAst26:0.032;fTroAst18+fTroAst56:0.029;fTroAst37+fTroAst12:0.026,True,True,False,0.4515,0.7375,0.5225,-679874.3915716074,False,v9_v7_state_model__nested_cross_fitted_identity_evidence__full_marker_dosage_heterozygosity_preserving_phase__sex_specific_rate,two_parent__B_both_parents_stable_pair_ambiguous,0,"T08 child painting is a correlated cross-check, not an independent likelihood. Invariant calls agree across the individual and selected soft-prevalence models, marker densities, leave-one-chromosome analyses, model sensitivities, and the painted-child transmission cross-check.",Tier_B_5_of_7_variants__18_of_22_LOCO,A_both_parent_identities_pair_ambiguous,two_parent,True,"v7 broad evidence plus nested chromosome-cross-fitted contrast, dosage-preserving read phase, and recombination deltas"
2021cicX13611500,2021cicX13611500,fTroAst30,X_AcTm_37,sequenced_individual,F2,F2,M,2021cicX13611463,,fTroAst43,,2021cicX13611463,2021cicX13611471,fTroAst43,fTroAst44,father,mother,fTroAst43:0.995,fTroAst12:0.417;fTroAst44:0.289;fTroAst32:0.145;fTroAst19:0.071;fTroAst26:0.045,fTroAst43+fTroAst12:0.414;fTroAst43+fTroAst44:0.289;fTroAst43+fTroAst32:0.145;fTroAst43+fTroAst19:0.071;fTroAst43+fTroAst26:0.045,True,False,False,0.2895,0.995,0.4175,-597685.2299108678,False,v9_v7_state_model__nested_cross_fitted_identity_evidence__full_marker_dosage_heterozygosity_preserving_phase__sex_specific_rate,B_parent_count_ambiguous_shared_parent_identity_stable,1,"T08 child painting is a correlated cross-check, not an independent likelihood. Invariant calls agree across the individual and selected soft-prevalence models, marker densities, leave-one-chromosome analyses, model sensitivities, and the painted-child transmission cross-check.",Tier_B_5_of_7_variants__18_of_22_LOCO,A_one_parent_identity,two_parent,False,"v7 broad evidence plus nested chromosome-cross-fitted contrast, dosage-preserving read phase, and recombination deltas"
2021cicX13611501,2021cicX13611501,fTroAst36,X_AcTm_38,sequenced_individual,F2,F2,M,,2021cicX13611466,,fTroAst12,2021cicX13611464,2021cicX13611466,fTroAst49,fTroAst12,father,mother,fTroAst49:0.447;fTroAst18:0.339;fTroAst55:0.096;fTroAst31:0.086,fTroAst12:0.815;fTroAst38:0.185,fTroAst49+fTroAst12:0.443;fTroAst18+fTroAst12:0.257;fTroAst18+fTroAst38:0.082;fTroAst55+fTroAst38:0.071;fTroAst31+fTroAst12:0.061;fTroAst43+fTroAst12:0.028;fTroAst31+fTroAst38:0.025,False,True,False,0.443,0.4465,0.815,-750336.7115903818,False,v9_v7_state_model__nested_cross_fitted_identity_evidence__full_marker_dosage_heterozygosity_preserving_phase__sex_specific_rate,two_parent__C_mother_stable_father_ambiguous,1,"T08 child painting is a correlated cross-check, not an independent likelihood. Invariant calls agree across the individual and selected soft-prevalence models, marker densities, leave-one-chromosome analyses, model sensitivities, and the painted-child transmission cross-check.",Tier_B_5_of_7_variants__18_of_22_LOCO,A_one_parent_identity,two_parent,True,"v7 broad evidence plus nested chromosome-cross-fitted contrast, dosage-preserving read phase, and recombination deltas"
2021cicX13611502,2021cicX13611502,fTroAst42,X_AcTm_39,sequenced_individual,F2,F2,M,2021cicX13611459,2021cicX13611466,fTroAst18,fTroAst12,2021cicX13611459,2021cicX13611466,fTroAst18,fTroAst12,father,mother,fTroAst18:0.969,fTroAst12:0.951,fTroAst18+fTroAst12:0.927;fTroAst18+fTroAst38:0.041,True,True,True,0.9275,0.9685,0.951,-491973.642965653,False,v9_v7_state_model__nested_cross_fitted_identity_evidence__full_marker_dosage_heterozygosity_preserving_phase__sex_specific_rate,two_parent__A_exact_multigeneration_stable,0,"T08 child painting is a correlated cross-check, not an independent likelihood. Invariant calls agree across the individual and selected soft-prevalence models, marker densities, leave-one-chromosome analyses, model sensitivities, and the painted-child transmission cross-check.",Tier_B_5_of_7_variants__18_of_22_LOCO,A_exact_pair,two_parent,True,"v7 broad evidence plus nested chromosome-cross-fitted contrast, dosage-preserving read phase, and recombination deltas"
2021cicX13611503,2021cicX13611503,fTroAst48,X_AcTm_40,sequenced_individual,F2,F2,M,,,,,2021cicX13611459,2021cicX13611473,fTroAst18,fTroAst56,father,mother,fTroAst25:0.370;fTroAst18:0.342;fTroAst11:0.162;fTroAst37:0.120,fTroAst56:0.384;fTroAst32:0.174;fTroAst26:0.141;fTroAst44:0.082;fTroAst38:0.070;fTroAst50:0.059;fTroAst12:0.051,fTroAst18+fTroAst56:0.288;fTroAst25+fTroAst32:0.165;fTroAst11+fTroAst26:0.110;fTroAst25+fTroAst56:0.088;fTroAst37+fTroAst38:0.069;fTroAst25+fTroAst44:0.060;fTroAst37+fTroAst12:0.051;fTroAst25+fTroAst50:0.030;fTroAst25+fTroAst26:0.026;fTroAst11+fTroAst19:0.022;fTroAst11+fTroAst50:0.021;fTroAst18+fTroAst44:0.021,False,False,False,0.288,0.37,0.3835,-647964.1304702149,False,v9_v7_state_model__nested_cross_fitted_identity_evidence__full_marker_dosage_heterozygosity_preserving_phase__sex_specific_rate,two_parent__E_competing_parental_hypotheses,2,"T08 child painting is a correlated cross-check, not an independent likelihood. Invariant calls agree across the individual and selected soft-prevalence models, marker densities, leave-one-chromosome analyses, model sensitivities, and the painted-child transmission cross-check.",Tier_B_5_of_7_variants__18_of_22_LOCO,C_not_yet_defined,two_parent,True,"v7 broad evidence plus nested chromosome-cross-fitted contrast, dosage-preserving read phase, and recombination deltas"
2021cicX13611504,2021cicX13611504,fTroAst54,X_AcTm_41,sequenced_individual,F2,F2,M,2021cicX13611459,2021cicX13611470,fTroAst18,fTroAst38,2021cicX13611459,2021cicX13611470,fTroAst18,fTroAst38,father,mother,fTroAst18:0.518;fTroAst25:0.321;fTroAst11:0.127,fTroAst38:0.772;fTroAst12:0.205,fTroAst18+fTroAst38:0.377;fTroAst25+fTroAst38:0.271;fTroAst18+fTroAst12:0.133;fTroAst11+fTroAst38:0.089;fTroAst25+fTroAst12:0.042;fTroAst43+fTroAst38:0.032;fTroAst11+fTroAst12:0.030,True,True,False,0.3765,0.5175,0.772,-560258.916371794,False,v9_v7_state_model__nested_cross_fitted_identity_evidence__full_marker_dosage_heterozygosity_preserving_phase__sex_specific_rate,two_parent__C_mother_stable_father_ambiguous,0,"T08 child painting is a correlated cross-check, not an independent likelihood. Invariant calls agree across the individual and selected soft-prevalence models, marker densities, leave-one-chromosome analyses, model sensitivities, and the painted-child transmission cross-check.",Tier_B_5_of_7_variants__18_of_22_LOCO,B_both_parent_identities_pair_ambiguous,two_parent,True,"v7 broad evidence plus nested chromosome-cross-fitted contrast, dosage-preserving read phase, and recombination deltas"
2021cicX13611505,2021cicX13611505,fTroAst60,X_AcTm_42,sequenced_individual,F2,F2,M,,2021cicX13611466,,fTroAst12,2021cicX13611458,2021cicX13611466,fTroAst11,fTroAst12,father,mother,fTroAst11:0.382;fTroAst18:0.327;fTroAst25:0.242,fTroAst12:0.707;fTroAst38:0.149;fTroAst32:0.056;fTroAst44:0.053,fTroAst18+fTroAst12:0.282;fTroAst11+fTroAst12:0.247;fTroAst25+fTroAst12:0.130;fTroAst25+fTroAst38:0.113;fTroAst11+fTroAst32:0.056;fTroAst43+fTroAst12:0.045;fTroAst11+fTroAst44:0.031;fTroAst11+fTroAst38:0.023;fTroAst18+fTroAst44:0.023;fTroAst11+fTroAst19:0.018,False,True,False,0.247,0.382,0.707,-715195.417216938,False,v9_v7_state_model__nested_cross_fitted_identity_evidence__full_marker_dosage_heterozygosity_preserving_phase__sex_specific_rate,two_parent__C_mother_stable_father_ambiguous,1,"T08 child painting is a correlated cross-check, not an independent likelihood. Invariant calls agree across the individual and selected soft-prevalence models, marker densities, leave-one-chromosome analyses, model sensitivities, and the painted-child transmission cross-check.",Tier_B_5_of_7_variants__18_of_22_LOCO,A_one_parent_identity,two_parent,True,"v7 broad evidence plus nested chromosome-cross-fitted contrast, dosage-preserving read phase, and recombination deltas"
2021cicX13611506,2021cicX13611506,fTroAst17,X_AcTm_43,sequenced_individual,F2,F2,M,,2021cicX13611473,,fTroAst56,2021cicX13611460,2021cicX13611473,fTroAst25,fTroAst56,father,mother,fTroAst25:0.472;fTroAst18:0.233;fTroAst37:0.173;fTroAst11:0.107,fTroAst56:0.624;fTroAst12:0.146;fTroAst26:0.075;fTroAst32:0.067;fTroAst38:0.030;fTroAst44:0.028,fTroAst25+fTroAst56:0.423;fTroAst18+fTroAst56:0.200;fTroAst37+fTroAst12:0.142;fTroAst11+fTroAst26:0.065;fTroAst25+fTroAst32:0.037;fTroAst37+fTroAst38:0.030;fTroAst18+fTroAst44:0.026;fTroAst11+fTroAst32:0.022;fTroAst11+fTroAst19:0.011,False,True,False,0.4235,0.472,0.624,-651129.653883737,False,v9_v7_state_model__nested_cross_fitted_identity_evidence__full_marker_dosage_heterozygosity_preserving_phase__sex_specific_rate,two_parent__C_mother_stable_father_ambiguous,1,"T08 child painting is a correlated cross-check, not an independent likelihood. Invariant calls agree across the individual and selected soft-prevalence models, marker densities, leave-one-chromosome analyses, model sensitivities, and the painted-child transmission cross-check.",Tier_B_5_of_7_variants__18_of_22_LOCO,A_one_parent_identity,two_parent,True,"v7 broad evidence plus nested chromosome-cross-fitted contrast, dosage-preserving read phase, and recombination deltas"
2021cicX13611507,2021cicX13611507,fTroAst24,X_AcTm_44,sequenced_individual,F2,F2,M,,,,,2021cicX13611462,2021cicX13611470,fTroAst37,fTroAst38,father,mother,fTroAst37:0.386;fTroAst18:0.206;fTroAst11:0.176;fTroAst31:0.101;fTroAst25:0.073;fTroAst49:0.041,fTroAst56:0.389;fTroAst38:0.264;fTroAst44:0.214;fTroAst12:0.124,fTroAst37+fTroAst38:0.264;fTroAst18+fTroAst56:0.192;fTroAst11+fTroAst44:0.139;fTroAst37+fTroAst12:0.119;fTroAst31+fTroAst56:0.085;fTroAst25+fTroAst56:0.057;fTroAst11+fTroAst56:0.035;fTroAst49+fTroAst44:0.035;fTroAst25+fTroAst44:0.016;fTroAst18+fTroAst44:0.013,False,False,False,0.264,0.386,0.3885,-785071.2225316241,False,v9_v7_state_model__nested_cross_fitted_identity_evidence__full_marker_dosage_heterozygosity_preserving_phase__sex_specific_rate,U_parent_count_or_identity_unresolved,2,"T08 child painting is a correlated cross-check, not an independent likelihood. Invariant calls agree across the individual and selected soft-prevalence models, marker densities, leave-one-chromosome analyses, model sensitivities, and the painted-child transmission cross-check.",Tier_B_5_of_7_variants__18_of_22_LOCO,C_not_yet_defined,two_parent,False,"v7 broad evidence plus nested chromosome-cross-fitted contrast, dosage-preserving read phase, and recombination deltas"
2021cicX13611508,2021cicX13611508,fTroAst61,X_AcTm_45,sequenced_individual,F2,F2,M,2021cicX13611463,2021cicX13611466,fTroAst43,fTroAst12,2021cicX13611463,2021cicX13611466,fTroAst43,fTroAst12,father,mother,fTroAst43:1.000,fTroAst12:0.541;fTroAst32:0.383;fTroAst38:0.032,fTroAst43+fTroAst12:0.541;fTroAst43+fTroAst32:0.383;fTroAst43+fTroAst38:0.032,True,True,True,0.541,0.9995,0.5415,-576822.7926024366,False,v9_v7_state_model__nested_cross_fitted_identity_evidence__full_marker_dosage_heterozygosity_preserving_phase__sex_specific_rate,two_parent__C_father_stable_mother_ambiguous,0,"T08 child painting is a correlated cross-check, not an independent likelihood. Invariant calls agree across the individual and selected soft-prevalence models, marker densities, leave-one-chromosome analyses, model sensitivities, and the painted-child transmission cross-check.",Tier_B_5_of_7_variants__18_of_22_LOCO,B_exact_pair,two_parent,True,"v7 broad evidence plus nested chromosome-cross-fitted contrast, dosage-preserving read phase, and recombination deltas"
2021cicX13611509,2021cicX13611509,fTroAst62,X_AcTm_46,sequenced_individual,F2,F2,M,2021cicX13611462,2021cicX13611466,fTroAst37,fTroAst12,2021cicX13611462,2021cicX13611466,fTroAst37,fTroAst12,father,mother,fTroAst37:0.726;fTroAst11:0.165;fTroAst43:0.032;fTroAst18:0.025;fTroAst49:0.019,fTroAst12:0.659;fTroAst44:0.213;fTroAst38:0.074;fTroAst56:0.035,fTroAst37+fTroAst12:0.649;fTroAst11+fTroAst44:0.142;fTroAst37+fTroAst38:0.074;fTroAst18+fTroAst44:0.022;fTroAst11+fTroAst56:0.020;fTroAst43+fTroAst56:0.014;fTroAst55+fTroAst44:0.013;fTroAst49+fTroAst44:0.011;fTroAst43+fTroAst44:0.010,True,True,True,0.6485,0.726,0.6585,-790572.3756070375,False,v9_v7_state_model__nested_cross_fitted_identity_evidence__full_marker_dosage_heterozygosity_preserving_phase__sex_specific_rate,two_parent__A_exact_multigeneration_stable,0,"T08 child painting is a correlated cross-check, not an independent likelihood. Invariant calls agree across the individual and selected soft-prevalence models, marker densities, leave-one-chromosome analyses, model sensitivities, and the painted-child transmission cross-check.",Tier_B_5_of_7_variants__18_of_22_LOCO,A_exact_pair,two_parent,True,"v7 broad evidence plus nested chromosome-cross-fitted contrast, dosage-preserving read phase, and recombination deltas"
2021cicX14537282,2021cicX14537282,fTroAst63,X_AcTm_47,sequenced_individual,F2,F2,M,2021cicX13611460,,fTroAst25,,2021cicX13611460,2021cicX13611466,fTroAst25,fTroAst12,father,mother,fTroAst25:0.603;fTroAst43:0.168;fTroAst31:0.104;fTroAst11:0.098,fTroAst12:0.800;fTroAst38:0.087;fTroAst32:0.069,fTroAst25+fTroAst12:0.524;fTroAst31+fTroAst12:0.100;fTroAst43+fTroAst12:0.088;fTroAst43+fTroAst38:0.080;fTroAst11+fTroAst12:0.061;fTroAst25+fTroAst32:0.061;fTroAst55+fTroAst12:0.014;fTroAst25+fTroAst26:0.013;fTroAst11+fTroAst26:0.012,True,False,False,0.524,0.603,0.8,-1059341.030236628,False,v9_v7_state_model__nested_cross_fitted_identity_evidence__full_marker_dosage_heterozygosity_preserving_phase__sex_specific_rate,U_parent_count_or_identity_unresolved,1,"T08 child painting is a correlated cross-check, not an independent likelihood. Invariant calls agree across the individual and selected soft-prevalence models, marker densities, leave-one-chromosome analyses, model sensitivities, and the painted-child transmission cross-check.",Tier_B_5_of_7_variants__18_of_22_LOCO,B_one_parent_identity,two_parent,False,"v7 broad evidence plus nested chromosome-cross-fitted contrast, dosage-preserving read phase, and recombination deltas"
2021cicX14537283,2021cicX14537283,fTroAst65,X_AcTm_48,sequenced_individual,F2,F2,M,2021cicX13611463,,fTroAst43,,2021cicX13611463,2021cicX13611470,fTroAst43,fTroAst38,father,mother,fTroAst43:0.574;fTroAst11:0.231;fTroAst55:0.089;fTroAst49:0.041;fTroAst31:0.029,fTroAst12:0.489;fTroAst38:0.358;fTroAst32:0.124,fTroAst43+fTroAst38:0.310;fTroAst43+fTroAst12:0.256;fTroAst11+fTroAst32:0.118;fTroAst11+fTroAst12:0.087;fTroAst55+fTroAst12:0.077;fTroAst49+fTroAst12:0.041;fTroAst31+fTroAst38:0.026;fTroAst18+fTroAst12:0.024;fTroAst11+fTroAst44:0.018,True,False,False,0.3105,0.5735,0.4895,-641174.1404828504,False,v9_v7_state_model__nested_cross_fitted_identity_evidence__full_marker_dosage_heterozygosity_preserving_phase__sex_specific_rate,two_parent__C_father_stable_mother_ambiguous,1,"T08 child painting is a correlated cross-check, not an independent likelihood. Invariant calls agree across the individual and selected soft-prevalence models, marker densities, leave-one-chromosome analyses, model sensitivities, and the painted-child transmission cross-check.",Tier_B_5_of_7_variants__18_of_22_LOCO,A_one_parent_identity,two_parent,True,"v7 broad evidence plus nested chromosome-cross-fitted contrast, dosage-preserving read phase, and recombination deltas"
2021cicX14537284,2021cicX14537284,fTroAst67,X_AcTm_49,sequenced_individual,F2,F2,M,2021cicX13611458,,fTroAst11,,2021cicX13611458,2021cicX13611473,fTroAst11,fTroAst56,father,mother,fTroAst11:0.528;fTroAst37:0.395;fTroAst31:0.044,fTroAst56:0.499;fTroAst12:0.270;fTroAst38:0.121;fTroAst44:0.070,fTroAst11+fTroAst56:0.432;fTroAst37+fTroAst12:0.270;fTroAst37+fTroAst38:0.121;fTroAst11+fTroAst44:0.061;fTroAst31+fTroAst56:0.041;fTroAst11+fTroAst32:0.029,True,False,False,0.4325,0.528,0.499,-809375.8030257351,False,v9_v7_state_model__nested_cross_fitted_identity_evidence__full_marker_dosage_heterozygosity_preserving_phase__sex_specific_rate,two_parent__E_competing_parental_hypotheses,1,"T08 child painting is a correlated cross-check, not an independent likelihood. Invariant calls agree across the individual and selected soft-prevalence models, marker densities, leave-one-chromosome analyses, model sensitivities, and the painted-child transmission cross-check.",Tier_B_5_of_7_variants__18_of_22_LOCO,B_one_parent_identity,two_parent,True,"v7 broad evidence plus nested chromosome-cross-fitted contrast, dosage-preserving read phase, and recombination deltas"
2021cicX14537285,2021cicX14537285,fTroAst68,X_AcTm_50,sequenced_individual,F2,F2,M,,2021cicX13611473,,fTroAst56,2021cicX13611460,2021cicX13611473,fTroAst25,fTroAst56,father,mother,fTroAst25:0.566;fTroAst11:0.159;fTroAst18:0.102;fTroAst37:0.087;fTroAst31:0.080,fTroAst56:0.584;fTroAst32:0.133;fTroAst19:0.102;fTroAst12:0.053;fTroAst26:0.050;fTroAst38:0.034,fTroAst25+fTroAst56:0.484;fTroAst11+fTroAst19:0.096;fTroAst18+fTroAst56:0.074;fTroAst25+fTroAst32:0.073;fTroAst37+fTroAst12:0.054;fTroAst37+fTroAst38:0.034;fTroAst31+fTroAst32:0.033;fTroAst31+fTroAst26:0.025;fTroAst11+fTroAst56:0.025;fTroAst11+fTroAst26:0.024;fTroAst31+fTroAst50:0.016;fTroAst11+fTroAst32:0.015;fTroAst18+fTroAst44:0.013,False,True,False,0.484,0.5655,0.584,-942829.7738705043,False,v9_v7_state_model__nested_cross_fitted_identity_evidence__full_marker_dosage_heterozygosity_preserving_phase__sex_specific_rate,U_parent_count_or_identity_unresolved,1,"T08 child painting is a correlated cross-check, not an independent likelihood. Invariant calls agree across the individual and selected soft-prevalence models, marker densities, leave-one-chromosome analyses, model sensitivities, and the painted-child transmission cross-check.",Tier_B_5_of_7_variants__18_of_22_LOCO,B_one_parent_identity,two_parent,False,"v7 broad evidence plus nested chromosome-cross-fitted contrast, dosage-preserving read phase, and recombination deltas"
2021cicX14537286,2021cicX14537286,fTroAst69,X_AcTm_51,sequenced_individual,F2,F2,M,2021cicX13611459,,fTroAst18,,2021cicX13611459,2021cicX13611473,fTroAst18,fTroAst56,father,mother,fTroAst18:0.558;fTroAst25:0.303;fTroAst11:0.127,fTroAst56:0.291;fTroAst19:0.274;fTroAst32:0.233;fTroAst26:0.169,fTroAst18+fTroAst56:0.267;fTroAst25+fTroAst32:0.171;fTroAst18+fTroAst19:0.150;fTroAst11+fTroAst19:0.075;fTroAst18+fTroAst26:0.067;fTroAst18+fTroAst32:0.061;fTroAst25+fTroAst26:0.052;fTroAst11+fTroAst26:0.050;fTroAst25+fTroAst19:0.046;fTroAst25+fTroAst56:0.024,True,False,False,0.2665,0.5575,0.291,-592398.0080800173,False,v9_v7_state_model__nested_cross_fitted_identity_evidence__full_marker_dosage_heterozygosity_preserving_phase__sex_specific_rate,two_parent__E_competing_parental_hypotheses,1,"T08 child painting is a correlated cross-check, not an independent likelihood. Invariant calls agree across the individual and selected soft-prevalence models, marker densities, leave-one-chromosome analyses, model sensitivities, and the painted-child transmission cross-check.",Tier_B_5_of_7_variants__18_of_22_LOCO,B_one_parent_identity,two_parent,True,"v7 broad evidence plus nested chromosome-cross-fitted contrast, dosage-preserving read phase, and recombination deltas"
2021cicX14537287,2021cicX14537287,fTroAst70,X_AcTm_52,sequenced_individual,F2,F2,M,2021cicX13611463,2021cicX13611470,fTroAst43,fTroAst38,2021cicX13611463,2021cicX13611470,fTroAst43,fTroAst38,father,mother,fTroAst43:0.710;fTroAst11:0.152;fTroAst25:0.079;fTroAst31:0.034,fTroAst38:0.782;fTroAst12:0.110;fTroAst32:0.086,fTroAst43+fTroAst38:0.662;fTroAst11+fTroAst32:0.066;fTroAst25+fTroAst38:0.052;fTroAst43+fTroAst12:0.048;fTroAst11+fTroAst38:0.041;fTroAst11+fTroAst12:0.027;fTroAst25+fTroAst32:0.019;fTroAst31+fTroAst12:0.018;fTroAst11+fTroAst44:0.017,True,True,True,0.662,0.71,0.7825,-804896.9389236048,False,v9_v7_state_model__nested_cross_fitted_identity_evidence__full_marker_dosage_heterozygosity_preserving_phase__sex_specific_rate,U_parent_count_or_identity_unresolved,0,"T08 child painting is a correlated cross-check, not an independent likelihood. Invariant calls agree across the individual and selected soft-prevalence models, marker densities, leave-one-chromosome analyses, model sensitivities, and the painted-child transmission cross-check.",Tier_B_5_of_7_variants__18_of_22_LOCO,B_exact_pair,two_parent,False,"v7 broad evidence plus nested chromosome-cross-fitted contrast, dosage-preserving read phase, and recombination deltas"
2021cicX14537288,2021cicX14537288,fTroAst71,X_AcTm_53,sequenced_individual,F2,F2,M,2021cicX13611463,2021cicX13611470,fTroAst43,fTroAst38,2021cicX13611463,2021cicX13611470,fTroAst43,fTroAst38,father,mother,fTroAst43:0.998,fTroAst38:0.588;fTroAst26:0.220;fTroAst44:0.072;fTroAst32:0.059;fTroAst50:0.035,fTroAst43+fTroAst38:0.588;fTroAst43+fTroAst26:0.220;fTroAst43+fTroAst44:0.071;fTroAst43+fTroAst32:0.059;fTroAst43+fTroAst50:0.035,True,True,True,0.5875,0.998,0.5875,-621518.5623539523,False,v9_v7_state_model__nested_cross_fitted_identity_evidence__full_marker_dosage_heterozygosity_preserving_phase__sex_specific_rate,two_parent__A_exact_multigeneration_stable,0,"T08 child painting is a correlated cross-check, not an independent likelihood. Invariant calls agree across the individual and selected soft-prevalence models, marker densities, leave-one-chromosome analyses, model sensitivities, and the painted-child transmission cross-check.",Tier_B_5_of_7_variants__18_of_22_LOCO,A_exact_pair,two_parent,True,"v7 broad evidence plus nested chromosome-cross-fitted contrast, dosage-preserving read phase, and recombination deltas"
2021cicX14537289,2021cicX14537289,fTroAst72,X_AcTm_54,sequenced_individual,F2,F2,M,,2021cicX13611466,,fTroAst12,2021cicX13611458,2021cicX13611466,fTroAst11,fTroAst12,father,mother,fTroAst11:0.512;fTroAst18:0.323;fTroAst43:0.076;fTroAst25:0.037;fTroAst49:0.034,fTroAst12:0.856;fTroAst32:0.119,fTroAst11+fTroAst12:0.380;fTroAst18+fTroAst12:0.323;fTroAst11+fTroAst32:0.118;fTroAst43+fTroAst12:0.075;fTroAst49+fTroAst12:0.033;fTroAst25+fTroAst12:0.027,False,True,False,0.38,0.512,0.8555,-782362.5609137435,False,v9_v7_state_model__nested_cross_fitted_identity_evidence__full_marker_dosage_heterozygosity_preserving_phase__sex_specific_rate,two_parent__C_mother_stable_father_ambiguous,1,"T08 child painting is a correlated cross-check, not an independent likelihood. Invariant calls agree across the individual and selected soft-prevalence models, marker densities, leave-one-chromosome analyses, model sensitivities, and the painted-child transmission cross-check.",Tier_B_5_of_7_variants__18_of_22_LOCO,A_one_parent_identity,two_parent,True,"v7 broad evidence plus nested chromosome-cross-fitted contrast, dosage-preserving read phase, and recombination deltas"
2021cicX14537290,2021cicX14537290,fTroAst64,X_AcTm_55,sequenced_individual,F2,F2,M,,,,,2021cicX13611458,2021cicX13611473,fTroAst11,fTroAst56,father,mother,fTroAst18:0.506;fTroAst11:0.387;fTroAst25:0.094,fTroAst56:0.401;fTroAst44:0.232;fTroAst19:0.164;fTroAst50:0.116;fTroAst26:0.051,fTroAst11+fTroAst56:0.260;fTroAst18+fTroAst44:0.194;fTroAst18+fTroAst19:0.099;fTroAst18+fTroAst56:0.085;fTroAst18+fTroAst50:0.068;fTroAst11+fTroAst19:0.060;fTroAst25+fTroAst56:0.056;fTroAst18+fTroAst26:0.046;fTroAst11+fTroAst50:0.034;fTroAst11+fTroAst44:0.023;fTroAst25+fTroAst44:0.015;fTroAst18+fTroAst32:0.014,False,False,False,0.2595,0.5055,0.4005,-869531.8318389598,False,v9_v7_state_model__nested_cross_fitted_identity_evidence__full_marker_dosage_heterozygosity_preserving_phase__sex_specific_rate,two_parent__E_competing_parental_hypotheses,2,"T08 child painting is a correlated cross-check, not an independent likelihood. Invariant calls agree across the individual and selected soft-prevalence models, marker densities, leave-one-chromosome analyses, model sensitivities, and the painted-child transmission cross-check.",Tier_B_5_of_7_variants__18_of_22_LOCO,C_not_yet_defined,two_parent,True,"v7 broad evidence plus nested chromosome-cross-fitted contrast, dosage-preserving read phase, and recombination deltas"
2021cicX14537291,2021cicX14537291,fTroAst66,X_AcTm_56,sequenced_individual,F2,F2,M,,,,,2021cicX13611463,2021cicX13611470,fTroAst43,fTroAst38,father,mother,fTroAst25:0.310;fTroAst43:0.301;fTroAst11:0.211;fTroAst31:0.067;fTroAst18:0.067,fTroAst12:0.359;fTroAst38:0.340;fTroAst32:0.267,fTroAst43+fTroAst38:0.256;fTroAst25+fTroAst32:0.204;fTroAst11+fTroAst12:0.140;fTroAst11+fTroAst32:0.062;fTroAst31+fTroAst12:0.061;fTroAst18+fTroAst12:0.060;fTroAst25+fTroAst38:0.060;fTroAst43+fTroAst12:0.043;fTroAst55+fTroAst12:0.025;fTroAst25+fTroAst12:0.022;fTroAst25+fTroAst44:0.015;fTroAst55+fTroAst38:0.011,False,False,False,0.256,0.31,0.3595,-851597.6468380606,False,v9_v7_state_model__nested_cross_fitted_identity_evidence__full_marker_dosage_heterozygosity_preserving_phase__sex_specific_rate,U_parent_count_or_identity_unresolved,2,"T08 child painting is a correlated cross-check, not an independent likelihood. Invariant calls agree across the individual and selected soft-prevalence models, marker densities, leave-one-chromosome analyses, model sensitivities, and the painted-child transmission cross-check.",Tier_B_5_of_7_variants__18_of_22_LOCO,C_not_yet_defined,two_parent,False,"v7 broad evidence plus nested chromosome-cross-fitted contrast, dosage-preserving read phase, and recombination deltas"
2021cicX14537292,2021cicX14537292,fTroAst75,X_AcTm_57,sequenced_individual,F2,F2,M,,,,,2021cicX13611459,2021cicX13611473,fTroAst18,fTroAst56,father,mother,fTroAst25:0.433;fTroAst18:0.348;fTroAst37:0.144;fTroAst11:0.063,fTroAst56:0.376;fTroAst44:0.364;fTroAst12:0.144;fTroAst32:0.042;fTroAst50:0.037,fTroAst25+fTroAst44:0.314;fTroAst18+fTroAst56:0.274;fTroAst37+fTroAst12:0.144;fTroAst25+fTroAst56:0.098;fTroAst18+fTroAst50:0.030;fTroAst18+fTroAst44:0.025;fTroAst11+fTroAst44:0.021;fTroAst11+fTroAst32:0.021;fTroAst25+fTroAst32:0.015;fTroAst18+fTroAst26:0.015,False,False,False,0.2735,0.433,0.3755,-839758.2371323933,False,v9_v7_state_model__nested_cross_fitted_identity_evidence__full_marker_dosage_heterozygosity_preserving_phase__sex_specific_rate,two_parent__E_competing_parental_hypotheses,2,"T08 child painting is a correlated cross-check, not an independent likelihood. Invariant calls agree across the individual and selected soft-prevalence models, marker densities, leave-one-chromosome analyses, model sensitivities, and the painted-child transmission cross-check.",Tier_B_5_of_7_variants__18_of_22_LOCO,C_not_yet_defined,two_parent,True,"v7 broad evidence plus nested chromosome-cross-fitted contrast, dosage-preserving read phase, and recombination deltas"
2021cicX14537293,2021cicX14537293,fTroAst77,X_AcTm_58,sequenced_individual,F2,F2,M,2021cicX13611462,2021cicX13611466,fTroAst37,fTroAst12,2021cicX13611462,2021cicX13611466,fTroAst37,fTroAst12,father,mother,fTroAst37:0.746;fTroAst11:0.184;fTroAst25:0.053,fTroAst12:0.744;fTroAst44:0.158;fTroAst19:0.067,fTroAst37+fTroAst12:0.744;fTroAst11+fTroAst44:0.105;fTroAst11+fTroAst19:0.067;fTroAst25+fTroAst44:0.044,True,True,True,0.7435,0.746,0.7435,-759246.3602846125,False,v9_v7_state_model__nested_cross_fitted_identity_evidence__full_marker_dosage_heterozygosity_preserving_phase__sex_specific_rate,two_parent__A_exact_multigeneration_stable,0,"T08 child painting is a correlated cross-check, not an independent likelihood. Invariant calls agree across the individual and selected soft-prevalence models, marker densities, leave-one-chromosome analyses, model sensitivities, and the painted-child transmission cross-check.",Tier_B_5_of_7_variants__18_of_22_LOCO,A_exact_pair,two_parent,True,"v7 broad evidence plus nested chromosome-cross-fitted contrast, dosage-preserving read phase, and recombination deltas"
2021cicX14537294,2021cicX14537294,fTroAst79,X_AcTm_59,sequenced_individual,F2,F2,M,2021cicX13611459,2021cicX13611472,fTroAst18,fTroAst50,2021cicX13611459,2021cicX13611472,fTroAst18,fTroAst50,father,mother,fTroAst18:0.696;fTroAst11:0.206;fTroAst37:0.078,fTroAst50:0.620;fTroAst26:0.122;fTroAst32:0.093;fTroAst38:0.048;fTroAst44:0.042;fTroAst19:0.034,fTroAst18+fTroAst50:0.615;fTroAst11+fTroAst26:0.107;fTroAst37+fTroAst38:0.048;fTroAst11+fTroAst32:0.042;fTroAst18+fTroAst32:0.032;fTroAst37+fTroAst12:0.030;fTroAst11+fTroAst44:0.029;fTroAst11+fTroAst19:0.022;fTroAst25+fTroAst32:0.019;fTroAst18+fTroAst26:0.014,True,True,True,0.615,0.696,0.62,-860637.2136917673,False,v9_v7_state_model__nested_cross_fitted_identity_evidence__full_marker_dosage_heterozygosity_preserving_phase__sex_specific_rate,two_parent__A_exact_multigeneration_stable,0,"T08 child painting is a correlated cross-check, not an independent likelihood. Invariant calls agree across the individual and selected soft-prevalence models, marker densities, leave-one-chromosome analyses, model sensitivities, and the painted-child transmission cross-check.",Tier_B_5_of_7_variants__18_of_22_LOCO,A_exact_pair,two_parent,True,"v7 broad evidence plus nested chromosome-cross-fitted contrast, dosage-preserving read phase, and recombination deltas"
2021cicX14537295,2021cicX14537295,fTroAst80,X_AcTm_60,sequenced_individual,F2,F2,M,2021cicX13611458,2021cicX13611470,fTroAst11,fTroAst38,2021cicX13611458,2021cicX13611470,fTroAst11,fTroAst38,father,mother,fTroAst11:0.717;fTroAst18:0.176;fTroAst25:0.107,fTroAst38:0.987,fTroAst11+fTroAst38:0.715;fTroAst18+fTroAst38:0.165;fTroAst25+fTroAst38:0.107,True,True,True,0.715,0.717,0.9865,-542340.7942377455,False,v9_v7_state_model__nested_cross_fitted_identity_evidence__full_marker_dosage_heterozygosity_preserving_phase__sex_specific_rate,two_parent__A_exact_multigeneration_stable,0,"T08 child painting is a correlated cross-check, not an independent likelihood. Invariant calls agree across the individual and selected soft-prevalence models, marker densities, leave-one-chromosome analyses, model sensitivities, and the painted-child transmission cross-check.",Tier_B_5_of_7_variants__18_of_22_LOCO,A_exact_pair,two_parent,True,"v7 broad evidence plus nested chromosome-cross-fitted contrast, dosage-preserving read phase, and recombination deltas"
2021cicX14537296,2021cicX14537296,fTroAst81,X_AcTm_61,sequenced_individual,F2,F2,M,2021cicX13611459,2021cicX13611466,fTroAst18,fTroAst12,2021cicX13611459,2021cicX13611466,fTroAst18,fTroAst12,father,mother,fTroAst18:0.786;fTroAst25:0.163;fTroAst11:0.051,fTroAst12:0.724;fTroAst38:0.246,fTroAst18+fTroAst12:0.551;fTroAst18+fTroAst38:0.219;fTroAst25+fTroAst12:0.139;fTroAst11+fTroAst12:0.034;fTroAst25+fTroAst38:0.021,True,True,True,0.551,0.7865,0.7235,-664084.6757638743,False,v9_v7_state_model__nested_cross_fitted_identity_evidence__full_marker_dosage_heterozygosity_preserving_phase__sex_specific_rate,two_parent__A_exact_multigeneration_stable,0,"T08 child painting is a correlated cross-check, not an independent likelihood. Invariant calls agree across the individual and selected soft-prevalence models, marker densities, leave-one-chromosome analyses, model sensitivities, and the painted-child transmission cross-check.",Tier_B_5_of_7_variants__18_of_22_LOCO,A_exact_pair,two_parent,True,"v7 broad evidence plus nested chromosome-cross-fitted contrast, dosage-preserving read phase, and recombination deltas"
2021cicX14537297,2021cicX14537297,fTroAst82,X_AcTm_62,sequenced_individual,F2,F2,M,,2021cicX13611470,,fTroAst38,2021cicX13611458,2021cicX13611470,fTroAst11,fTroAst38,father,mother,fTroAst11:0.395;fTroAst18:0.362;fTroAst25:0.234,fTroAst38:0.604;fTroAst12:0.348,fTroAst11+fTroAst38:0.241;fTroAst18+fTroAst12:0.191;fTroAst25+fTroAst38:0.183;fTroAst18+fTroAst38:0.171;fTroAst11+fTroAst12:0.107;fTroAst25+fTroAst12:0.051;fTroAst11+fTroAst32:0.018,False,True,False,0.2405,0.395,0.604,-855530.9311393946,False,v9_v7_state_model__nested_cross_fitted_identity_evidence__full_marker_dosage_heterozygosity_preserving_phase__sex_specific_rate,two_parent__E_competing_parental_hypotheses,1,"T08 child painting is a correlated cross-check, not an independent likelihood. Invariant calls agree across the individual and selected soft-prevalence models, marker densities, leave-one-chromosome analyses, model sensitivities, and the painted-child transmission cross-check.",Tier_B_5_of_7_variants__18_of_22_LOCO,B_one_parent_identity,two_parent,True,"v7 broad evidence plus nested chromosome-cross-fitted contrast, dosage-preserving read phase, and recombination deltas"
2021cicX14537298,2021cicX14537298,fTroAst73,X_AcTm_63,sequenced_individual,F2,F2,M,,,,,2021cicX13611459,2021cicX13611473,fTroAst18,fTroAst56,father,mother,fTroAst18:0.426;fTroAst25:0.354;fTroAst37:0.136;fTroAst11:0.041,fTroAst56:0.469;fTroAst32:0.210;fTroAst26:0.091;fTroAst38:0.073;fTroAst12:0.062;fTroAst44:0.042;fTroAst19:0.037,fTroAst18+fTroAst56:0.341;fTroAst25+fTroAst32:0.195;fTroAst25+fTroAst56:0.111;fTroAst37+fTroAst38:0.073;fTroAst37+fTroAst12:0.062;fTroAst25+fTroAst26:0.042;fTroAst18+fTroAst44:0.036;fTroAst11+fTroAst26:0.021;fTroAst11+fTroAst19:0.018;fTroAst18+fTroAst19:0.017;fTroAst18+fTroAst26:0.013;fTroAst55+fTroAst56:0.013;fTroAst18+fTroAst50:0.011,False,False,False,0.341,0.426,0.4685,-793805.4867603206,False,v9_v7_state_model__nested_cross_fitted_identity_evidence__full_marker_dosage_heterozygosity_preserving_phase__sex_specific_rate,two_parent__E_competing_parental_hypotheses,2,"T08 child painting is a correlated cross-check, not an independent likelihood. Invariant calls agree across the individual and selected soft-prevalence models, marker densities, leave-one-chromosome analyses, model sensitivities, and the painted-child transmission cross-check.",Tier_B_5_of_7_variants__18_of_22_LOCO,C_not_yet_defined,two_parent,True,"v7 broad evidence plus nested chromosome-cross-fitted contrast, dosage-preserving read phase, and recombination deltas"
2021cicX14537299,2021cicX14537299,fTroAst74,X_AcTm_64,sequenced_individual,F2,F2,M,2021cicX13611458,,fTroAst11,,2021cicX13611458,2021cicX13611471,fTroAst11,fTroAst44,father,mother,fTroAst11:0.523;fTroAst37:0.260;fTroAst18:0.128;fTroAst25:0.087,fTroAst44:0.353;fTroAst56:0.264;fTroAst12:0.228;fTroAst32:0.068;fTroAst19:0.043,fTroAst11+fTroAst44:0.316;fTroAst37+fTroAst12:0.228;fTroAst18+fTroAst56:0.101;fTroAst11+fTroAst56:0.096;fTroAst25+fTroAst56:0.067;fTroAst11+fTroAst32:0.066;fTroAst11+fTroAst19:0.042;fTroAst37+fTroAst38:0.025;fTroAst25+fTroAst44:0.019,True,False,False,0.3155,0.5235,0.353,-872358.3444845751,False,v9_v7_state_model__nested_cross_fitted_identity_evidence__full_marker_dosage_heterozygosity_preserving_phase__sex_specific_rate,U_parent_count_or_identity_unresolved,1,"T08 child painting is a correlated cross-check, not an independent likelihood. Invariant calls agree across the individual and selected soft-prevalence models, marker densities, leave-one-chromosome analyses, model sensitivities, and the painted-child transmission cross-check.",Tier_B_5_of_7_variants__18_of_22_LOCO,B_one_parent_identity,two_parent,False,"v7 broad evidence plus nested chromosome-cross-fitted contrast, dosage-preserving read phase, and recombination deltas"
2021cicX14537300,2021cicX14537300,fTroAst76,X_AcTm_65,sequenced_individual,F2,F2,M,2021cicX13611459,2021cicX13611466,fTroAst18,fTroAst12,2021cicX13611459,2021cicX13611466,fTroAst18,fTroAst12,father,mother,fTroAst18:0.786;fTroAst25:0.171,fTroAst12:0.672;fTroAst38:0.328,fTroAst18+fTroAst12:0.580;fTroAst18+fTroAst38:0.206;fTroAst25+fTroAst38:0.114;fTroAst25+fTroAst12:0.057,True,True,True,0.58,0.786,0.672,-583030.9186601052,False,v9_v7_state_model__nested_cross_fitted_identity_evidence__full_marker_dosage_heterozygosity_preserving_phase__sex_specific_rate,two_parent__A_exact_multigeneration_stable,0,"T08 child painting is a correlated cross-check, not an independent likelihood. Invariant calls agree across the individual and selected soft-prevalence models, marker densities, leave-one-chromosome analyses, model sensitivities, and the painted-child transmission cross-check.",Tier_B_5_of_7_variants__18_of_22_LOCO,A_exact_pair,two_parent,True,"v7 broad evidence plus nested chromosome-cross-fitted contrast, dosage-preserving read phase, and recombination deltas"
2021cicX14537301,2021cicX14537301,fTroAst78,X_AcTm_66,sequenced_individual,F2,F2,M,2021cicX13611463,2021cicX13611468,fTroAst43,fTroAst26,2021cicX13611463,2021cicX13611468,fTroAst43,fTroAst26,father,mother,fTroAst43:1.000,fTroAst26:1.000,fTroAst43+fTroAst26:1.000,True,True,True,1.0,1.0,1.0,9785.631987485567,True,v9_v7_state_model__nested_cross_fitted_identity_evidence__full_marker_dosage_heterozygosity_preserving_phase__sex_specific_rate,two_parent__A_exact_multigeneration_stable,0,"T08 child painting is a correlated cross-check, not an independent likelihood. Invariant calls agree across the individual and selected soft-prevalence models, marker densities, leave-one-chromosome analyses, model sensitivities, and the painted-child transmission cross-check.",Tier_B_5_of_7_variants__18_of_22_LOCO,A_exact_pair,two_parent,True,"v7 broad evidence plus nested chromosome-cross-fitted contrast, dosage-preserving read phase, and recombination deltas"
2021cicX14537302,2021cicX14537302,fTroAst87,X_AcTm_67,sequenced_individual,F2,F2,M,,2021cicX13611470,,fTroAst38,2021cicX13611459,2021cicX13611470,fTroAst18,fTroAst38,father,mother,fTroAst18:0.450;fTroAst25:0.326;fTroAst11:0.198,fTroAst38:0.986,fTroAst18+fTroAst38:0.438;fTroAst25+fTroAst38:0.325;fTroAst11+fTroAst38:0.197,False,True,False,0.4375,0.45,0.9855,-576198.7434344599,False,v9_v7_state_model__nested_cross_fitted_identity_evidence__full_marker_dosage_heterozygosity_preserving_phase__sex_specific_rate,two_parent__C_mother_stable_father_ambiguous,1,"T08 child painting is a correlated cross-check, not an independent likelihood. Invariant calls agree across the individual and selected soft-prevalence models, marker densities, leave-one-chromosome analyses, model sensitivities, and the painted-child transmission cross-check.",Tier_B_5_of_7_variants__18_of_22_LOCO,A_one_parent_identity,two_parent,True,"v7 broad evidence plus nested chromosome-cross-fitted contrast, dosage-preserving read phase, and recombination deltas"
2021cicX14537303,2021cicX14537303,fTroAst89,X_AcTm_68,sequenced_individual,F2,F2,M,2021cicX13611458,,fTroAst11,,2021cicX13611458,2021cicX13611471,fTroAst11,fTroAst44,father,mother,fTroAst11:0.733;fTroAst37:0.231,fTroAst44:0.432;fTroAst32:0.254;fTroAst12:0.163;fTroAst38:0.070;fTroAst56:0.046,fTroAst11+fTroAst44:0.411;fTroAst11+fTroAst32:0.251;fTroAst37+fTroAst12:0.161;fTroAst37+fTroAst38:0.070;fTroAst11+fTroAst56:0.043;fTroAst11+fTroAst26:0.021,True,False,False,0.411,0.733,0.4325,-719035.1124356454,False,v9_v7_state_model__nested_cross_fitted_identity_evidence__full_marker_dosage_heterozygosity_preserving_phase__sex_specific_rate,two_parent__C_father_stable_mother_ambiguous,1,"T08 child painting is a correlated cross-check, not an independent likelihood. Invariant calls agree across the individual and selected soft-prevalence models, marker densities, leave-one-chromosome analyses, model sensitivities, and the painted-child transmission cross-check.",Tier_B_5_of_7_variants__18_of_22_LOCO,A_one_parent_identity,two_parent,True,"v7 broad evidence plus nested chromosome-cross-fitted contrast, dosage-preserving read phase, and recombination deltas"
2021cicX14537304,2021cicX14537304,fTroAst91,X_AcTm_69,sequenced_individual,F2,F2,M,2021cicX13611463,,fTroAst43,,2021cicX13611463,2021cicX13611466,fTroAst43,fTroAst12,father,mother,fTroAst43:0.954,fTroAst12:0.267;fTroAst32:0.196;fTroAst26:0.184;fTroAst19:0.144;fTroAst50:0.140;fTroAst44:0.035,fTroAst43+fTroAst12:0.264;fTroAst43+fTroAst32:0.196;fTroAst43+fTroAst26:0.149;fTroAst43+fTroAst19:0.144;fTroAst43+fTroAst50:0.132;fTroAst31+fTroAst26:0.035;fTroAst43+fTroAst44:0.035,True,False,False,0.264,0.9535,0.267,-651498.0855237334,False,v9_v7_state_model__nested_cross_fitted_identity_evidence__full_marker_dosage_heterozygosity_preserving_phase__sex_specific_rate,B_parent_count_ambiguous_shared_parent_identity_stable,1,"T08 child painting is a correlated cross-check, not an independent likelihood. Invariant calls agree across the individual and selected soft-prevalence models, marker densities, leave-one-chromosome analyses, model sensitivities, and the painted-child transmission cross-check.",Tier_B_5_of_7_variants__18_of_22_LOCO,A_one_parent_identity,two_parent,False,"v7 broad evidence plus nested chromosome-cross-fitted contrast, dosage-preserving read phase, and recombination deltas"
2021cicX14537305,2021cicX14537305,fTroAst92,X_AcTm_70,sequenced_individual,F2,F2,M,2021cicX13611462,2021cicX13611466,fTroAst37,fTroAst12,2021cicX13611462,2021cicX13611466,fTroAst37,fTroAst12,father,mother,fTroAst37:0.848;fTroAst18:0.064;fTroAst11:0.053,fTroAst12:0.823;fTroAst44:0.065;fTroAst38:0.059;fTroAst56:0.048,fTroAst37+fTroAst12:0.797;fTroAst37+fTroAst38:0.051;fTroAst11+fTroAst44:0.034;fTroAst18+fTroAst44:0.029;fTroAst18+fTroAst56:0.029;fTroAst31+fTroAst12:0.021,True,True,True,0.797,0.848,0.8225,-695265.3329800614,False,v9_v7_state_model__nested_cross_fitted_identity_evidence__full_marker_dosage_heterozygosity_preserving_phase__sex_specific_rate,two_parent__A_exact_multigeneration_stable,0,"T08 child painting is a correlated cross-check, not an independent likelihood. Invariant calls agree across the individual and selected soft-prevalence models, marker densities, leave-one-chromosome analyses, model sensitivities, and the painted-child transmission cross-check.",Tier_B_5_of_7_variants__18_of_22_LOCO,A_exact_pair,two_parent,True,"v7 broad evidence plus nested chromosome-cross-fitted contrast, dosage-preserving read phase, and recombination deltas"
2021cicX14537306,2021cicX14537306,fTroAst83,X_AcTm_71,sequenced_individual,F2,F2,M,2021cicX13611458,2021cicX13611467,fTroAst11,fTroAst19,2021cicX13611458,2021cicX13611467,fTroAst11,fTroAst19,father,mother,fTroAst11:0.597;fTroAst18:0.379,fTroAst19:0.994,fTroAst11+fTroAst19:0.596;fTroAst18+fTroAst19:0.373,True,True,True,0.596,0.5965,0.9935,-612604.0695797498,False,v9_v7_state_model__nested_cross_fitted_identity_evidence__full_marker_dosage_heterozygosity_preserving_phase__sex_specific_rate,two_parent__C_mother_stable_father_ambiguous,0,"T08 child painting is a correlated cross-check, not an independent likelihood. Invariant calls agree across the individual and selected soft-prevalence models, marker densities, leave-one-chromosome analyses, model sensitivities, and the painted-child transmission cross-check.",Tier_B_5_of_7_variants__18_of_22_LOCO,B_exact_pair,two_parent,True,"v7 broad evidence plus nested chromosome-cross-fitted contrast, dosage-preserving read phase, and recombination deltas"
2021cicX14537307,2021cicX14537307,fTroAst84,X_AcTm_72,sequenced_individual,F2,F2,M,,2021cicX13611466,,fTroAst12,2021cicX13611463,2021cicX13611466,fTroAst43,fTroAst12,father,mother,fTroAst43:0.363;fTroAst49:0.354;fTroAst55:0.250,fTroAst12:0.999,fTroAst43+fTroAst12:0.362;fTroAst49+fTroAst12:0.354;fTroAst55+fTroAst12:0.250,False,True,False,0.362,0.363,0.9985,-718223.86720159,False,v9_v7_state_model__nested_cross_fitted_identity_evidence__full_marker_dosage_heterozygosity_preserving_phase__sex_specific_rate,two_parent__C_mother_stable_father_ambiguous,1,"T08 child painting is a correlated cross-check, not an independent likelihood. Invariant calls agree across the individual and selected soft-prevalence models, marker densities, leave-one-chromosome analyses, model sensitivities, and the painted-child transmission cross-check.",Tier_B_5_of_7_variants__18_of_22_LOCO,A_one_parent_identity,two_parent,True,"v7 broad evidence plus nested chromosome-cross-fitted contrast, dosage-preserving read phase, and recombination deltas"
2021cicX14537308,2021cicX14537308,fTroAst85,X_AcTm_73,sequenced_individual,F2,F2,M,2021cicX13611459,2021cicX13611470,fTroAst18,fTroAst38,2021cicX13611459,2021cicX13611470,fTroAst18,fTroAst38,father,mother,fTroAst18:0.992,fTroAst38:0.715;fTroAst12:0.283,fTroAst18+fTroAst38:0.709;fTroAst18+fTroAst12:0.281,True,True,True,0.7085,0.9915,0.715,-462986.427946894,False,v9_v7_state_model__nested_cross_fitted_identity_evidence__full_marker_dosage_heterozygosity_preserving_phase__sex_specific_rate,two_parent__A_exact_multigeneration_stable,0,"T08 child painting is a correlated cross-check, not an independent likelihood. Invariant calls agree across the individual and selected soft-prevalence models, marker densities, leave-one-chromosome analyses, model sensitivities, and the painted-child transmission cross-check.",Tier_B_5_of_7_variants__18_of_22_LOCO,A_exact_pair,two_parent,True,"v7 broad evidence plus nested chromosome-cross-fitted contrast, dosage-preserving read phase, and recombination deltas"
2021cicX14537309,2021cicX14537309,fTroAst86,X_AcTm_74,sequenced_individual,F2,F2,M,2021cicX13611458,2021cicX13611466,fTroAst11,fTroAst12,2021cicX13611458,2021cicX13611466,fTroAst11,fTroAst12,father,mother,fTroAst11:0.690;fTroAst18:0.249;fTroAst25:0.053,fTroAst12:1.000,fTroAst11+fTroAst12:0.690;fTroAst18+fTroAst12:0.249;fTroAst25+fTroAst12:0.053,True,True,True,0.69,0.69,1.0,-502256.2134597581,False,v9_v7_state_model__nested_cross_fitted_identity_evidence__full_marker_dosage_heterozygosity_preserving_phase__sex_specific_rate,two_parent__A_exact_multigeneration_stable,0,"T08 child painting is a correlated cross-check, not an independent likelihood. Invariant calls agree across the individual and selected soft-prevalence models, marker densities, leave-one-chromosome analyses, model sensitivities, and the painted-child transmission cross-check.",Tier_B_5_of_7_variants__18_of_22_LOCO,A_exact_pair,two_parent,True,"v7 broad evidence plus nested chromosome-cross-fitted contrast, dosage-preserving read phase, and recombination deltas"
2021cicX14537310,2021cicX14537310,fTroAst88,X_AcTm_75,sequenced_individual,F2,F2,M,2021cicX13611461,2021cicX13611470,fTroAst31,fTroAst38,2021cicX13611461,2021cicX13611470,fTroAst31,fTroAst38,father,mother,fTroAst31:1.000,fTroAst38:1.000,fTroAst31+fTroAst38:1.000,True,True,True,1.0,1.0,1.0,-9551.126895702444,False,v9_v7_state_model__nested_cross_fitted_identity_evidence__full_marker_dosage_heterozygosity_preserving_phase__sex_specific_rate,two_parent__A_exact_multigeneration_stable,0,"T08 child painting is a correlated cross-check, not an independent likelihood. Invariant calls agree across the individual and selected soft-prevalence models, marker densities, leave-one-chromosome analyses, model sensitivities, and the painted-child transmission cross-check.",Tier_B_5_of_7_variants__18_of_22_LOCO,A_exact_pair,two_parent,True,"v7 broad evidence plus nested chromosome-cross-fitted contrast, dosage-preserving read phase, and recombination deltas"
2021cicX14537311,2021cicX14537311,fTroAst90,X_AcTm_76,sequenced_individual,F2,F2,M,2021cicX13611458,2021cicX13611471,fTroAst11,fTroAst44,2021cicX13611458,2021cicX13611471,fTroAst11,fTroAst44,father,mother,fTroAst11:0.679;fTroAst25:0.141;fTroAst18:0.090;fTroAst37:0.068,fTroAst44:0.715;fTroAst26:0.083;fTroAst19:0.054;fTroAst38:0.053;fTroAst32:0.050,fTroAst11+fTroAst44:0.535;fTroAst25+fTroAst44:0.097;fTroAst18+fTroAst44:0.071;fTroAst11+fTroAst26:0.059;fTroAst37+fTroAst38:0.053;fTroAst11+fTroAst32:0.038;fTroAst25+fTroAst19:0.028;fTroAst11+fTroAst19:0.026;fTroAst11+fTroAst50:0.021;fTroAst37+fTroAst12:0.012;fTroAst25+fTroAst26:0.011,True,True,True,0.535,0.679,0.7145,-823324.459748718,False,v9_v7_state_model__nested_cross_fitted_identity_evidence__full_marker_dosage_heterozygosity_preserving_phase__sex_specific_rate,two_parent__A_exact_multigeneration_stable,0,"T08 child painting is a correlated cross-check, not an independent likelihood. Invariant calls agree across the individual and selected soft-prevalence models, marker densities, leave-one-chromosome analyses, model sensitivities, and the painted-child transmission cross-check.",Tier_B_5_of_7_variants__18_of_22_LOCO,A_exact_pair,two_parent,True,"v7 broad evidence plus nested chromosome-cross-fitted contrast, dosage-preserving read phase, and recombination deltas"
2021cicX14537312,2021cicX14537312,fTroAst99,X_AcTm_77,sequenced_individual,F2,F2,M,2021cicX13611458,2021cicX13611467,fTroAst11,fTroAst19,2021cicX13611458,2021cicX13611467,fTroAst11,fTroAst19,father,mother,fTroAst11:0.818;fTroAst18:0.172,fTroAst19:1.000,fTroAst11+fTroAst19:0.818;fTroAst18+fTroAst19:0.171,True,True,True,0.8175,0.8175,0.9995,-555680.9427366592,False,v9_v7_state_model__nested_cross_fitted_identity_evidence__full_marker_dosage_heterozygosity_preserving_phase__sex_specific_rate,two_parent__A_exact_multigeneration_stable,0,"T08 child painting is a correlated cross-check, not an independent likelihood. Invariant calls agree across the individual and selected soft-prevalence models, marker densities, leave-one-chromosome analyses, model sensitivities, and the painted-child transmission cross-check.",Tier_B_5_of_7_variants__18_of_22_LOCO,A_exact_pair,two_parent,True,"v7 broad evidence plus nested chromosome-cross-fitted contrast, dosage-preserving read phase, and recombination deltas"
2021cicX14537313,2021cicX14537313,fTroAst101,X_AcTm_78,sequenced_individual,F2,F2,M,,2021cicX13611470,,fTroAst38,2021cicX13611460,2021cicX13611470,fTroAst25,fTroAst38,father,mother,fTroAst25:0.448;fTroAst11:0.282;fTroAst49:0.146;fTroAst18:0.114,fTroAst38:0.721;fTroAst12:0.278,fTroAst25+fTroAst38:0.287;fTroAst11+fTroAst38:0.258;fTroAst25+fTroAst12:0.162;fTroAst18+fTroAst38:0.108;fTroAst49+fTroAst12:0.085;fTroAst49+fTroAst38:0.062,False,True,False,0.2865,0.448,0.721,-899799.9565650383,False,v9_v7_state_model__nested_cross_fitted_identity_evidence__full_marker_dosage_heterozygosity_preserving_phase__sex_specific_rate,two_parent__E_competing_parental_hypotheses,1,"T08 child painting is a correlated cross-check, not an independent likelihood. Invariant calls agree across the individual and selected soft-prevalence models, marker densities, leave-one-chromosome analyses, model sensitivities, and the painted-child transmission cross-check.",Tier_B_5_of_7_variants__18_of_22_LOCO,B_one_parent_identity,two_parent,True,"v7 broad evidence plus nested chromosome-cross-fitted contrast, dosage-preserving read phase, and recombination deltas"
2021cicX14537314,2021cicX14537314,fTroAst93,X_AcTm_79,sequenced_individual,F2,F2,M,2021cicX13611458,,fTroAst11,,2021cicX13611458,2021cicX13611471,fTroAst11,fTroAst44,father,mother,fTroAst11:0.521;fTroAst18:0.273;fTroAst37:0.200,fTroAst44:0.347;fTroAst12:0.183;fTroAst50:0.137;fTroAst26:0.125;fTroAst32:0.123;fTroAst56:0.034;fTroAst19:0.033,fTroAst11+fTroAst44:0.265;fTroAst37+fTroAst12:0.182;fTroAst11+fTroAst26:0.100;fTroAst18+fTroAst50:0.095;fTroAst18+fTroAst44:0.080;fTroAst11+fTroAst32:0.073;fTroAst18+fTroAst32:0.050;fTroAst11+fTroAst50:0.041;fTroAst11+fTroAst19:0.033;fTroAst18+fTroAst26:0.025;fTroAst18+fTroAst56:0.022,True,False,False,0.265,0.521,0.347,-851583.4985955921,False,v9_v7_state_model__nested_cross_fitted_identity_evidence__full_marker_dosage_heterozygosity_preserving_phase__sex_specific_rate,U_parent_count_or_identity_unresolved,1,"T08 child painting is a correlated cross-check, not an independent likelihood. Invariant calls agree across the individual and selected soft-prevalence models, marker densities, leave-one-chromosome analyses, model sensitivities, and the painted-child transmission cross-check.",Tier_B_5_of_7_variants__18_of_22_LOCO,B_one_parent_identity,two_parent,False,"v7 broad evidence plus nested chromosome-cross-fitted contrast, dosage-preserving read phase, and recombination deltas"
2021cicX14537315,2021cicX14537315,fTroAst94,X_AcTm_80,sequenced_individual,F2,F2,M,2021cicX13611464,2021cicX13611466,fTroAst49,fTroAst12,2021cicX13611464,2021cicX13611466,fTroAst49,fTroAst12,father,mother,fTroAst49:0.677;fTroAst31:0.204;fTroAst43:0.087,fTroAst12:0.949;fTroAst38:0.051,fTroAst49+fTroAst12:0.646;fTroAst31+fTroAst12:0.200;fTroAst43+fTroAst12:0.077;fTroAst49+fTroAst38:0.031,True,True,True,0.646,0.6775,0.9485,-794766.2387464042,False,v9_v7_state_model__nested_cross_fitted_identity_evidence__full_marker_dosage_heterozygosity_preserving_phase__sex_specific_rate,two_parent__A_exact_multigeneration_stable,0,"T08 child painting is a correlated cross-check, not an independent likelihood. Invariant calls agree across the individual and selected soft-prevalence models, marker densities, leave-one-chromosome analyses, model sensitivities, and the painted-child transmission cross-check.",Tier_B_5_of_7_variants__18_of_22_LOCO,A_exact_pair,two_parent,True,"v7 broad evidence plus nested chromosome-cross-fitted contrast, dosage-preserving read phase, and recombination deltas"
2021cicX14537316,2021cicX14537316,fTroAst95,X_AcTm_81,sequenced_individual,F2,F2,M,2021cicX13611460,,fTroAst25,,2021cicX13611460,2021cicX13611473,fTroAst25,fTroAst56,father,mother,fTroAst25:1.000,fTroAst56:0.471;fTroAst44:0.171;fTroAst19:0.158;fTroAst32:0.125;fTroAst26:0.061,fTroAst25+fTroAst56:0.471;fTroAst25+fTroAst44:0.171;fTroAst25+fTroAst19:0.158;fTroAst25+fTroAst32:0.125;fTroAst25+fTroAst26:0.061,True,False,False,0.4715,1.0,0.4715,-313419.56119887857,False,v9_v7_state_model__nested_cross_fitted_identity_evidence__full_marker_dosage_heterozygosity_preserving_phase__sex_specific_rate,two_parent__C_father_stable_mother_ambiguous,1,"T08 child painting is a correlated cross-check, not an independent likelihood. Invariant calls agree across the individual and selected soft-prevalence models, marker densities, leave-one-chromosome analyses, model sensitivities, and the painted-child transmission cross-check.",Tier_B_5_of_7_variants__18_of_22_LOCO,A_one_parent_identity,two_parent,True,"v7 broad evidence plus nested chromosome-cross-fitted contrast, dosage-preserving read phase, and recombination deltas"
2021cicX14537317,2021cicX14537317,fTroAst96,X_AcTm_82,sequenced_individual,F2,F2,M,2021cicX13611461,2021cicX13611470,fTroAst31,fTroAst38,2021cicX13611461,2021cicX13611470,fTroAst31,fTroAst38,father,mother,fTroAst31:1.000,fTroAst38:1.000,fTroAst31+fTroAst38:1.000,True,True,True,1.0,1.0,1.0,75345.38390468247,True,v9_v7_state_model__nested_cross_fitted_identity_evidence__full_marker_dosage_heterozygosity_preserving_phase__sex_specific_rate,two_parent__A_exact_multigeneration_stable,0,"T08 child painting is a correlated cross-check, not an independent likelihood. Invariant calls agree across the individual and selected soft-prevalence models, marker densities, leave-one-chromosome analyses, model sensitivities, and the painted-child transmission cross-check.",Tier_B_5_of_7_variants__18_of_22_LOCO,A_exact_pair,two_parent,True,"v7 broad evidence plus nested chromosome-cross-fitted contrast, dosage-preserving read phase, and recombination deltas"
2021cicX14537318,2021cicX14537318,fTroAst97,X_AcTm_83,sequenced_individual,F2,F2,M,2021cicX13611459,2021cicX13611471,fTroAst18,fTroAst44,2021cicX13611459,2021cicX13611471,fTroAst18,fTroAst44,father,mother,fTroAst18:0.577;fTroAst25:0.280;fTroAst11:0.130,fTroAst44:0.557;fTroAst19:0.191;fTroAst56:0.115;fTroAst26:0.084;fTroAst12:0.024,fTroAst18+fTroAst44:0.388;fTroAst25+fTroAst44:0.169;fTroAst11+fTroAst19:0.118;fTroAst18+fTroAst56:0.084;fTroAst18+fTroAst26:0.051;fTroAst25+fTroAst19:0.046;fTroAst25+fTroAst56:0.031;fTroAst18+fTroAst19:0.026;fTroAst25+fTroAst26:0.023;fTroAst37+fTroAst12:0.013;fTroAst18+fTroAst50:0.013,True,True,False,0.3875,0.577,0.5575,-702485.7127806498,False,v9_v7_state_model__nested_cross_fitted_identity_evidence__full_marker_dosage_heterozygosity_preserving_phase__sex_specific_rate,two_parent__C_mother_stable_father_ambiguous,0,"T08 child painting is a correlated cross-check, not an independent likelihood. Invariant calls agree across the individual and selected soft-prevalence models, marker densities, leave-one-chromosome analyses, model sensitivities, and the painted-child transmission cross-check.",Tier_B_5_of_7_variants__18_of_22_LOCO,B_both_parent_identities_pair_ambiguous,two_parent,True,"v7 broad evidence plus nested chromosome-cross-fitted contrast, dosage-preserving read phase, and recombination deltas"
2021cicX14537319,2021cicX14537319,fTroAst98,X_AcTm_84,sequenced_individual,F2,F2,M,2021cicX13611460,2021cicX13611473,fTroAst25,fTroAst56,2021cicX13611460,2021cicX13611473,fTroAst25,fTroAst56,father,mother,fTroAst25:1.000,fTroAst56:0.852;fTroAst50:0.082;fTroAst32:0.049,fTroAst25+fTroAst56:0.852;fTroAst25+fTroAst50:0.082;fTroAst25+fTroAst32:0.049,True,True,True,0.8515,1.0,0.8515,-278341.79494627425,False,v9_v7_state_model__nested_cross_fitted_identity_evidence__full_marker_dosage_heterozygosity_preserving_phase__sex_specific_rate,two_parent__A_exact_multigeneration_stable,0,"T08 child painting is a correlated cross-check, not an independent likelihood. Invariant calls agree across the individual and selected soft-prevalence models, marker densities, leave-one-chromosome analyses, model sensitivities, and the painted-child transmission cross-check.",Tier_B_5_of_7_variants__18_of_22_LOCO,A_exact_pair,two_parent,True,"v7 broad evidence plus nested chromosome-cross-fitted contrast, dosage-preserving read phase, and recombination deltas"
2021cicX14537320,2021cicX14537320,fTroAst100,X_AcTm_85,sequenced_individual,F2,F2,M,2021cicX13611459,2021cicX13611471,fTroAst18,fTroAst44,2021cicX13611459,2021cicX13611471,fTroAst18,fTroAst44,father,mother,fTroAst18:0.618;fTroAst25:0.191;fTroAst11:0.164,fTroAst44:0.781;fTroAst56:0.061;fTroAst32:0.055;fTroAst19:0.053;fTroAst12:0.026,fTroAst18+fTroAst44:0.576;fTroAst25+fTroAst44:0.141;fTroAst11+fTroAst44:0.064;fTroAst11+fTroAst19:0.044;fTroAst11+fTroAst56:0.040;fTroAst25+fTroAst32:0.039;fTroAst37+fTroAst12:0.024;fTroAst18+fTroAst56:0.016;fTroAst11+fTroAst32:0.014,True,True,True,0.5755,0.6175,0.7805,-913684.9992170028,False,v9_v7_state_model__nested_cross_fitted_identity_evidence__full_marker_dosage_heterozygosity_preserving_phase__sex_specific_rate,two_parent__A_exact_multigeneration_stable,0,"T08 child painting is a correlated cross-check, not an independent likelihood. Invariant calls agree across the individual and selected soft-prevalence models, marker densities, leave-one-chromosome analyses, model sensitivities, and the painted-child transmission cross-check.",Tier_B_5_of_7_variants__18_of_22_LOCO,A_exact_pair,two_parent,True,"v7 broad evidence plus nested chromosome-cross-fitted contrast, dosage-preserving read phase, and recombination deltas"
2021cicX14537321,2021cicX14537321,fTroAst102,X_AcTm_86,sequenced_individual,F2,F2,M,,,,,2021cicX13611458,2021cicX13611467,fTroAst11,fTroAst19,father,mother,fTroAst11:0.491;fTroAst25:0.239;fTroAst37:0.175;fTroAst18:0.068,fTroAst19:0.273;fTroAst56:0.242;fTroAst12:0.190;fTroAst44:0.141;fTroAst32:0.097;fTroAst26:0.050,fTroAst11+fTroAst19:0.191;fTroAst37+fTroAst12:0.175;fTroAst25+fTroAst56:0.124;fTroAst11+fTroAst32:0.091;fTroAst11+fTroAst56:0.089;fTroAst11+fTroAst44:0.085;fTroAst25+fTroAst19:0.070;fTroAst25+fTroAst44:0.042;fTroAst11+fTroAst26:0.032;fTroAst18+fTroAst56:0.026;fTroAst18+fTroAst26:0.018;fTroAst18+fTroAst44:0.015,False,False,False,0.1905,0.491,0.273,-755050.3453728897,False,v9_v7_state_model__nested_cross_fitted_identity_evidence__full_marker_dosage_heterozygosity_preserving_phase__sex_specific_rate,U_parent_count_or_identity_unresolved,2,"T08 child painting is a correlated cross-check, not an independent likelihood. Invariant calls agree across the individual and selected soft-prevalence models, marker densities, leave-one-chromosome analyses, model sensitivities, and the painted-child transmission cross-check.",Tier_B_5_of_7_variants__18_of_22_LOCO,C_not_yet_defined,two_parent,False,"v7 broad evidence plus nested chromosome-cross-fitted contrast, dosage-preserving read phase, and recombination deltas"
2021cicX14537322,2021cicX14537322,fTroAst103,X_AcTm_87,sequenced_individual,F2,F2,M,2021cicX13611465,2021cicX13611467,fTroAst55,fTroAst19,2021cicX13611465,2021cicX13611467,fTroAst55,fTroAst19,father,mother,fTroAst55:0.994,fTroAst19:1.000,fTroAst55+fTroAst19:0.994,True,True,True,0.9935,0.9935,1.0,-103329.56317578677,False,v9_v7_state_model__nested_cross_fitted_identity_evidence__full_marker_dosage_heterozygosity_preserving_phase__sex_specific_rate,two_parent__A_exact_multigeneration_stable,0,"T08 child painting is a correlated cross-check, not an independent likelihood. Invariant calls agree across the individual and selected soft-prevalence models, marker densities, leave-one-chromosome analyses, model sensitivities, and the painted-child transmission cross-check.",Tier_B_5_of_7_variants__18_of_22_LOCO,A_exact_pair,two_parent,True,"v7 broad evidence plus nested chromosome-cross-fitted contrast, dosage-preserving read phase, and recombination deltas"
2021cicX14537323,2021cicX14537323,fTroAst105,X_AcTm_88,sequenced_individual,F2,F2,M,2021cicX13611459,2021cicX13611466,fTroAst18,fTroAst12,2021cicX13611459,2021cicX13611466,fTroAst18,fTroAst12,father,mother,fTroAst18:0.641;fTroAst25:0.254;fTroAst11:0.092,fTroAst12:0.609;fTroAst38:0.391,fTroAst18+fTroAst12:0.525;fTroAst25+fTroAst38:0.218;fTroAst18+fTroAst38:0.116;fTroAst11+fTroAst38:0.056;fTroAst11+fTroAst12:0.037,True,True,True,0.5245,0.6405,0.609,-672590.5608848669,False,v9_v7_state_model__nested_cross_fitted_identity_evidence__full_marker_dosage_heterozygosity_preserving_phase__sex_specific_rate,two_parent__E_competing_parental_hypotheses,0,"T08 child painting is a correlated cross-check, not an independent likelihood. Invariant calls agree across the individual and selected soft-prevalence models, marker densities, leave-one-chromosome analyses, model sensitivities, and the painted-child transmission cross-check.",Tier_B_5_of_7_variants__18_of_22_LOCO,B_exact_pair,two_parent,True,"v7 broad evidence plus nested chromosome-cross-fitted contrast, dosage-preserving read phase, and recombination deltas"
2021cicX14537324,2021cicX14537324,fTroAst107,X_AcTm_89,sequenced_individual,F2,F2,M,,,,,2021cicX13611458,2021cicX13611471,fTroAst11,fTroAst44,father,mother,fTroAst11:0.390;fTroAst37:0.374;fTroAst25:0.128;fTroAst18:0.060,fTroAst44:0.467;fTroAst12:0.304;fTroAst38:0.097;fTroAst56:0.089,fTroAst11+fTroAst44:0.326;fTroAst37+fTroAst12:0.277;fTroAst37+fTroAst38:0.097;fTroAst25+fTroAst44:0.071;fTroAst18+fTroAst44:0.056;fTroAst11+fTroAst56:0.051;fTroAst25+fTroAst56:0.033;fTroAst49+fTroAst12:0.028;fTroAst25+fTroAst32:0.024,False,False,False,0.3255,0.39,0.4665,-867228.7792676105,False,v9_v7_state_model__nested_cross_fitted_identity_evidence__full_marker_dosage_heterozygosity_preserving_phase__sex_specific_rate,two_parent__E_competing_parental_hypotheses,2,"T08 child painting is a correlated cross-check, not an independent likelihood. Invariant calls agree across the individual and selected soft-prevalence models, marker densities, leave-one-chromosome analyses, model sensitivities, and the painted-child transmission cross-check.",Tier_B_5_of_7_variants__18_of_22_LOCO,C_not_yet_defined,two_parent,True,"v7 broad evidence plus nested chromosome-cross-fitted contrast, dosage-preserving read phase, and recombination deltas"
2021cicX14537325,2021cicX14537325,fTroAst108,X_AcTm_90,sequenced_individual,F2,F2,M,2021cicX13611461,2021cicX13611470,fTroAst31,fTroAst38,2021cicX13611461,2021cicX13611470,fTroAst31,fTroAst38,father,mother,fTroAst31:1.000,fTroAst38:1.000,fTroAst31+fTroAst38:1.000,True,True,True,1.0,1.0,1.0,-14261.464430419262,False,v9_v7_state_model__nested_cross_fitted_identity_evidence__full_marker_dosage_heterozygosity_preserving_phase__sex_specific_rate,two_parent__A_exact_multigeneration_stable,0,"T08 child painting is a correlated cross-check, not an independent likelihood. Invariant calls agree across the individual and selected soft-prevalence models, marker densities, leave-one-chromosome analyses, model sensitivities, and the painted-child transmission cross-check.",Tier_B_5_of_7_variants__18_of_22_LOCO,A_exact_pair,two_parent,True,"v7 broad evidence plus nested chromosome-cross-fitted contrast, dosage-preserving read phase, and recombination deltas"
2021cicX14537326,2021cicX14537326,fTroAst109,X_AcTm_91,sequenced_individual,F2,F2,M,2021cicX13611464,2021cicX13611473,fTroAst49,fTroAst56,2021cicX13611464,2021cicX13611473,fTroAst49,fTroAst56,father,mother,fTroAst49:1.000,fTroAst56:0.997,fTroAst49+fTroAst56:0.997,True,True,True,0.9965,1.0,0.9965,-5667.251399142202,False,v9_v7_state_model__nested_cross_fitted_identity_evidence__full_marker_dosage_heterozygosity_preserving_phase__sex_specific_rate,two_parent__A_exact_multigeneration_stable,0,"T08 child painting is a correlated cross-check, not an independent likelihood. Invariant calls agree across the individual and selected soft-prevalence models, marker densities, leave-one-chromosome analyses, model sensitivities, and the painted-child transmission cross-check.",Tier_B_5_of_7_variants__18_of_22_LOCO,A_exact_pair,two_parent,True,"v7 broad evidence plus nested chromosome-cross-fitted contrast, dosage-preserving read phase, and recombination deltas"
2021cicX14537327,2021cicX14537327,fTroAst110,X_AcTm_92,sequenced_individual,F2,F2,M,2021cicX13611461,2021cicX13611466,fTroAst31,fTroAst12,2021cicX13611461,2021cicX13611466,fTroAst31,fTroAst12,father,mother,fTroAst31:1.000,fTroAst12:1.000,fTroAst31+fTroAst12:1.000,True,True,True,1.0,1.0,1.0,-451052.79003225546,False,v9_v7_state_model__nested_cross_fitted_identity_evidence__full_marker_dosage_heterozygosity_preserving_phase__sex_specific_rate,two_parent__A_exact_multigeneration_stable,0,"T08 child painting is a correlated cross-check, not an independent likelihood. Invariant calls agree across the individual and selected soft-prevalence models, marker densities, leave-one-chromosome analyses, model sensitivities, and the painted-child transmission cross-check.",Tier_B_5_of_7_variants__18_of_22_LOCO,A_exact_pair,two_parent,True,"v7 broad evidence plus nested chromosome-cross-fitted contrast, dosage-preserving read phase, and recombination deltas"
2021cicX14537328,2021cicX14537328,fTroAst111,X_AcTm_93,sequenced_individual,F2,F2,M,,,,,2021cicX13611458,2021cicX13611471,fTroAst11,fTroAst44,father,mother,fTroAst11:0.437;fTroAst25:0.235;fTroAst37:0.172;fTroAst18:0.123,fTroAst44:0.489;fTroAst26:0.233;fTroAst12:0.138;fTroAst19:0.054;fTroAst32:0.035;fTroAst38:0.035,fTroAst11+fTroAst44:0.198;fTroAst25+fTroAst44:0.182;fTroAst11+fTroAst26:0.169;fTroAst37+fTroAst12:0.138;fTroAst18+fTroAst44:0.096;fTroAst37+fTroAst38:0.035;fTroAst11+fTroAst19:0.034;fTroAst11+fTroAst32:0.030;fTroAst25+fTroAst26:0.028;fTroAst18+fTroAst26:0.024;fTroAst25+fTroAst19:0.020,False,False,False,0.198,0.437,0.489,-979043.7122552564,False,v9_v7_state_model__nested_cross_fitted_identity_evidence__full_marker_dosage_heterozygosity_preserving_phase__sex_specific_rate,U_parent_count_or_identity_unresolved,2,"T08 child painting is a correlated cross-check, not an independent likelihood. Invariant calls agree across the individual and selected soft-prevalence models, marker densities, leave-one-chromosome analyses, model sensitivities, and the painted-child transmission cross-check.",Tier_B_5_of_7_variants__18_of_22_LOCO,C_not_yet_defined,two_parent,False,"v7 broad evidence plus nested chromosome-cross-fitted contrast, dosage-preserving read phase, and recombination deltas"
2021cicX14537329,2021cicX14537329,fTroAst112,X_AcTm_94,sequenced_individual,F2,F2,M,2021cicX13611461,2021cicX13611470,fTroAst31,fTroAst38,2021cicX13611461,2021cicX13611470,fTroAst31,fTroAst38,father,mother,fTroAst31:1.000,fTroAst38:1.000,fTroAst31+fTroAst38:1.000,True,True,True,1.0,1.0,1.0,36112.92681470327,True,v9_v7_state_model__nested_cross_fitted_identity_evidence__full_marker_dosage_heterozygosity_preserving_phase__sex_specific_rate,two_parent__A_exact_multigeneration_stable,0,"T08 child painting is a correlated cross-check, not an independent likelihood. Invariant calls agree across the individual and selected soft-prevalence models, marker densities, leave-one-chromosome analyses, model sensitivities, and the painted-child transmission cross-check.",Tier_B_5_of_7_variants__18_of_22_LOCO,A_exact_pair,two_parent,True,"v7 broad evidence plus nested chromosome-cross-fitted contrast, dosage-preserving read phase, and recombination deltas"
2021cicX14537330,2021cicX14537330,fTroAst104,X_AcTm_95,sequenced_individual,F2,F2,M,2021cicX13611464,2021cicX13611473,fTroAst49,fTroAst56,2021cicX13611464,2021cicX13611473,fTroAst49,fTroAst56,father,mother,fTroAst49:1.000,fTroAst56:0.608;fTroAst19:0.175;fTroAst26:0.116;fTroAst32:0.048;fTroAst44:0.048,fTroAst49+fTroAst56:0.608;fTroAst49+fTroAst19:0.175;fTroAst49+fTroAst26:0.116;fTroAst49+fTroAst32:0.048;fTroAst49+fTroAst44:0.048,True,True,True,0.6075,1.0,0.6075,-292491.4310780186,False,v9_v7_state_model__nested_cross_fitted_identity_evidence__full_marker_dosage_heterozygosity_preserving_phase__sex_specific_rate,two_parent__A_exact_multigeneration_stable,0,"T08 child painting is a correlated cross-check, not an independent likelihood. Invariant calls agree across the individual and selected soft-prevalence models, marker densities, leave-one-chromosome analyses, model sensitivities, and the painted-child transmission cross-check.",Tier_B_5_of_7_variants__18_of_22_LOCO,A_exact_pair,two_parent,True,"v7 broad evidence plus nested chromosome-cross-fitted contrast, dosage-preserving read phase, and recombination deltas"
2021cicX14537331,2021cicX14537331,fTroAst106,X_AcTm_96,sequenced_individual,F2,F2,M,,,,,2021cicX13611459,2021cicX13611471,fTroAst18,fTroAst44,father,mother,fTroAst18:0.595;fTroAst11:0.368,fTroAst44:0.396;fTroAst56:0.187;fTroAst50:0.165;fTroAst32:0.160;fTroAst26:0.087,fTroAst11+fTroAst44:0.207;fTroAst18+fTroAst56:0.178;fTroAst18+fTroAst44:0.171;fTroAst18+fTroAst50:0.129;fTroAst18+fTroAst32:0.094;fTroAst11+fTroAst26:0.064;fTroAst11+fTroAst32:0.062;fTroAst11+fTroAst50:0.033;fTroAst18+fTroAst26:0.023,False,False,False,0.1705,0.5945,0.3955,-974720.2323571156,False,v9_v7_state_model__nested_cross_fitted_identity_evidence__full_marker_dosage_heterozygosity_preserving_phase__sex_specific_rate,two_parent__E_competing_parental_hypotheses,2,"T08 child painting is a correlated cross-check, not an independent likelihood. Invariant calls agree across the individual and selected soft-prevalence models, marker densities, leave-one-chromosome analyses, model sensitivities, and the painted-child transmission cross-check.",Tier_B_5_of_7_variants__18_of_22_LOCO,C_not_yet_defined,two_parent,True,"v7 broad evidence plus nested chromosome-cross-fitted contrast, dosage-preserving read phase, and recombination deltas"
2021cicX13611458,2021cicX13611458,fTroAst11,,sequenced_individual,F1,F1,M,2021cicX11218980,2021cicX11218978,fTroMau1,fAstCal30,2021cicX11218980,2021cicX11218978,fTroMau1,fAstCal30,father,mother,fTroMau1:1.000,fAstCal30:1.000,fTroMau1+fAstCal30:1.000,True,True,True,1.0,1.0,1.0,726263.694992651,True,linked_reconstructed_haplotype_plus_relative_raw_rank,exact_pair_stable,0,"Parent slots contain only marginal identities passing chromosome-bootstrap, leave-one-chromosome, and sensitivity checks. Treat both as an exact pair only if ExactPairStable. The paternal identity is conditional on fTroMau1 being the only recorded male G0 candidate.",,,,,
2021cicX13611459,2021cicX13611459,fTroAst18,,sequenced_individual,F1,F1,M,2021cicX11218980,2021cicX11218978,fTroMau1,fAstCal30,2021cicX11218980,2021cicX11218978,fTroMau1,fAstCal30,father,mother,fTroMau1:1.000,fAstCal30:1.000,fTroMau1+fAstCal30:1.000,True,True,True,1.0,1.0,1.0,786865.741088446,True,linked_reconstructed_haplotype_plus_relative_raw_rank,exact_pair_stable,0,"Parent slots contain only marginal identities passing chromosome-bootstrap, leave-one-chromosome, and sensitivity checks. Treat both as an exact pair only if ExactPairStable. The paternal identity is conditional on fTroMau1 being the only recorded male G0 candidate.",,,,,
2021cicX13611460,2021cicX13611460,fTroAst25,,sequenced_individual,F1,F1,M,2021cicX11218980,2021cicX11218978,fTroMau1,fAstCal30,2021cicX11218980,2021cicX11218978,fTroMau1,fAstCal30,father,mother,fTroMau1:1.000,fAstCal30:1.000,fTroMau1+fAstCal30:1.000,True,True,True,1.0,1.0,1.0,759118.8690862844,True,linked_reconstructed_haplotype_plus_relative_raw_rank,exact_pair_stable,0,"Parent slots contain only marginal identities passing chromosome-bootstrap, leave-one-chromosome, and sensitivity checks. Treat both as an exact pair only if ExactPairStable. The paternal identity is conditional on fTroMau1 being the only recorded male G0 candidate.",,,,,
2021cicX13611461,2021cicX13611461,fTroAst31,,sequenced_individual,F1,F1,M,2021cicX11218980,2021cicX11218977,fTroMau1,fAstCal29,2021cicX11218980,2021cicX11218977,fTroMau1,fAstCal29,father,mother,fTroMau1:1.000,fAstCal29:1.000,fTroMau1+fAstCal29:1.000,True,True,True,1.0,1.0,1.0,760428.4529374961,True,linked_reconstructed_haplotype_plus_relative_raw_rank,exact_pair_stable,0,"Parent slots contain only marginal identities passing chromosome-bootstrap, leave-one-chromosome, and sensitivity checks. Treat both as an exact pair only if ExactPairStable. The paternal identity is conditional on fTroMau1 being the only recorded male G0 candidate.",,,,,
2021cicX13611462,2021cicX13611462,fTroAst37,,sequenced_individual,F1,F1,M,2021cicX11218980,2021cicX11218979,fTroMau1,fAstCal31,2021cicX11218980,2021cicX11218979,fTroMau1,fAstCal31,father,mother,fTroMau1:1.000,fAstCal31:1.000,fTroMau1+fAstCal31:1.000,True,True,True,1.0,1.0,1.0,794797.1841484737,True,linked_reconstructed_haplotype_plus_relative_raw_rank,exact_pair_stable,0,"Parent slots contain only marginal identities passing chromosome-bootstrap, leave-one-chromosome, and sensitivity checks. Treat both as an exact pair only if ExactPairStable. The paternal identity is conditional on fTroMau1 being the only recorded male G0 candidate.",,,,,
2021cicX13611463,2021cicX13611463,fTroAst43,,sequenced_individual,F1,F1,M,2021cicX11218980,2021cicX11218977,fTroMau1,fAstCal29,2021cicX11218980,2021cicX11218977,fTroMau1,fAstCal29,father,mother,fTroMau1:1.000,fAstCal29:1.000,fTroMau1+fAstCal29:1.000,True,True,True,1.0,1.0,1.0,742936.4139803159,True,linked_reconstructed_haplotype_plus_relative_raw_rank,exact_pair_stable,0,"Parent slots contain only marginal identities passing chromosome-bootstrap, leave-one-chromosome, and sensitivity checks. Treat both as an exact pair only if ExactPairStable. The paternal identity is conditional on fTroMau1 being the only recorded male G0 candidate.",,,,,
2021cicX13611464,2021cicX13611464,fTroAst49,,sequenced_individual,F1,F1,M,2021cicX11218980,2021cicX11218977,fTroMau1,fAstCal29,2021cicX11218980,2021cicX11218977,fTroMau1,fAstCal29,father,mother,fTroMau1:1.000,fAstCal29:1.000,fTroMau1+fAstCal29:1.000,True,True,True,1.0,1.0,1.0,774928.5315063216,True,linked_reconstructed_haplotype_plus_relative_raw_rank,exact_pair_stable,0,"Parent slots contain only marginal identities passing chromosome-bootstrap, leave-one-chromosome, and sensitivity checks. Treat both as an exact pair only if ExactPairStable. The paternal identity is conditional on fTroMau1 being the only recorded male G0 candidate.",,,,,
2021cicX13611465,2021cicX13611465,fTroAst55,,sequenced_individual,F1,F1,M,2021cicX11218980,2021cicX11218977,fTroMau1,fAstCal29,2021cicX11218980,2021cicX11218977,fTroMau1,fAstCal29,father,mother,fTroMau1:1.000,fAstCal29:1.000,fTroMau1+fAstCal29:1.000,True,True,True,1.0,1.0,1.0,348064.9893190968,True,linked_reconstructed_haplotype_plus_relative_raw_rank,exact_pair_stable,0,"Parent slots contain only marginal identities passing chromosome-bootstrap, leave-one-chromosome, and sensitivity checks. Treat both as an exact pair only if ExactPairStable. The paternal identity is conditional on fTroMau1 being the only recorded male G0 candidate.",,,,,
2021cicX13611466,2021cicX13611466,fTroAst12,,sequenced_individual,F1,F1,F,2021cicX11218980,2021cicX11218978,fTroMau1,fAstCal30,2021cicX11218980,2021cicX11218978,fTroMau1,fAstCal30,father,mother,fTroMau1:1.000,fAstCal30:1.000,fTroMau1+fAstCal30:1.000,True,True,True,1.0,1.0,1.0,736395.5359774025,True,linked_reconstructed_haplotype_plus_relative_raw_rank,exact_pair_stable,0,"Parent slots contain only marginal identities passing chromosome-bootstrap, leave-one-chromosome, and sensitivity checks. Treat both as an exact pair only if ExactPairStable. The paternal identity is conditional on fTroMau1 being the only recorded male G0 candidate.",,,,,
2021cicX13611467,2021cicX13611467,fTroAst19,,sequenced_individual,F1,F1,F,2021cicX11218980,2021cicX11218979,fTroMau1,fAstCal31,2021cicX11218980,2021cicX11218979,fTroMau1,fAstCal31,father,mother,fTroMau1:1.000,fAstCal31:1.000,fTroMau1+fAstCal31:1.000,True,True,True,1.0,1.0,1.0,756767.9222523693,True,linked_reconstructed_haplotype_plus_relative_raw_rank,exact_pair_stable,0,"Parent slots contain only marginal identities passing chromosome-bootstrap, leave-one-chromosome, and sensitivity checks. Treat both as an exact pair only if ExactPairStable. The paternal identity is conditional on fTroMau1 being the only recorded male G0 candidate.",,,,,
2021cicX13611468,2021cicX13611468,fTroAst26,,sequenced_individual,F1,F1,F,2021cicX11218980,2021cicX11218979,fTroMau1,fAstCal31,2021cicX11218980,2021cicX11218979,fTroMau1,fAstCal31,father,mother,fTroMau1:1.000,fAstCal31:1.000,fTroMau1+fAstCal31:1.000,True,True,True,1.0,1.0,1.0,766972.4675828663,True,linked_reconstructed_haplotype_plus_relative_raw_rank,exact_pair_stable,0,"Parent slots contain only marginal identities passing chromosome-bootstrap, leave-one-chromosome, and sensitivity checks. Treat both as an exact pair only if ExactPairStable. The paternal identity is conditional on fTroMau1 being the only recorded male G0 candidate.",,,,,
2021cicX13611469,2021cicX13611469,fTroAst32,,sequenced_individual,F1,F1,F,2021cicX11218980,2021cicX11218979,fTroMau1,fAstCal31,2021cicX11218980,2021cicX11218979,fTroMau1,fAstCal31,father,mother,fTroMau1:1.000,fAstCal31:1.000,fTroMau1+fAstCal31:1.000,True,True,True,1.0,1.0,1.0,761239.9307659771,True,linked_reconstructed_haplotype_plus_relative_raw_rank,exact_pair_stable,0,"Parent slots contain only marginal identities passing chromosome-bootstrap, leave-one-chromosome, and sensitivity checks. Treat both as an exact pair only if ExactPairStable. The paternal identity is conditional on fTroMau1 being the only recorded male G0 candidate.",,,,,
2021cicX13611470,2021cicX13611470,fTroAst38,,sequenced_individual,F1,F1,F,2021cicX11218980,2021cicX11218978,fTroMau1,fAstCal30,2021cicX11218980,2021cicX11218978,fTroMau1,fAstCal30,father,mother,fTroMau1:1.000,fAstCal30:1.000,fTroMau1+fAstCal30:1.000,True,True,True,1.0,1.0,1.0,737368.1361286824,True,linked_reconstructed_haplotype_plus_relative_raw_rank,exact_pair_stable,0,"Parent slots contain only marginal identities passing chromosome-bootstrap, leave-one-chromosome, and sensitivity checks. Treat both as an exact pair only if ExactPairStable. The paternal identity is conditional on fTroMau1 being the only recorded male G0 candidate.",,,,,
2021cicX13611471,2021cicX13611471,fTroAst44,,sequenced_individual,F1,F1,F,2021cicX11218980,2021cicX11218979,fTroMau1,fAstCal31,2021cicX11218980,2021cicX11218979,fTroMau1,fAstCal31,father,mother,fTroMau1:1.000,fAstCal31:1.000,fTroMau1+fAstCal31:1.000,True,True,True,1.0,1.0,1.0,748417.8837821716,True,linked_reconstructed_haplotype_plus_relative_raw_rank,exact_pair_stable,0,"Parent slots contain only marginal identities passing chromosome-bootstrap, leave-one-chromosome, and sensitivity checks. Treat both as an exact pair only if ExactPairStable. The paternal identity is conditional on fTroMau1 being the only recorded male G0 candidate.",,,,,
2021cicX13611472,2021cicX13611472,fTroAst50,,sequenced_individual,F1,F1,F,2021cicX11218980,2021cicX11218979,fTroMau1,fAstCal31,2021cicX11218980,2021cicX11218979,fTroMau1,fAstCal31,father,mother,fTroMau1:1.000,fAstCal31:1.000,fTroMau1+fAstCal31:1.000,True,True,True,1.0,1.0,1.0,805389.1083814614,True,linked_reconstructed_haplotype_plus_relative_raw_rank,exact_pair_stable,0,"Parent slots contain only marginal identities passing chromosome-bootstrap, leave-one-chromosome, and sensitivity checks. Treat both as an exact pair only if ExactPairStable. The paternal identity is conditional on fTroMau1 being the only recorded male G0 candidate.",,,,,
2021cicX13611473,2021cicX13611473,fTroAst56,,sequenced_individual,F1,F1,F,2021cicX11218980,2021cicX11218979,fTroMau1,fAstCal31,2021cicX11218980,2021cicX11218979,fTroMau1,fAstCal31,father,mother,fTroMau1:1.000,fAstCal31:1.000,fTroMau1+fAstCal31:1.000,True,True,True,1.0,1.0,1.0,467116.44977973145,True,linked_reconstructed_haplotype_plus_relative_raw_rank,exact_pair_stable,0,"Parent slots contain only marginal identities passing chromosome-bootstrap, leave-one-chromosome, and sensitivity checks. Treat both as an exact pair only if ExactPairStable. The paternal identity is conditional on fTroMau1 being the only recorded male G0 candidate.",,,,,
2021cicX11218977,2021cicX11218977,fAstCal29,,sequenced_individual,G0,G0,F,,,,,,,,,,,,,,,,,,,,,,,recorded_sequenced_G0_founder,0,Recorded G0 cross founder; no parent assigned.,,,,,
2021cicX11218978,2021cicX11218978,fAstCal30,,sequenced_individual,G0,G0,F,,,,,,,,,,,,,,,,,,,,,,,recorded_sequenced_G0_founder,0,Recorded G0 cross founder; no parent assigned.,,,,,
2021cicX11218979,2021cicX11218979,fAstCal31,,sequenced_individual,G0,G0,F,,,,,,,,,,,,,,,,,,,,,,,recorded_sequenced_G0_founder,0,Recorded G0 cross founder; no parent assigned.,,,,,
2021cicX11218980,2021cicX11218980,fTroMau1,,sequenced_individual,G0,G0,M,,,,,,,,,,,,,,,,,,,,,,,recorded_sequenced_G0_founder,0,Recorded G0 cross founder; no parent assigned.,,,,,
